keyword,title,price,raw_price,rating,reviews,platform,position,delivery,product_link,thumbnail,brand,price_range,visibility_score,discount_percent,rating_category,review_category,rating_review_score,price_per_review,review_engagement,price_level,brand_visibility_score,review_density
laptop,"HP OmniBook 3 14-hz0224nr 14"" Touchscreen Copilot+ PC Notebook",549.99,,4.7,24.0,Best Buy,1.0,Free delivery by Tue,,https://encrypted-tbn2.gstatic.com/shopping?q=tbn:ANd9GcRso2XzmoXfm8nP1Dw0I0KRCeqZUlmEDFpaHyWXatZKXPSryswHsGSEHBQ-wdkkDfiJ207k1fE9_plYXiWbKTxcz3FTFsxfq2EbiKRq_yfqVpsJOdKkmYglAw,HP,Low,100.0,0.0,Excellent,Low,15.128716376880543,21.9996,15.128716376880543,Medium,470.0,0.04355795930960634
laptop,Apple MacBook Neo 13-inch A18 Pro chip,699.99,,4.8,5400.0,Target,2.0,Free delivery by Sat,,https://encrypted-tbn2.gstatic.com/shopping?q=tbn:ANd9GcRw_Xws3rDTjQjvXQBKh8kOqavvLNYZZLjPys9Y0hjg7RZE1rtWagKa_aOsZjyx6-WwWB69Cyu1xTtCfpIvBNTTYBiRqrpF,Apple,Low,99.0,0.0,Excellent,High,41.25282912284588,0.12960377707831883,41.25282912284588,Medium,475.2,7.703390918558039
laptop,"HP Stream 14"" HD Laptop Intel Celeron N4120 4GB RAM 64GB eMMC",259.99,,3.6,2100.0,Walmart,3.0,Free delivery,,https://encrypted-tbn3.gstatic.com/shopping?q=tbn:ANd9GcRBMncZv4EPthq3mRZdPWikO_kl69ZuDoslw7GnrbOCRhwp8p44sLKPBTOo9r5zGKhTcfzKgHRBxnDH7Ieia3-9wHx8_okMTK5CcQTMLp6zYKSdvLoXj_-T,HP,Low,98.0,0.0,Average,Medium,27.540607323042003,0.12374583531651595,27.540607323042003,Low,352.8,8.046285298287291
laptop,"New Lenovo Ideapad Slim 3 15itn9 15.6"" N150 1.0ghz 8GB RAM 128GB SSD",349.99,,4.7,19.0,Best Buy,4.0,Free delivery by Tue,,https://encrypted-tbn0.gstatic.com/shopping?q=tbn:ANd9GcRx5MZNhvv4IbOLqT1AdA569Yg8sHtskKP2OAydnSE_E7_nPyRdPlj5O-jZBTJGsPATFr0TQavj8SxIa3nvUQDVx3kAIqMsJFtwS-HHuSdMaQrDaUJCunpu,New,Low,97.0,0.0,Excellent,Low,14.079941685703757,17.4995,14.079941685703757,Low,455.90000000000003,0.05413259637026696
laptop,Dell Pro Max 18 Plus MB18250,3999.95,,4.6,34.0,B&H Used Store,5.0,Free delivery by Thu,,https://encrypted-tbn0.gstatic.com/shopping?q=tbn:ANd9GcRDZFg-s5zSnBjz68kEk673XHVGzSH1IxaMhiHckU3jNF1Fm8pLlhbf47-_paBCWVTu6yA3trW-WUAsfet1h-iEXGBq1lpy3ivNu0_b7x7wSF0m-P1HuSyG,Dell,Low,96.0,0.0,Excellent,Low,16.3546010828513,114.28428571428572,16.3546010828513,Very High,441.59999999999997,0.008497981729339282
laptop,13-inch Apple MacBook Air M5,1299.0,,4.9,3000.0,Apple,6.0,Free next-day delivery,,https://encrypted-tbn0.gstatic.com/shopping?q=tbn:ANd9GcQaSPCPKjfd5fxemASu33ZGWOGJSCFsKwUDM7IBYVKKtKDNDq_dB2Zf3Hi3Pw3ouKiSTAXdlxXYTNqOSxV_22CgQI0Lbi24G5Od-RIN9Xhc-4cJUx9V8Kk,13-inch,Low,95.0,0.0,Excellent,High,39.2328341426578,0.43285571476174606,39.2328341426578,Medium,465.50000000000006,2.3076923076923075
laptop,"HP 14-dq6101dx 14"" Laptop Intel Core N150 4GB RAM",249.99,,4.4,136.0,Walmart - Techzone,7.0,Free delivery,,https://encrypted-tbn0.gstatic.com/shopping?q=tbn:ANd9GcRM0xDtycgtcawEB2vVog_17zj-3lCN-zw9WgBzCuiH064snvE-9NaZdOtVM9nm7kmffOtXVA-BIkEnD1Xr84iae75I8V1P0Tv4nrvmQbT_CS2lFbSOCdJH,HP,Low,94.0,0.0,Good,Low,21.647916073643753,1.8247445255474453,21.647916073643753,Low,413.6,0.5418542571417188
laptop,"Lenovo IdeaPad Slim 3 Chromebook 14"" 2K Touchscreen Laptop",264.72,,4.5,64.0,Best Buy,8.0,Unknown,,https://encrypted-tbn1.gstatic.com/shopping?q=tbn:ANd9GcQvQb4eJibn_kgzlr37l5u_OQTKUREE6RJTHNGd730rgyxvgu0S2ybiKaGkoE6tz7JCYf7NDHYeorqzpkugRlWtzaQZIx1_AlgAiINIv-5R9ImsUM4w3mg9AA,Lenovo,Low,93.0,0.0,Excellent,Low,18.784742714530367,4.072615384615385,18.784742714530367,Low,418.5,0.2408550353755833
laptop,Razer Blade 18 Ultra-thin 18-inch gaming laptop Dual UHD+ 240 Hz,3499.99,,4.5,0.0,Razer.Com,9.0,Free delivery,,https://encrypted-tbn1.gstatic.com/shopping?q=tbn:ANd9GcTOnrZrAo3OXIf8P53oSe8DBCBFHC4wLMbL_PzDxYx-g1W3FHXofHYOsHpAkxbInThWPbCWbHtZ1GiAgshtw78_huv48ap55g,Razer,Low,92.0,0.0,Excellent,No Reviews,0.0,3499.99,0.0,Very High,414.0,0.0
laptop,MSI Raider 18 HX AI A2XWIG-014US Gaming Laptop,3399.0,,5.0,2.0,Excaliberpc.Com,10.0,Unknown,,https://encrypted-tbn0.gstatic.com/shopping?q=tbn:ANd9GcTA4M5DbaR96f7EkC_d1gVegfQqS5F05y0Oo2KygSMJodH9Lm3LLJVDr4fJ7P1FATqm9ru_ZI0_mq9iyKri4oJzjMQ5roDLKQ,MSI,Low,91.0,0.0,Excellent,Low,5.493061443340549,1133.0,5.493061443340549,Very High,455.0,0.000588235294117647
laptop,Thunderobot Zero 18 Traditional Laptop Intel Core Ultra 9 Ram Nvidia GeForce Rtx 5070 Ti,2679.0,,4.5,0.0,Newegg.Com - De Electronics,11.0,Free delivery,,https://encrypted-tbn3.gstatic.com/shopping?q=tbn:ANd9GcTcVjauHdLUUQ63QbNELXKUAJCQB_FP6Hr0uTvQRFOxY_W_Z_A82KFI0PLkzJVGqX-wGtjP37GgY8OJo5aCVWUkoGz9HQykNA2cZli3c4oTLTPa9FhMU02HKw,Thunderobot,Low,90.0,0.0,Excellent,No Reviews,0.0,2679.0,0.0,High,405.0,0.0
laptop,"ASUS ROG Zephyrus G16 16"" 2.5K OLED 240Hz Gaming Laptop Intel Core Ultra 9 285H",2149.99,,4.6,252.0,Best Buy,12.0,Free delivery by Fri,,https://encrypted-tbn0.gstatic.com/shopping?q=tbn:ANd9GcRIviNFnhwKBTGJL6ZlWcJhS6unFXPGleBmzVFDJKJUXbmO-I_mQfO7PxBCGtwO0mBC-We6zDvS8qS6K-zwRir_HdFEsv8TtqkXOx_c45OSpiUKnCJjDPai8g,ASUS,Low,89.0,0.0,Excellent,Low,25.453591648146592,8.497984189723319,25.453591648146592,High,409.4,0.11715535637078742
laptop,IdeaPad Slim 3,360.52,,4.5,0.0,Lenovo.Com,13.0,Free delivery,,https://encrypted-tbn3.gstatic.com/shopping?q=tbn:ANd9GcQCW4vX1Ov1R7-atJIGti1QJDgi7LWdfXjosXqZ8lXmvMnSwzDanBTQoddp0VA7Hay7gd2ldyM1DVk3_rmWS0oBi0NMFAtU,IdeaPad,Low,88.0,0.0,Excellent,No Reviews,0.0,360.52,0.0,Low,396.0,0.0
laptop,"Microsoft Surface Pro Copilot+ PC 13"" Snapdragon X Elite",1399.99,,4.5,747.0,Microsoft Store,14.0,Free delivery by Thu,,https://encrypted-tbn1.gstatic.com/shopping?q=tbn:ANd9GcQh66fWVuRzqQi3umv44KcFstdMlfGYjygt8X5seqjv4BVDawqRUTT5VxMkd04JnYsx87ET5dP76NK2h93o3Jk0Yt7v2s7T,Microsoft,Low,87.0,0.0,Excellent,Low,29.77831340088515,1.871644385026738,29.77831340088515,Medium,391.5,0.5331943839713346
laptop,"Asus 14"" Laptop 14"" FHD Display Intel Celeron N4500 4GB Memory",198.55,,3.5,16.0,Walmart - Hooray Store,15.0,Free delivery,,https://encrypted-tbn0.gstatic.com/shopping?q=tbn:ANd9GcQzpT4NLDd0QtwRIZ0CnXwH0pPVRwgs2pkBgYOdg4RSuIO1WUereM3eqTYJoXcdKXROimH306dTBdpYL7usBsgrhq9Op69vHb7K4Y-4k3Bz8Ng2dJQ24Z3m,Asus,Low,86.0,0.0,Average,Low,9.916246704196757,11.679411764705883,9.916246704196757,Low,301.0,0.08018040591330493
laptop,NIMO 17.3' AI Laptop AMD Ryzen AI 9 HX 370 Radeon 890M,1399.99,,4.2,64.0,Nimo,16.0,Free delivery,,https://encrypted-tbn1.gstatic.com/shopping?q=tbn:ANd9GcRdix9t7Rr5X5pj6AlTgbx4Kq4jDhZGsSmeOIu2ykJTwMQ5-xNTPCGLhApIB4CFzW35v78Vi0cDuTB0YfLCbRCbslLcVkP913mQ8NdkO9OpARIBDAI9hjU,NIMO,Low,85.0,0.0,Good,Low,17.532426533561676,21.538307692307693,17.532426533561676,Medium,357.0,0.045681982026995194
laptop,Hp 15.6 inch Win 11 Laptop Intel Processor N200 4GB RAM 128gb UFS,295.0,,3.7,370.0,Best Buy,17.0,Unknown,,https://encrypted-tbn1.gstatic.com/shopping?q=tbn:ANd9GcTwkCm2pMTb8lrLC3dNqpa5dqREY2hszVIXXYnHFJ5BKGg1it2IXOoZ3zDYmGDowXvPyInG-NVPa-t6Xz-1dB8gavZbwLBR5W_v3CoW6xhUO6hW0jZ0HdLSXno,Hp,Low,84.0,0.0,Average,Low,21.88994763164751,0.7951482479784366,21.88994763164751,Low,310.8,1.25
laptop,Dell Pro Max 16 MC16250,1870.76,,3.7,54.0,B&H Photo-Video-Audio,18.0,Free delivery by Wed,,https://encrypted-tbn0.gstatic.com/shopping?q=tbn:ANd9GcR_WQX7DGwcsC7Jd17DD4TmG88JsT6jSmb-dwadx16WkfH1kM3dQSOI2fjBjcmov6-Kt9LLZN-p4e3OoBwOpI3tHkQrudwdVDHODSZsD6zb,Dell,Low,83.0,0.0,Average,Low,14.827132785360144,34.01381818181818,14.827132785360144,High,307.1,0.028849852545198104
laptop,Razer Blade 16 Ultra-thin 16-inch AMD gaming laptop,2399.99,,4.5,0.0,Razer.Com,19.0,Free delivery,,https://encrypted-tbn2.gstatic.com/shopping?q=tbn:ANd9GcR7u3FoGPzXh6i4S-_7ajkR-nghFTxdyQ2m7-qpTVgrheWNiNVwDbWYuDo4pASpv5knT3-mF5w1aacXhOwzVRT91MfRunDDhw,Razer,Low,82.0,0.0,Excellent,No Reviews,0.0,2399.99,0.0,High,369.0,0.0
laptop,15-inch Apple MacBook Air M5,1499.0,,4.9,1500.0,Apple,20.0,Free next-day delivery,,https://encrypted-tbn0.gstatic.com/shopping?q=tbn:ANd9GcRf-IZd7Q3G21C49Hi3bxuRy31eCnsLnVWkKX3xJ7SUIU3UTmDOVTKfY7-8ljBrV5nANFH5bnKk0jglzlj4rMBka-QhV02cfh8mcmsCPytX6_daVzOhMVhSgw,15-inch,Low,81.0,0.0,Excellent,Medium,35.838045475003966,0.9986675549633578,35.838045475003966,Medium,396.90000000000003,1.0
laptop,Lenovo IdeaPad 3i 3 Chromebook,179.99,,4.5,1100.0,Best Buy,21.0,Free delivery,,https://encrypted-tbn1.gstatic.com/shopping?q=tbn:ANd9GcRPQXbJ1Y-Yg2uk55PvW1LkRe__cQv5qYG8TXaYxzWWbE1uxfr_qFaE8TWaWcGGS5jlmQu6vrGrXDAVNPekWpEZZIzG3H_U2keStOxvVzskgo39o2V5svmp,Lenovo,Low,80.0,0.0,Excellent,Medium,31.51788361525206,0.1634786557674841,31.51788361525206,Low,360.0,6.07768384993646
laptop,Hp Chromebook 14A-nf0131,229.0,,4.1,1300.0,Walmart - Daily Spirit Deals,22.0,Free delivery,,https://encrypted-tbn1.gstatic.com/shopping?q=tbn:ANd9GcTY5ciqpipeAZz_ZIuXglBX1woXMD-EnWvJig4QQ-w7jY9YxYbxcEN6pv4ZWdLOfKQe5Se53ucCf06Y5znIMp4sxiJaj-ZZHPvvY3pUCoXyDuUKMxmFxUuX,Hp,Low,79.0,0.0,Good,Medium,29.400642761901267,0.1760184473481937,29.400642761901267,Low,323.9,5.6521739130434785
laptop,Laptop,10.99,,4.5,0.0,Fab By Epic Games,23.0,Unknown,,https://encrypted-tbn2.gstatic.com/shopping?q=tbn:ANd9GcQ8kgeOYZF-wPdbkKcd1d6bkJd3GbTz8uZUdEga20ePevc0u-sMX2CyjiPTKD3B2_6yTm0Oag51j3Dyt89XBrdq4MKH-WuH_gf0ETWA0-xJq6DLR47cPGHa,Laptop,Low,78.0,0.0,Excellent,No Reviews,0.0,10.99,0.0,Low,351.0,0.0
laptop,GeekBook M16 Laptop Intel Ultra,747.12,,4.4,93.0,Geekompc.Com,24.0,Free delivery by Fri,,https://encrypted-tbn0.gstatic.com/shopping?q=tbn:ANd9GcRwSHImsT_zn05NVEN2HoEPOwwoZz5GAw4Xrkn82doFfX_5ds-UGqwEqOJC2Bcn7kwaZNvfAWjRGyG4fsjIm1bkSMY6MRup8fyIG7qA_KUCn7gbmuPqeTxmuA,GeekBook,Low,77.0,0.0,Good,Low,19.990497041988018,7.948085106382979,19.990497041988018,Medium,338.8,0.12431160776346041
laptop,"Skytech Gaming Rage 16"" Gaming Laptop",1398.93,,4.5,0.0,Lowe'S,25.0,Free delivery by Thu,,https://encrypted-tbn0.gstatic.com/shopping?q=tbn:ANd9GcTKtLJnj8GYB2LBcRsnN9xPdqjgj4ZBJTNPeS39n5mEJNS7c6qrdjAiB1vQ1oSM1mJ4_9ODdXDQJFYVaw66R9EAHRX1ZuCJkX5fNFO_YYjzbrohcQIgxxMpSg,Skytech,Low,76.0,0.0,Excellent,No Reviews,0.0,1398.93,0.0,Medium,342.0,0.0
laptop,Acer Nitro V 16S AI Gaming Laptop AMD Ryzen 7 260 Processor,1495.0,,5.0,2.0,Best Buy,26.0,Unknown,,https://encrypted-tbn1.gstatic.com/shopping?q=tbn:ANd9GcQm7s9-KTzPeZ4iGiC-0RSqZlZg3PKTqHeMRLYje2-fezT3m64f5Xxz_5BBk5Atlfx8ILA5Ri5D9GWKki6yMBPZaeDNC-pOTvyJVRUUsw8cKD77UAAxQlJM,Acer,Low,75.0,0.0,Excellent,Low,5.493061443340549,498.3333333333333,5.493061443340549,Medium,375.0,0.001336898395721925
laptop,"Asus Chromebook Cx15 Laptop 15.6"" FHD Display Intel Processor N50",229.0,,4.0,190.0,Walmart - Twine,27.0,Free delivery,,https://encrypted-tbn3.gstatic.com/shopping?q=tbn:ANd9GcSW0vKyIizou6tJ6FKbFMKdb9jwbcbK-6HxjJ4QF_r5ftOq2BraUFCkVDVG-jXVqsPcdvBWdJZaSMHCMsw9-iNp6oX2qERtop-S6eaJ9HUfX6eLoGT29Im_FQ,Asus,Low,74.0,0.0,Good,Low,21.00909371218652,1.198952879581152,21.00909371218652,Low,296.0,0.8260869565217391
laptop,"Microsoft Surface Pro 13"" Snapdragon X2 Plus",1649.99,,4.7,32.0,Newegg.Com,28.0,Free delivery,,https://encrypted-tbn2.gstatic.com/shopping?q=tbn:ANd9GcSX5gW5k2HrM0JdJ9wrz-bkTAij_AEQv3psFPG-rQvIlOkoCQ3jebFGbibtbBrkBnQaOdBBQwWtAjk07w4tLU605ZFlg4KEYOr5KrEvdeS2o7wB3wIo7Db4DsU4,Microsoft,Low,73.0,0.0,Excellent,Low,16.43358553889246,49.99969696969697,16.43358553889246,High,343.1,0.019382310007934632
laptop,Dell XPS 14 Laptop w/ Windows 11 OS & Intel Core Ultra,1939.99,,3.9,158.0,Dell,29.0,Free delivery,,https://encrypted-tbn1.gstatic.com/shopping?q=tbn:ANd9GcRblOs8dYxCNicJ862viBM9QSHqQVKtcZbnsT-1OhL3Z-I_GNLyN_b5pn301CIMKslHSgcxDGmWL5D0xcw-xPRrKQW2lpxWNysy_dS4-3l0XPli4AxDm8ek,Dell,Low,72.0,0.0,Average,Low,19.7687263886589,12.201194968553459,19.7687263886589,High,280.8,0.08140175889623337
laptop,"ASUS ROG Strix G16 G615JMR-DS94 16"" Gaming Laptop Intel Core i9-14900HX",1999.99,,5.0,9.0,Best Buy,30.0,Free delivery by Sat,,https://encrypted-tbn0.gstatic.com/shopping?q=tbn:ANd9GcTXxwGx42M97S8q8NAZSOSqg9aNrhWmy3O5x-hvpLpLrNMO6GBFRb5hCsMISDX0lO7QPsUhb7UL6H8iQcEfDa0O0-P42mq5XgEQ34kodltes9RNPFGO7Y_IRw,ASUS,Low,71.0,0.0,Excellent,Low,11.51292546497023,199.999,11.51292546497023,High,355.0,0.004497773602066977
laptop,"Microsoft Surface Laptop 13.8"" 2K Touchscreen Snapdragon X2 Elite 2026",1399.99,,4.8,39.0,Microsoft Store,31.0,Free delivery by Thu,,https://encrypted-tbn2.gstatic.com/shopping?q=tbn:ANd9GcRJwWNfbEq3j6-cE2As-V_X_wTbWvlNMH_AZtCqxp-0JHKNUEWQMEyFacC4AtnU2vKot6KNabCI_WhUWZTo7Rx6wYlO6cOv,Microsoft,Low,70.0,0.0,Excellent,Low,17.706621379746892,34.99975,17.706621379746892,Medium,336.0,0.027837457797700197
laptop,HP 14 Touch-Screen Laptop Intel Core i3,299.99,,2.7,6.0,Walmart - Smartisan Tech,32.0,Free delivery,,https://encrypted-tbn0.gstatic.com/shopping?q=tbn:ANd9GcQ59H-xIVZW8mrH0Gt2B2VU_v0VBlvgyvdvEgw7MVDzxIuyESfO3U70BmOrPIqjKuS6g77vWRqkFhWp7ol5Yp7q9IJcV8VmeV7RKw8l5CA,HP,Low,69.0,0.0,Poor,Low,5.2539574024493465,42.855714285714285,5.2539574024493465,Low,186.3,0.01993421708362404
laptop,Dell Pro Max 14 MC14250,2352.1,,4.0,79.0,B&H Photo-Video-Audio,33.0,Free delivery by Wed,,https://encrypted-tbn0.gstatic.com/shopping?q=tbn:ANd9GcSNNW3bFkSAt6lKiI5Wf7_yoA26VXqNH6o_bS3cLlRQmZDaRj0mb47jnbskau2vY7Oo6PDRavfAOWX7T82_R2Z4tfEVFUKikyq_qBUrCo7C,Dell,Low,68.0,0.0,Good,Low,17.528106538695525,29.401249999999997,17.528106538695525,High,272.0,0.03357273384046577
laptop,"HP OmniBook 3 Laptop AI 16t-bw000 16"" AMD Ryzen 5",649.99,,3.9,30.0,Hp,34.0,Free delivery,,https://encrypted-tbn1.gstatic.com/shopping?q=tbn:ANd9GcTq0IjUAJ9vnh6hWNoYJ3QCw0wUWTvAWvundFZqjJIwTeh3t7u7C3mRtUmcABV2pW2xCnn-69_c3u_8gwmTJC6a0kqhAonP,HP,Low,67.0,0.0,Average,Low,13.39255009749207,20.96741935483871,13.39255009749207,Medium,261.3,0.046083657199035316
laptop,"Samsung - Galaxy Chromebook Go - 14"" LED Laptop - Intel Celeron- 4GB Memory - 128GB + 128GB SD Card - Silver",329.99,,4.5,0.0,Best Buy,35.0,Unknown,,https://encrypted-tbn3.gstatic.com/shopping?q=tbn:ANd9GcRmVe4FBJkUI02t7--gwSAGwEzUTVL_ISBcBS14yk1vJ24z0gOqIDVDJBe0iHEW8RhprAwkKH79NBqJJfbpdYmGPcjS3LOjMJHjpVwSg66aHUW2uIQPZUQKOA,Samsung,Low,66.0,0.0,Excellent,No Reviews,0.0,329.99,0.0,Low,297.0,0.0
laptop,ASUS ROG Strix Scar 16 16inch U9 RTX 5090 Black Gaming Laptop,5905.0,,4.5,0.0,Selfridges.Com,36.0,Unknown,,https://encrypted-tbn1.gstatic.com/shopping?q=tbn:ANd9GcSwVUnSqEa6jDZLluZEGWtFD0DOWXE-znala7pI1OgY8bAQTR603ts-_tBvLHgnoVPhIIhN6NGZsZYp8Qq4ql-WdOmXJvnnC5V-mc-kYsCEHQw6cE684jvD,ASUS,Low,65.0,0.0,Excellent,No Reviews,0.0,5905.0,0.0,Very High,292.5,0.0
laptop,"Lenovo IdeaPad Slim 3 15IAN8 15.6"" Laptop Intel Core i3-N305 82xb008lus",349.0,,4.5,2200.0,Walmart - Deal Catcher,37.0,Free delivery,,https://encrypted-tbn2.gstatic.com/shopping?q=tbn:ANd9GcTjkugFaWa6VP56AtaVY0vs5JDAHVskTtfQLvfjbTExq32z6kEljn2fR2eEN5x44lnvdSCi3n2xN8NEPWfFv3k5EIKPdqhXfF6syt2akeU,Lenovo,Low,64.0,0.0,Excellent,Medium,34.635001866869075,0.15856428895956384,34.635001866869075,Low,288.0,6.285714285714286
laptop,"ASUS 15.6"" Vivobook 15 Touchscreen Laptop Intel Core-i7 1355U",699.99,,4.5,0.0,Electronic Express,38.0,Free delivery,,https://encrypted-tbn3.gstatic.com/shopping?q=tbn:ANd9GcT3PV1xMfHBsVgSFKI2ZqGYUp5i_XZOqdfiAS_Jw4zS7eaAoOGZayvo2iiEMb6XTsHrJPCZQ27f5yVvSlVaBX0kpfx2rqpib0zKGHr1_lGLyIUCn2YJ2on_,ASUS,Low,63.0,0.0,Excellent,No Reviews,0.0,699.99,0.0,Medium,283.5,0.0
laptop,Lenovo Chromebook m MediaTek Kompanio 540 64 GB UFS 2.2 83t0s0a,299.0,,4.5,0.0,Best Buy,39.0,Free delivery by Tue,,https://encrypted-tbn1.gstatic.com/shopping?q=tbn:ANd9GcQvQb4eJibn_kgzlr37l5u_OQTKUREE6RJTHNGd730rgyxvgu0S2ybiKaGkoE6tz7JCYf7NDHYeorqzpkugRlWtzaQZIx1_AlgAiINIv-5R9ImsUM4w3mg9AA,Lenovo,Low,62.0,0.0,Excellent,No Reviews,0.0,299.0,0.0,Low,279.0,0.0
laptop,"NIMO 15.6"" Laptop AMD Ryzen 7 8745HS 32GB DDR5 RAM 1TB SSD Radeon 780M",729.99,,4.2,6.0,Nimo,40.0,Free delivery,,https://encrypted-tbn1.gstatic.com/shopping?q=tbn:ANd9GcQ63fE35me-Hwoo4e1MMsymXFXpUjpvKVPOAsabOtHT97ogqM-kvHVIl_r8daCIceYo2EbqK-p-lv9QWY1Ws_4_ur5LIUAzVzGUmMXd02LV0e-E-rny-d3B,NIMO,Low,61.0,0.0,Good,Low,8.172822626032316,104.28428571428572,8.172822626032316,Medium,256.2,0.008208046621704811
office chair ergonomic,Kerdom Ergonomic Office Chair High Back Adjustable Computer Desk Chair with Lumbar Support,89.99,,4.6,25.0,Best Buy,1.0,Unknown,,https://encrypted-tbn3.gstatic.com/shopping?q=tbn:ANd9GcQ3pXHswmg1I3UBr7k-JNJUXEWZOzTee-LKRYnwaqZO8XvWxk1ltTq__6bmalff2roQUlvg6rFbj5sbB_eJ226gQOe66GpSSPd68oBHkcSkiO_2GuYhdpfh,Kerdom,Low,100.0,0.0,Excellent,Low,14.987244074898816,3.461153846153846,14.987244074898816,Low,459.99999999999994,0.2747554676338059
office chair ergonomic,Casabay Ergonomic Office Chair High-Back Mesh Desk Chairs with Flip-up Armrest Adjustable Headrests,49.99,,4.3,14.0,Walmart - Casabay,2.0,Unknown,,https://encrypted-tbn1.gstatic.com/shopping?q=tbn:ANd9GcSzhInBrqMpjPmf8gZ_5Toegj9uSXZvLnwcu2Tc98lXNk9muy5ZSwSBQgYiLblVvqdfdC-Sg04sPoDZprplQ9KlDC7FWxrPBU60KD9gMHc,Casabay,Low,99.0,0.0,Good,Low,11.644615864739503,3.332666666666667,11.644615864739503,Low,425.7,0.2745636399293979
office chair ergonomic,FlexiSpot C7 Best Ergonomic Office Chair with Footrest|Adjustable Armrest Headrest Self-Adaptive Lumbar Support Perfect for Long Time Sitting Comfort,319.99,,4.2,430.0,Flexispot.Com,3.0,Free delivery by Thu,,https://encrypted-tbn3.gstatic.com/shopping?q=tbn:ANd9GcSYFuSV1tM5fZ9JIOJyJlOWac79opmkNd-CUZL_o11fbBIxG5e1UdzVuVUn3lzBAeaZBFTNsTNR5N2mN223Fm1sW0BXFZuNSE02pmR4btjD250YTVClQO4fAA,FlexiSpot,Low,98.0,0.0,Good,Low,25.47765397843574,0.7424361948955917,25.47765397843574,Low,411.6,1.3396055951898813
office chair ergonomic,Union Scale FlexFit Dexley Mesh Task Chair,169.99,,4.5,24.0,Staples,4.0,Free delivery by Tue,,https://encrypted-tbn0.gstatic.com/shopping?q=tbn:ANd9GcQETsIia4PgitmNhBnvzFQG8m28xWEU4y6wU_8q2IRxbI1dLourE-zoSzP4ogzW3lAibzEQKjgLtfg0BVPpv6PzeF27bRmBOd8INEnrJft-Xa8pNaaa_bsb,Union,Low,97.0,0.0,Excellent,Low,14.484941211906902,6.799600000000001,14.484941211906902,Low,436.5,0.14035908532662728
office chair ergonomic,Sihoo B100 Ergonomic Office Chair With Flip-Up Armrest,159.99,,4.3,76.0,Best Buy,5.0,Unknown,,https://encrypted-tbn3.gstatic.com/shopping?q=tbn:ANd9GcTMcYE9NUvcLRaytKvmvboZndzDQyFxWTFD0PG8XaFRUNiuMqSc_baeB3xoxBz_D_YI3ia4OTH_FAU9nJdGvEvKI_BCFHuuSG8MQEM1qy57cLavgNNiNQja,Sihoo,Low,96.0,0.0,Good,Low,18.67836331397084,2.077792207792208,18.67836331397084,Low,412.79999999999995,0.472079011118703
office chair ergonomic,"HBADA E3 Air Ergonomic Office Chair, Elastic Lumbar Support 3D Adjustable Headrest and armrest",449.0,,5.0,612.0,Hbada.Com,6.0,Free delivery,,https://encrypted-tbn2.gstatic.com/shopping?q=tbn:ANd9GcTb7KdAavZC2I5PyiiHEL_LxC8R8dXfko2voclNPV3id_h_7DRfoSmabPwGhya34ovGimQTPAP9HdJvlwqCLNejen3akDOQOfSXzVsYMtrePv_5LyJzybeFDg,HBADA,Low,95.0,0.0,Excellent,Low,32.09182467968106,0.732463295269168,32.09182467968106,Low,475.0,1.36
office chair ergonomic,Hinomi H2 Pro Ergonomic Office Chair with Optional Leg Rest Leg Rest,759.0,,4.8,1500.0,Hinomi Us,7.0,Free delivery by Wed,,https://encrypted-tbn2.gstatic.com/shopping?q=tbn:ANd9GcSyGqBwwCcO5whUQk38cgi87Mr634F77b09JuKZ0uWw4ZV5hppEy4VdfCtsRtmxZjIPXrMIQrmltbLwavz7sYb1GEzzxdnmi17Vop_h1_wLQHrTPgP-a_FH,Hinomi,Low,94.0,0.0,Excellent,Medium,35.106656791840614,0.5056628914057295,35.106656791840614,Medium,451.2,1.9736842105263157
office chair ergonomic,Ergonomic Office Chair Green Mesh Adjustable Tilt Full Back Support Breathable Modern Office Sunaofe,199.99,,4.3,142.0,Sunaofe,8.0,Free delivery by Fri,,https://encrypted-tbn0.gstatic.com/shopping?q=tbn:ANd9GcS5QIFlJQAhuDyyKY_c6478hBIswn5cEVeb3z11xcg4uSnkzhzQpJ8HeDaPmq41uro25T53EhFCPIzjtLcxEWKG6ldQzavUBm2nG2BpL8o6ANO39lRU3Jd1eA,Ergonomic,Low,93.0,0.0,Good,Low,21.3402319101176,1.3985314685314687,21.3402319101176,Low,399.9,0.7065028110851286
office chair ergonomic,Ergonomic Mesh Computer Office Desk Midback Task Chair w/Metal Base,44.99,,3.8,1700.0,"Walmart - Factory Direct Wholesales, Llc",9.0,Free delivery,,https://encrypted-tbn1.gstatic.com/shopping?q=tbn:ANd9GcSOJ-GOu0CyosMGsrF-tGSVJM4xPmdLC007NPVbyCqWxdPW4zUP8PYX-wspU9QiPqpx-pcV-YIZX3dGT-GKJi7PtrsH7ov8vxAJ0LX4v0_4oq-kEZm1KCYW,Ergonomic,Low,92.0,0.0,Average,Medium,28.268092051104272,0.026449147560258672,28.268092051104272,Low,349.59999999999997,36.964557512502715
office chair ergonomic,FlexiSpot C7 Best Ergonomic Office Chair with Footrest Self-Adaptive & Adjustable Lumbar Support Perfect for Long Time Sitting Comfort |Ready to ship,319.99,,4.2,430.0,Flexispot.Com,10.0,Free delivery by Thu,,https://encrypted-tbn1.gstatic.com/shopping?q=tbn:ANd9GcS2uy3dX8zw-Xo0adh2hvG0YEmjs8EFxZFDCaOZVUG_egG15QMHeKltg_O9IdxaFw5Y-LwaaIkMa9QhPtF49cy3qA73ABUSuv5iiHr6gEDkAkgPHNivdyzk,FlexiSpot,Low,91.0,0.0,Good,Low,25.47765397843574,0.7424361948955917,25.47765397843574,Low,382.2,1.3396055951898813
office chair ergonomic,Embody Chair Herman Miller,1650.0,,4.4,1200.0,Herman Miller,11.0,Unknown,,https://encrypted-tbn2.gstatic.com/shopping?q=tbn:ANd9GcTPSf_qOO_BR62GeOygG9b0P7v-ENFwdeOBNrC9MUgJjf0AN_TIjRs2Abv_RA4cfvARd319QChRRSaNqMTrT8IlehLd9FJDs6P97D1m9p-_yK08W4kk8Pyyug,Embody,Low,90.0,0.0,Good,Medium,31.20000321715193,1.3738551207327228,31.20000321715193,High,396.00000000000006,0.726832222895215
office chair ergonomic,Costway Ergonomic Mesh Office Chair with Footrest and Tilting Backrest,99.99,,4.4,35.0,Best Buy,12.0,Unknown,,https://encrypted-tbn3.gstatic.com/shopping?q=tbn:ANd9GcTG23rE6UNNvOaT31ILYoO78E8qYMPr1PXMd4T1TOk58fNZYB_ttRm8X_jZj9b5oSHJIpgZJvxabS3iECkGvpK_CFhmikyl9nPHHdOUEOa38bttrwqvnQtZ,Costway,Low,89.0,0.0,Good,Low,15.767483329206884,2.7775,15.767483329206884,Low,391.6,0.34656896722447766
office chair ergonomic,Nouhaus Ergo3D Office Chair Ergonomic Mesh Chair with Adjustable Armrest,296.99,,4.3,449.0,Nouhaus,13.0,Free delivery,,https://encrypted-tbn0.gstatic.com/shopping?q=tbn:ANd9GcROO2chvg1d453DXcKAnY5n-KpXHScmLjuTqSIld6IjD3LVs99eyXdbEdOY9zteD_wAzKSlEnkMWrpNszn_cRhMnUoHfOkFW4xLU5IxrwY,Nouhaus,Low,88.0,0.0,Good,Low,26.26976460588677,0.6599777777777778,26.26976460588677,Low,378.4,1.506761971878251
office chair ergonomic,Eureka Ergonomic Mathias Napa Executive Leather Chair,679.0,,4.6,292.0,Eureka Ergonomic,14.0,Free delivery,,https://encrypted-tbn2.gstatic.com/shopping?q=tbn:ANd9GcSnTiBnljvXkbNGVgEyO9HADfqOxg7tY5Gy9zsKxCjwro68Hw5oHGdMZpzhxZysSms2zg17eZXqVGk_I7kx6BWr-g4kZ3fYiKjk5ovyTBQ1,Eureka,Low,87.0,0.0,Excellent,Low,26.12879400147851,2.31740614334471,26.12879400147851,Medium,400.2,0.4294117647058823
office chair ergonomic,Branch Ergonomic Chair A Versatile Desk Chair with Adjustable Lumbar Support,315.09,,4.4,7800.0,Branch,15.0,Free delivery,,https://encrypted-tbn2.gstatic.com/shopping?q=tbn:ANd9GcRuvyvK9OgiCA3v9fOyfLbTQloE5Ec8uhWRzPghcn8HBRjVbXHzOIKLOuUHTpA-hZmziYIpYKLDg_I1RHgzbvw-ZJfNjfGQWS7ABu5eaxnCpej3PXIe3cHT,Branch,Low,86.0,0.0,Good,High,39.43283172218858,0.040390975515959486,39.43283172218858,Low,378.40000000000003,24.676516182100038
office chair ergonomic,FlexiSpot OC3 Ergonomic Office Chair – Affordable & Fully Adjustable with lumbar support,149.99,,4.8,511.0,Flexispot.Com,16.0,Free delivery by Thu,,https://encrypted-tbn3.gstatic.com/shopping?q=tbn:ANd9GcQacbibFFPX_wML8Ek6xGMGawkEdKKr154MziilT8SHYviPxCvR6V54WE1xKkfatUFK2Pc2muZzcqw4UiLI1ekhFEB4Tpiq6qQTkkxcu_eaCR_9dcATpOM0gQ,FlexiSpot,Low,85.0,0.0,Excellent,Low,29.943958200189634,0.29294921875,29.943958200189634,Low,408.0,3.3843300880853033
office chair ergonomic,Brick Attic 500LBS Plus Ergonomic Office Chair with Footrest Wide Cross Legged Executive Chair with Reversible Armrests,199.99,,3.7,3.0,Best Buy,17.0,Unknown,,https://encrypted-tbn3.gstatic.com/shopping?q=tbn:ANd9GcQ88jFgKoO16fcc2ucEO4qFo5_M0hzE_xl86NiYPeLQL0eWmr3ySpz0LW4KrqXh3MjibjiSLGAC2rFlYCEff50cBu-z746DLOPnaNl6fdA,Brick,Low,84.0,0.0,Average,Low,5.129289136143595,49.9975,5.129289136143595,Low,310.8,0.014926115727150604
office chair ergonomic,Staples Hyken Ergonomic Mesh Swivel Task Chair,154.99,,4.5,16.0,Staples,18.0,Free delivery by Tue,,https://encrypted-tbn0.gstatic.com/shopping?q=tbn:ANd9GcT3dxiFzieZheUuHg62Qxtzrmch2YzpDOPL0az-v5eN18-YtoqKHCKdtIasji2MzkRB2RcCC7MWyZhHxeDOT-sX5NRpfgRY24caVtnQJuaBV4nHHff4vi62vA,Staples,Low,83.0,0.0,Excellent,Low,12.749460048252972,9.117058823529412,12.749460048252972,Low,373.5,0.10257067760753893
office chair ergonomic,Yangming Ergonomic Mesh Office Chair Executive Rolling Swivel Chair Computer Chair with Lumbar Support Desk Task Chair for Women,49.99,,4.6,365.0,Walmart - Edx,19.0,Unknown,,https://encrypted-tbn1.gstatic.com/shopping?q=tbn:ANd9GcTxUk5TOf6xFCp1dgDxiiLWWFHl-O0Z9-5yyh1JaqpLv1tXi9GO2pqsfUcHZ7S0ThXiWWeVsh-aFjEwLdsW4RnBMM4l30FzpR2gwxAwZEUaqh5ZAQPsnjSA,Yangming,Low,82.0,0.0,Excellent,Low,27.15211333364628,0.13658469945355192,27.15211333364628,Low,377.2,7.158266326730732
office chair ergonomic,Welax S9 Pro Ergonomic Office Chair with Footrest,439.99,,4.7,110.0,Welax,20.0,Free delivery,,https://encrypted-tbn2.gstatic.com/shopping?q=tbn:ANd9GcTa8chG6UiXfnIwVfXy8kdI1AtOi2wNhcMjAu6BQXs0ixUc7rTy_JZwpNquha_AI3BGNWk_Psg0m2ibTBIUKY7nmPsncU8QKb8QG3-DMdY8Txiot24yUXKE,Welax,Low,81.0,0.0,Excellent,Low,22.13479194616797,3.963873873873874,22.13479194616797,Low,380.7,0.24943876278373658
office chair ergonomic,EC200 Ergonomic Office Chair,179.99,,4.3,6.0,Protoarc,21.0,Free delivery,,https://encrypted-tbn3.gstatic.com/shopping?q=tbn:ANd9GcTaOKdxg6z3xC0ajQcp0Wu5Nsnya3AFm4qsfcMdZsWkOytjEXBB7KDeAxQBhQZ2SisejeNK3fEWgGP-nMcVSv5p7lb1YiWclpU2_eK3PZi3D_gbuzXLJ9Umjg,EC200,Low,80.0,0.0,Good,Low,8.367413640937846,25.712857142857143,8.367413640937846,Low,344.0,0.033151002817835236
office chair ergonomic,Best Ergonomic Chair for Back Pain & Long Hours,867.0,,4.7,6.0,Eureka Ergonomic,22.0,Free delivery,,https://encrypted-tbn1.gstatic.com/shopping?q=tbn:ANd9GcT1CMu4mGOzILyUBeC9xrWdueHgQ6Yw36GJtdgrnMyecut_MkZW9hDw3hwoWJvyXVveVod8qqp5pfTNZMU_RyxPtdoIxtmC7g0MFnqpzLM,Best,Low,79.0,0.0,Excellent,Low,9.145777700559973,123.85714285714286,9.145777700559973,Medium,371.3,0.0069124423963133645
office chair ergonomic,FlexiSpot C7 Ergonomic Mesh Cushion Chair Adjustable,299.99,,4.1,559.0,Flexispot.Com,23.0,Free delivery by Thu,,https://encrypted-tbn1.gstatic.com/shopping?q=tbn:ANd9GcQlQXJQvKW-cuMCLR7cj4VtmmWTTROtypj0fqJLU0fDM0oQMkCXy4yXAPUaVKJIwQkpmsZRQCJBIUs3Zb2_wjBBmGfxZR-RTvYGLLwK1kwbnur5gnANbdHRiA,FlexiSpot,Low,78.0,0.0,Good,Low,25.944540813289695,0.5356964285714286,25.944540813289695,Low,319.79999999999995,1.857204558290973
office chair ergonomic,KERDOM PU Leather Cushioned Ergonomic Office Chair Adjustable Armrests and Backrest,191.3,,4.5,0.0,Home Depot,24.0,Free delivery,,https://encrypted-tbn1.gstatic.com/shopping?q=tbn:ANd9GcRdyMjysnfUp-2tFhPYcSB8qDNytjDiwf2ms076NPRum33F4b39YzE34u8UnHfrA9HiVZikdqhfwymIciICOCy2rYX_1Cq8DKm-gsHSPhE,KERDOM,Low,77.0,0.0,Excellent,No Reviews,0.0,191.3,0.0,Low,346.5,0.0
office chair ergonomic,WorkPro 1000 Series Ergonomic Mesh/Mesh Mid-Back Task Office Chair,199.99,,4.6,2800.0,Office Depot,25.0,Free delivery,,https://encrypted-tbn0.gstatic.com/shopping?q=tbn:ANd9GcSX34wh4lTRxgGPstM-WQKfdomI-Sq4lYEr79TTcgF48pvjAjqos5IEBjjOKhp6u_T3cJergyZa7I5Gz0l1b7fUPV0rQtGQ,WorkPro,Low,76.0,0.0,Excellent,Medium,36.5135661661965,0.07139950017850769,36.5135661661965,Low,349.59999999999997,13.931041345340564
office chair ergonomic,Mainstays Ergonomic Mesh Back Office Chair with Flip up Arms,64.0,,4.2,1800.0,Walmart,26.0,Free delivery,,https://encrypted-tbn2.gstatic.com/shopping?q=tbn:ANd9GcTlgrlaXqmBjkE0hkMUEtyIh8dZJoTmELX0eazUiSh9MHIh7gNwP211JZYhpWBHVlMmsvqXjEGxweHDIUJivsL0v2AfDIaOBuwWa-6xK-HsN5kpcyqPcdMq,Mainstays,Low,75.0,0.0,Good,Medium,31.483608849739017,0.03553581343697946,31.483608849739017,Low,315.0,27.692307692307693
office chair ergonomic,Bestier Ergonomic Cross-Legged Office Chair with Flip-Up Arms,127.99,,4.6,79.0,Best Buy,27.0,Unknown,,https://encrypted-tbn2.gstatic.com/shopping?q=tbn:ANd9GcR8ECfUutwtP0qmL0nlmkaUZx89Tb6XpUiusiqAmZeYftK_kEGlArismKsDcasdMY7hVB5s_1WH_j0r4qg_NaBwrW7fl4Aq2ahbpZpkHlM,Bestier,Low,74.0,0.0,Excellent,Low,20.157322519499854,1.599875,20.157322519499854,Low,340.4,0.6124505775641522
office chair ergonomic,Hbada E3 Series Ergonomic Office Chair,541.0,,4.8,66.0,Hbada.Com,28.0,Free delivery,,https://encrypted-tbn3.gstatic.com/shopping?q=tbn:ANd9GcSfO5uvdFzjJXmTd-JAviCWiDPCHk48ENHVPi8VZhN6-9C9FHm4MDh83LEnihdyvCRlyJ0tYgLMdZKAeOJLdVaZEBdMyYspucVqW2kb1J-koCRqbTtcuxOdgA,Hbada,Low,73.0,0.0,Excellent,Low,20.182524573076634,8.074626865671641,20.182524573076634,Medium,350.4,0.12177121771217712
office chair ergonomic,Neeya Ergonomic Mesh Office Chair with Flip-Up Arms Inbox Zero Upholstery,99.99,,4.3,177.0,Wayfair,29.0,Free delivery,,https://encrypted-tbn1.gstatic.com/shopping?q=tbn:ANd9GcQBNrUIodvjG3OT_42UBgMnjgVXd8xH2O8sHE02rRwyt-7_UCrildMDLxrrn1j_0ykdZUZdc1eh55x7Yx76RHUKKB6NI-qFVa60tj4zFkR8fkn0FqqM1mgl5A,Neeya,Low,72.0,0.0,Good,Low,22.281669266255964,0.5617415730337079,22.281669266255964,Low,309.59999999999997,1.7526487771066444
office chair ergonomic,FlexiSpot C5 Affordable Ergonomic Foam Cushion Office Chair,209.99,,4.5,281.0,Flexispot.Com,30.0,Free delivery by Thu,,https://encrypted-tbn2.gstatic.com/shopping?q=tbn:ANd9GcQ5-9L0moXtoj5srKFma4XsXR0Xs_icLyqi22PGzY6XPo-1ppNhHfyH_JHnrdMbtAwS_zKfOCjqUOAeCnABj0VLCcKyIvNmalccEk811oAAK6Bn8-951B-q,FlexiSpot,Low,71.0,0.0,Excellent,Low,25.388581819221514,0.744645390070922,25.388581819221514,Low,319.5,1.3318166737760082
office chair ergonomic,HAG Capisco 8106 Office Chair - Best Price Guaranteed,1121.0,,4.7,214.0,Hag Office,31.0,Unknown,,https://encrypted-tbn1.gstatic.com/shopping?q=tbn:ANd9GcRJbef-kbLVtaP1JK1_ADUvRXaFK7Rt3lwe0fnKkL19gLgH9r0sCxdKMX-bVSwcaeOt810ThojsAhIDDblwpvh1RutWBuC9a96cB0Adq5WCIUi07DpD5QgR,HAG,Low,70.0,0.0,Excellent,Low,25.241998732200013,5.213953488372093,25.241998732200013,Medium,329.0,0.19073083778966132
office chair ergonomic,"Casabay Ergonomic Home Office Desk Chair, High Back Mesh Reclining Swivel Chair with Footrest & Armrest for Back Pain Relief, Blue",62.99,,4.0,1.0,Walmart - Casabay,32.0,Unknown,,https://encrypted-tbn0.gstatic.com/shopping?q=tbn:ANd9GcTDr-hqExYMKp0xWdejnwnIQrhgGHG_Tqor_V-q4oAnoSMfJVKtmnbCWz2aZhLMFghihMIJKe6KNxbdOreQzb88PI5Ho8a3TQ,Casabay,Low,69.0,0.0,Good,Low,2.772588722239781,31.495,2.772588722239781,Low,276.0,0.01562744178777934
office chair ergonomic,Steelcase Amia Chair,499.99,,4.3,877.0,Btod.Com,33.0,Free delivery,,https://encrypted-tbn1.gstatic.com/shopping?q=tbn:ANd9GcS9UDeSOhaSKv-oKA0nyfh9dE2SoQD5nB8fuS0jCrfkbkIBTdQHCx9rNupN1IDNKKHF-5USY1cbgILR3JiAoSuxpPksIczQeLnfPscTAwc4KnQnxPOLhoi26Q,Steelcase,Low,68.0,0.0,Good,Low,29.143880352631,0.5694646924829158,29.143880352631,Low,292.4,1.7505339427932693
office chair ergonomic,Sharper Image S-850 Heated Ergonomic Mesh Swivel Executive Massage Chair,249.99,,4.5,2.0,Best Buy,34.0,Unknown,,https://encrypted-tbn1.gstatic.com/shopping?q=tbn:ANd9GcQOQhysgzxldLuhc43PUfcaDWHlUh_nBCJ50Xu9VhJbwvTp8_CR3gYyim-QxCcjDnJORDRd55CfS7fzXhjNL5R-rfTrjrvq-w7uzG4sngif_6RAloQeTg6fdA,Sharper,Low,67.0,0.0,Excellent,Low,4.943755299006494,83.33,4.943755299006494,Low,301.5,0.007968444957966453
office chair ergonomic,Adjustable Desk Chair Ergonomic Mesh Dynamic Lumbar,449.99,,4.1,13.0,Sunaofe,35.0,Free delivery by Fri,,https://encrypted-tbn2.gstatic.com/shopping?q=tbn:ANd9GcTaDde2v0zq1l6GmCuY5PGqN8D0epfpnPmbeosCxl9y_hR72w1_T8w68nl0kC1CzT5RIB2BLbuRnwQCQBF6ID7r3cQCIPXBDRlopJUovSLBnqP4BvKR7V-Z,Adjustable,Low,66.0,0.0,Good,Low,10.82013505142256,32.14214285714286,10.82013505142256,Low,270.59999999999997,0.02882547284862192
office chair ergonomic,FlexiSpot C7 Ergonomic Chair with Multiple Adjustable Functions,299.99,,4.2,430.0,Flexispot.Com,36.0,Free delivery by Thu,,https://encrypted-tbn2.gstatic.com/shopping?q=tbn:ANd9GcRE1ASUz8WdrzFCxfwtFxXML5wkceW7rsQQ4g0nb9S_jv321U0-2sbcp2lGtRfBG3KzwW2Kh16iun9K8CYc5ZoeMCWvVz7LRTE5sGkoVczLpGFyhUYy_t18BfE,FlexiSpot,Low,65.0,0.0,Good,Low,25.47765397843574,0.696032482598608,25.47765397843574,Low,273.0,1.4286188909930562
office chair ergonomic,Hinomi X2 Pro Ergonomic Office Chair for Long Hours & Posture Support,899.0,,4.8,235.0,Hinomi Us,37.0,Free delivery by Wed,,https://encrypted-tbn1.gstatic.com/shopping?q=tbn:ANd9GcSIiLIKpO-lP3wO-8utwGU5LFF43mGtibbPWUwnnOzY7z0KVSaFtGR12LLePPrixT6-KBzW7BBv608wHrPk_IFkbWrp5760q1Gt4zqYO7L2KCLk68V1ALE9tg,Hinomi,Low,64.0,0.0,Excellent,Low,26.22639266412293,3.809322033898305,26.22639266412293,Medium,307.2,0.2611111111111111
office chair ergonomic,AndaSeat Phantom 4 Ergonomic Office Chair with Dynamic Lumbar,289.0,,5.0,3.0,Andaseat,38.0,Free delivery by Fri,,https://encrypted-tbn3.gstatic.com/shopping?q=tbn:ANd9GcTZmWW_Pz5tCH1Y0Qtgo-aYyfemtCOXLMyuumyZdM75wWo1N8eHDQq0NXENwOmHveUtJqYJmNNTcmrKUZZuXc-4MzTxO6CCgW994uPI5ekTbivJI2I9RM0i,AndaSeat,Low,63.0,0.0,Excellent,Low,6.931471805599453,72.25,6.931471805599453,Low,315.0,0.010344827586206896
office chair ergonomic,BestOffice Ergonomic Office Chair Desk Chair Mesh Computer Chair with Lumbar Support Executive Rolling Swivel Adjustable Task Chair,47.99,,4.0,1200.0,"Walmart - Factory Direct Wholesales, Llc",39.0,Free delivery by Thu,,https://encrypted-tbn3.gstatic.com/shopping?q=tbn:ANd9GcQYmLvi5H4YM0pb3w3nNyTWrwow92hwwqtAYEaqRKQDc1acGT59kyoL5oY4H2AATsmRkTrbuMPomiZ6LZk3dJHzk1Rb_3Wj,BestOffice,Low,62.0,0.0,Good,Medium,28.363639288319934,0.039958368026644465,28.363639288319934,Low,248.0,24.49479485609308
office chair ergonomic,Ergonomic Office Chair with Headrest,380.0,,4.5,0.0,Madison Liquidators,40.0,Unknown,,https://encrypted-tbn3.gstatic.com/shopping?q=tbn:ANd9GcSUMwslRhuahJQR3YVZzClkS9rpJmOiGHHGX_GMgZ5fVwji_Zf5-8uhBESDfFZsbV7YSLNUfVfF018aQiTNkrQdYc_p0ix9Ga8E3KU-JWWyjvRuypHJCxdz,Ergonomic,Low,61.0,0.0,Excellent,No Reviews,0.0,380.0,0.0,Low,274.5,0.0
microwave oven convection,Mainstays 0.9 Cu ft 3-in-1 Air Fry Convection Microwave Oven,104.0,,4.4,56.0,Walmart,1.0,Free delivery,,https://encrypted-tbn3.gstatic.com/shopping?q=tbn:ANd9GcTrfXryKLCWhV1wmdqNRtwDxXq2xU3UxUtJo8EQ22K2OTMBPjNbETgph6nsQXDffYvrBAHKiUco-o19JWQOFj_8YZn8NJXipsV96jF2IwA8wieeRdGqDNpqQw,Mainstays,Low,100.0,0.0,Good,Low,17.789425578472024,1.8245614035087718,17.789425578472024,Low,440.00000000000006,0.5333333333333333
microwave oven convection,GE 1.0 Cu. Ft. Countertop Convection Microwave Oven with Air Fry,219.0,,4.2,1100.0,Lowe'S,2.0,Unknown,,https://encrypted-tbn2.gstatic.com/shopping?q=tbn:ANd9GcRGPfBQdCeWrhqItA6V2cjKhMsEwlG8bckWGEXECuU03bHgGdQv1QAEuQfNQVKdhm-wgn086CYRfiOYpgX82FUZQEh1P3Wq0glBwHlNPUpODHUWYLLKcxSP,GE,Low,99.0,0.0,Good,Medium,29.416691374235256,0.1989100817438692,29.416691374235256,Low,415.8,5.0
microwave oven convection,Frigidaire 1.2 cu ft Microwave Digital Air Fryer Convection Oven,139.99,,3.6,154.0,Target,3.0,Free delivery by Sat,,https://encrypted-tbn3.gstatic.com/shopping?q=tbn:ANd9GcTrhTqHpkkOgwgF1uAi_fxKWyLUb7NQtINOvCHTC0txAdDbZRpm3_tdo3Fs-rFlc91k4hq3bd97ylBBTWF1brzxllItqvphGA,Frigidaire,Low,98.0,0.0,Average,Low,18.15633042090929,0.9031612903225807,18.15633042090929,Low,352.8,1.0922760479466629
microwave oven convection,Breville Combi Wave 3 in 1 Microwave,499.95,,4.2,2800.0,Breville,4.0,Free delivery,,https://encrypted-tbn2.gstatic.com/shopping?q=tbn:ANd9GcQ904i2TO2mMwrTRnB6gcRIOUF4_Go6MUWKTME9VzeWxdrm8vdtjmQS1pGyTdB7tOQlqN2gzTP7CziElyKSLBfmEhk6ZCOReSPFsd0PKqiBCMmdGGm50RjJZw,Breville,Low,97.0,0.0,Good,Medium,33.33847345609246,0.17848982506247768,33.33847345609246,Low,407.40000000000003,5.589380177662441
microwave oven convection,LG 1.7 Cu. Ft. Smart Over-the-Range Convection Microwave with Air Fry,599.0,,4.2,875.0,Home Depot,5.0,Unknown,,https://encrypted-tbn1.gstatic.com/shopping?q=tbn:ANd9GcR37WMkMQVWyBOIvgYKC2yQf7rV5uzhIj_PUa-YGPvjACU4R6XbgPybmnZugi4Zw3lHLUURakRMU-ufr4cNHSI9sPdb8SUNvyowohNpSLxLp--AAtrcpSesYQ,LG,Low,96.0,0.0,Good,Low,28.456537581932846,0.6837899543378996,28.456537581932846,Medium,403.20000000000005,1.4583333333333333
microwave oven convection,Panasonic 1.3 Cu. ft. Countertop Microwave Multi Oven,294.95,,4.4,30.0,Walmart,6.0,Free delivery,,https://encrypted-tbn0.gstatic.com/shopping?q=tbn:ANd9GcTCyk7JVRrpIrSIeO_Ml9Y58hUz9ftueLdp2b91JEys4_p_gVuPphmy6u-zOh3kC2V22YwjuTiKq4mRjP_QMw5utLcKblg2nsaLjY88-6Ve,Panasonic,Low,95.0,0.0,Good,Low,15.109543699734644,9.514516129032257,15.109543699734644,Low,418.00000000000006,0.10136847440446022
microwave oven convection,Cuisinart 1.2 cu ft Microwave Oven with Air Fryer,149.99,,3.2,67.0,Target,7.0,Free delivery by Sat,,https://encrypted-tbn3.gstatic.com/shopping?q=tbn:ANd9GcT8NcAl0WdDdTwhVpKDMAK2chc5DzaC9wBgMDdDHRy87AgclbL1QaZ5UGAW4OhHjr_Qab9INpyLD2KS2A_VjqyUcTW3Vvd2,Cuisinart,Low,94.0,0.0,Average,Low,13.502424656563543,2.2057352941176473,13.502424656563543,Low,300.8,0.4437379958937678
microwave oven convection,"30"" Built-in Convection Microwave Oven, 1.6 Cu. Ft., 1000w, Air Fry, Sensor Cooking, 10 Cooking Modes, Stainless Steel, Drop-down Door AOBOSI",959.99,,4.5,0.0,Wayfair,8.0,Free delivery by Thu,,https://encrypted-tbn0.gstatic.com/shopping?q=tbn:ANd9GcTrF43qD7sLWeCRmeUfLw34otEAftKvH5eccAkXIe0agrzDDa1tGqbNcicIAGNTubl463buI3-JoTOsaaT-ttK6uctULnmZjhmNVcI76c8jUxGnSnQREtZoPQ,"30""",Low,93.0,0.0,Excellent,No Reviews,0.0,959.99,0.0,Medium,418.5,0.0
microwave oven convection,GE Profile Countertop Convection Microwave Oven 1.5 Cu. ft,829.0,,3.0,85.0,Lowe'S,9.0,Unknown,,https://encrypted-tbn3.gstatic.com/shopping?q=tbn:ANd9GcTyjoI6XJqZjuK4MaFg_bIkHfLWoA-oKs0KLp31wK4hvYlVcLQOzBvHz3ufPxpV8y_OE7LJgxXEva7c39SdnnhkDXiGhgZh8oTS88FZpHy9,GE,Low,92.0,0.0,Average,Low,13.363041888760522,9.63953488372093,13.363041888760522,Medium,276.0,0.10240963855421686
microwave oven convection,Ninja Crispi Microwave and Air Fryer mw101,399.99,,4.5,0.0,Sharkninja,10.0,Free delivery by Fri,,https://encrypted-tbn3.gstatic.com/shopping?q=tbn:ANd9GcRAsVrPOWtojXfSoKeBT5Jz3CR4d6ewNEuTmZAVey-BUW1EQ81rH3jlTZEWMVxkDW1vjEsteZS5JgbRwoFDWXptZc5C_t2xJT8XUd1TXTfVTKZGVQ4utnyx,Ninja,Low,91.0,0.0,Excellent,No Reviews,0.0,399.99,0.0,Low,409.5,0.0
microwave oven convection,Sharp 0.9 Cu. Ft. 900w Countertop Convection Microwave Oven with Air Fry,169.0,,4.4,64.0,Home Depot,11.0,Free delivery,,https://encrypted-tbn0.gstatic.com/shopping?q=tbn:ANd9GcRvX4zhIzbOBNCcLJuPbUU41FqjiHIRN9X7GdtCCdRTzY_bwQ2giVgxb4D22L7OVDUPaVi_gkbbwIZwCRdyIR1CVv_8MgpvCAcgyKq54MX2Hj3rThDCI6k7hQ,Sharp,Low,90.0,0.0,Good,Low,18.367303987540804,2.6,18.367303987540804,Low,396.00000000000006,0.3764705882352941
microwave oven convection,Toshiba 7-in-1 Countertop Microwave Oven Air Fryer Combo Inverter,279.99,,4.1,178.0,"Walmart - Meco Innovations Technology, Llc",12.0,Free delivery,,https://encrypted-tbn3.gstatic.com/shopping?q=tbn:ANd9GcRmVMMi2g3pWYZQ208_lvZkxhO8rjl7G1mgrCEacHViEBw4ku6HMSL4BksVPuZJIl4PYwxHS4mpoMtHqh8iLgBxNdX4mFB9iPCDyMeIb9Ho,Toshiba,Low,89.0,0.0,Good,Low,21.268281803947094,1.5641899441340783,21.268281803947094,Low,364.9,0.6334745008719171
microwave oven convection,Panasonic 1.3 cu. ft. Countertop Multi-Oven in Stainless Steel with Inverter Microwave Technology,364.95,,3.6,27.0,Target,13.0,Free delivery by Sat,,https://encrypted-tbn3.gstatic.com/shopping?q=tbn:ANd9GcTN9B2VWFu8P3wYHbjA0K4TCPUhrEwf4NNSxbi_WV14Zo-LeGJ4xdWAjyTTbU20v9Ro1qV6awbiKZjlFSIPcDbyd0sAQivK,Panasonic,Low,88.0,0.0,Average,Low,11.995936236630733,13.033928571428572,11.995936236630733,Low,316.8,0.07378057111627272
microwave oven convection,Café 1.7 Cu. ft Over-the-Range Convection Microwave,949.99,,4.3,1700.0,N F Landis & Son,14.0,Unknown,,https://encrypted-tbn1.gstatic.com/shopping?q=tbn:ANd9GcQHRCPUR7y8EiPi4KLiMPgMgO0Gd773hcFNBTnUoScrOrThNdTIIK_YlSKoMOsn1pJQMZcA1I-Ar1iH21G_xMOds7QcMaMMJGDkE3XahgA,Café,Low,87.0,0.0,Good,Medium,31.987577847302205,0.5584891240446797,31.987577847302205,Medium,374.09999999999997,1.7876108055815518
microwave oven convection,LG 0.9 Cu ft NeoChef Countertop Microwave with Smart Inverter,159.0,,4.3,785.0,Home Depot,15.0,Free delivery by Tue,,https://encrypted-tbn1.gstatic.com/shopping?q=tbn:ANd9GcQ5Ul2f3TnYrCS1FGhqV97zWSIeVjL0ebR1bUdmc-Yj8Zk-DCVduABuJZmkreh7hwS-MfpeLyt6XH3AlF-t4MwCs_Oj98GoFVnW46XzGr3glhG-RtxymKSC,LG,Low,86.0,0.0,Good,Low,28.667914207445587,0.20229007633587787,28.667914207445587,Low,369.8,4.90625
microwave oven convection,Commercial Chef 1.7 Cu ft Over-The-Range Convection Microwave Oven,367.99,,3.5,6.0,Best Buy,16.0,Unknown,,https://encrypted-tbn0.gstatic.com/shopping?q=tbn:ANd9GcT5ifWQnkhjDpEy8qxFV58otwq9icTREv10qlnx6xiiNcHCazJ9AQhMXVrEneLNyVFQDD0pOuCprykcQAnhPfwZWnbnAfzxTNYeCOGRNEPdHXYri_XawIzk,Commercial,Low,85.0,0.0,Average,Low,6.810685521693596,52.57,6.810685521693596,Low,297.5,0.016260603268381257
microwave oven convection,Samsung MC17T8000CS 1.7 cu. ft. Over-the-Range Convection Microwave,611.1,,3.8,894.0,Judd & Black,17.0,Unknown,,https://encrypted-tbn1.gstatic.com/shopping?q=tbn:ANd9GcT4UAtLm4qqhC75OhVhtQbunNAQV_IoKj1PNcIX3isvy3jxRNNReWTgMbWRogLhGxVS-FkiaHz96pcosyhxit1O0cwyZK0DgxpChzXJpywUjoKektwKRteDNg,Samsung,Low,84.0,0.0,Average,Low,25.82793012944445,0.6827932960893855,25.82793012944445,Medium,319.2,1.460545662473452
microwave oven convection,"aobosi 24 in 1.6 cu ft. Microwave Oven & Convection Oven 2-in-1,Single Electric Wall Oven,Safety Lock & Timer",829.99,,5.0,2.0,Wayfair,18.0,Free delivery,,https://encrypted-tbn2.gstatic.com/shopping?q=tbn:ANd9GcS1d8RDaNywfOV6gQac3h2qXi2UpYuObjCM3Ki2qZ8N3622fYSwcY9vF9cKN0UcVTkjv9KsIEbEcuZunUQH_zbWrG790rFJNf6qqTtPADYHsNAqAhq4p2pg,aobosi,Low,83.0,0.0,Excellent,Low,5.493061443340549,276.66333333333336,5.493061443340549,Medium,415.0,0.002406767831141169
microwave oven convection,Uten 24L Microwave Ovens Hot Air Oven,93.49,,3.2,13.0,Walmart - Himaly,19.0,Free delivery,,https://encrypted-tbn2.gstatic.com/shopping?q=tbn:ANd9GcRt8m5I7sYWCqhXWx84L6O4Fq8SVbclZfizse9Qg0tufR8bP5LZHCCURrJwjrF16FxYx_7zqODfJbBfU6BNxsA90fegy9IjFQ,Uten,Low,82.0,0.0,Average,Low,8.444983454768828,6.6778571428571425,8.444983454768828,Low,262.40000000000003,0.13758069636998624
microwave oven convection,Whirlpool 1.9 Cu. Ft. Microwave With Air Fry Mode,649.99,,4.0,376.0,Warners' Stellian Appliance,20.0,Unknown,,https://encrypted-tbn1.gstatic.com/shopping?q=tbn:ANd9GcS7n8uErI504XgLXeoQ0i4UQd7BZqVIuDsapDMWd57HJ3WH93szIDIfsJMlQg6dNpZDgcHBxGa9VJ4t4XbBI7-_Osj8u-5ug8sL3prII2bPjmdD-eV4APVs,Whirlpool,Low,81.0,0.0,Good,Low,23.728980749792044,1.7241114058355438,23.728980749792044,Medium,324.0,0.577581836894576
microwave oven convection,Sharp 1.5 Cu. Ft. 900W Countertop Microwave Oven,699.0,,3.6,68.0,Home Depot,21.0,Free delivery,,https://encrypted-tbn1.gstatic.com/shopping?q=tbn:ANd9GcRAbvqt11v2ciNkD4y9eb1xp54sLBMzb-XPy1rEz7s1UPNBmHpHskx7wPpAyjFBUFg1l4nvRer2aFETO6uMjkYzMgPlf967CtivRNnvW8jU2ZSF0m9LRrWH,Sharp,Low,80.0,0.0,Average,Low,15.242783416550136,10.130434782608695,15.242783416550136,Medium,288.0,0.09714285714285714
microwave oven convection,"Frigidaire 30"" Microwave Combination Oven fcwm3030as",2399.0,,4.7,3.0,Frigidaire,22.0,Free delivery,,https://encrypted-tbn2.gstatic.com/shopping?q=tbn:ANd9GcS5IrWjlEaE2N3wDtGHeuXxi8kLSRFkJ3mteCuT0EhioQN9BiNAFxHxPjKXlTg_WyXFptyvDActgEreMN7iaqlkUAiqRFWFPmCztac16ZE,Frigidaire,Low,79.0,0.0,Excellent,Low,6.515583497263486,599.75,6.515583497263486,High,371.3,0.00125
microwave oven convection,GE Profile 1.7 Cu ft Over-The-Range Microwave,679.0,,4.2,5400.0,Lowe'S,23.0,Unknown,,https://encrypted-tbn2.gstatic.com/shopping?q=tbn:ANd9GcTKwpRVJKtyq_jbwMoO7QuDXDlb5WmpXpwiO2oS3JorBM9HOP1xDdJUYrRTLPCMS2Vek7VYJDoXAuh8dnyfNYS8IsBpoRxISyk2qceI0yms,GE,Low,78.0,0.0,Good,High,36.09622548249015,0.12571745972967968,36.09622548249015,Medium,327.6,7.9411764705882355
microwave oven convection,"KitchenAid 30"" Built-In Microwave Convection",2053.99,,4.0,640.0,Nordam Appliance,24.0,Free delivery,,https://encrypted-tbn1.gstatic.com/shopping?q=tbn:ANd9GcRcliC_S9s7BApg10z_k0Klt2PoO9Uq2K0dJkgBGnHL_g5OYjJSQWMfkOkJZCeTd6RtSsR9coxgPqalEXr1VUxtmvDCCq5tHueEYYJ5iOn33ECOM4SQ9iIIZg,KitchenAid,Low,77.0,0.0,Good,Low,25.85211782768268,3.204352574102964,25.85211782768268,High,308.0,0.31143703862305905
microwave oven convection,IKEA YGSBO over-the-range convection microwave,499.0,,4.0,1.0,Ikea,25.0,Unknown,,https://encrypted-tbn3.gstatic.com/shopping?q=tbn:ANd9GcTz5O7O0hBI1SBMVqfaSnr197i2xclqQK4xpsoqbBx7FwckrcOucy3VuNbnNJPwv-ou0Xhi9mxVNNOp8SjZ82ExS9gOHyDjccJLkoZOkDM,IKEA,Low,76.0,0.0,Good,Low,2.772588722239781,249.5,2.772588722239781,Low,304.0,0.002
microwave oven convection,Toshiba 4-in-1 1.5 cu. ft. Countertop Microwave Oven Smart Sensor,271.99,,4.0,75.0,Home Depot,26.0,Free delivery,,https://encrypted-tbn1.gstatic.com/shopping?q=tbn:ANd9GcSruGPvfzza9-wfKKErh2huJhK1WrMirNUKzNU0RJ_B0uHBaC0vkEhjEl49DdsPBY8akK-GLOtMjp9hu8Kgrysh_-Ah9s_4bQ6Vn_a9gWkc,Toshiba,Low,75.0,0.0,Good,Low,17.322933361145324,3.5788157894736843,17.322933361145324,Low,300.0,0.2747353382907799
microwave oven convection,Cafe Café 1.5 Cu. Ft. Smart Countertop Convection/Microwave Oven,850.0,,3.5,705.0,Walmart - Lesstravagance,27.0,Free delivery,,https://encrypted-tbn3.gstatic.com/shopping?q=tbn:ANd9GcQFxpu5FUUdMhoWJhEMRzBYIaqZq7yi_Zse3PNt6-QybrThaFWFZ5wQ2mep-zlSF3DL8xSH3N7i1nQ9j5sLGTiDFh_EOKR-,Cafe,Low,74.0,0.0,Average,Low,22.958653331226348,1.2039660056657224,22.958653331226348,Medium,259.0,0.8284371327849589
microwave oven convection,ZLINE Autograph Edition 24 in. 1.6 cu ft. Built-in Convection Microwave Oven in Black Stainless Steel Accents,1319.99,,4.6,48.0,Wayfair,28.0,Unknown,,https://encrypted-tbn0.gstatic.com/shopping?q=tbn:ANd9GcSJBtdA0xHIUjJJA8DQLhLCO-ogJx5FjTj_zt9NYQeQDQbPIt0Gpbf4Xg-YMqTTfJzHGrIL_J1C-_mkXvXNrfJLUTqneiDGBbaJE8-RD01qP_qWGnaKMVrw,ZLINE,Low,73.0,0.0,Excellent,Low,17.90237337130888,26.93857142857143,17.90237337130888,Medium,335.79999999999995,0.03633638407557968
microwave oven convection,Panasonic HomeCHEF Connect 4-in-1 Multi-Oven 1.2 Cu. Ft. Microwave,439.99,,3.8,69.0,Shop Panasonic Usa,29.0,Free delivery,,https://encrypted-tbn3.gstatic.com/shopping?q=tbn:ANd9GcRT0sQg-X20OTcxhNbsEn9lFAwq-d1c516v1E4VsYzgrBQrh8SMQNi_MmTyZ4qve6CP_vrlOeGXocvOWfyC2DUW9VQZWw7gIk1bPArK2NBwFbA3PTSmJ5fpAQ,Panasonic,Low,72.0,0.0,Average,Low,16.144281919787566,6.285571428571429,16.144281919787566,Low,273.59999999999997,0.15646613301888931
microwave oven convection,"ThermoMate 24"" Built-in Microwave and Convection Oven Combo 1.6 Cu. ft",1099.99,,4.8,7.0,Thermomate,30.0,Free delivery,,https://encrypted-tbn2.gstatic.com/shopping?q=tbn:ANd9GcRZ8blxIFpFAgcD1tXfQBHhjhsuZkal53rkvrSewd8bOehg7yYOIwYdBjEw1yyz4e3U7sp8M2ei-X_gLmyAnluLSEFwxHPcFgZyUur0wH1RvgmtqaznimT8ucxW,ThermoMate,Low,71.0,0.0,Excellent,Low,9.981319400063212,137.49875,9.981319400063212,Medium,340.8,0.006357914240819626
microwave oven convection,GE Profile 1.7 Cu. Ft. Convection Over-the-Range Microwave Oven pvm9179ryss,699.0,,4.2,1500.0,Home Depot,31.0,Unknown,,https://encrypted-tbn0.gstatic.com/shopping?q=tbn:ANd9GcShadD6UyOxyIpQRlzXRvg_AqaVlVenv0tCLB9oeCr6qtaKtZKMYDLD9DG0r8iPf2G1CeeHrAkocaZZg3JvSyWJO4PHRxYUI4cUUwJ2SmY3IMxZZcfkk9Ar,GE,Low,70.0,0.0,Good,Medium,30.71832469286054,0.46568954030646237,30.71832469286054,Medium,294.0,2.142857142857143
microwave oven convection,Viking Convection Microwave Oven vmoc506ss,1929.0,,4.5,32.0,Ferguson Home,32.0,Free delivery,,https://encrypted-tbn3.gstatic.com/shopping?q=tbn:ANd9GcTA4t-Fsb1p9l_Tn5yw9CdiV46Jra9LW0-boeRXDb2cV2qNMR-uGtyYZJM9ZmHFX-N4gwjR-Yd_HUOPmkI1XmmlKgHxYvJ7,Viking,Low,69.0,0.0,Excellent,Low,15.73428402659916,58.45454545454545,15.73428402659916,High,310.5,0.016580310880829015
microwave oven convection,KoolMore 24 in. Stainless Steel Convection Oven with Microwave,955.0,,3.2,11.0,Best Buy,33.0,Unknown,,https://encrypted-tbn1.gstatic.com/shopping?q=tbn:ANd9GcT0SiXgZZWTtTIniAZ_YYXW0SnWvsn1vp3A8PhaIOAwqn84cZvspUijSDAYt7w9U1yyZtqcQ3zrMC0SByg_kL---UafTMqRl6Rd7ZvzmrlUn7rBKa0ZGngL,KoolMore,Low,68.0,0.0,Average,Low,7.951701279321601,79.58333333333333,7.951701279321601,Medium,217.60000000000002,0.011506276150627616
microwave oven convection,"Smeg 50's Style 20"" Red Countertop Combi Steam Oven",496.48,,5.0,2.0,Tattahome,34.0,Unknown,,https://encrypted-tbn1.gstatic.com/shopping?q=tbn:ANd9GcQWJhX8zntoewhUv8lUQvEA3ttn6i7Atzm_KNVBS7XGZkBrJ1kr2HSJVpSpG2wyBRjBIr2xxipYR-RCfTwm4CrdZpLuOset,Smeg,Low,67.0,0.0,Excellent,Low,5.493061443340549,165.49333333333334,5.493061443340549,Low,335.0,0.004020262121090295
microwave oven convection,Frigidaire Professional 1.9 Cu. Ft. Over-the-Range Microwave with Air Fry pmos1980af,699.0,,4.4,416.0,Walmart - Seller,35.0,Free delivery,,https://encrypted-tbn1.gstatic.com/shopping?q=tbn:ANd9GcSqqyEtEdgmGjK43oKPMMN5QeAxeaCBzHA6zFOMZxvur-WRucAKMiWOflYssNOihgzKPVArVW58WPywX1CZIKIK4wGwyrKr,Frigidaire,Low,66.0,0.0,Good,Low,26.54557937591473,1.6762589928057554,26.54557937591473,Medium,290.40000000000003,0.5942857142857143
microwave oven convection,LG 1.5 Cu ft NeoChef Countertop Microwave,229.0,,4.3,1100.0,Home Depot,36.0,Free delivery,,https://encrypted-tbn2.gstatic.com/shopping?q=tbn:ANd9GcRXPyTqn-zR168xsiG02Vtuqqnu7UcAMmsrjaey24x0Lwx2l0uSQdKBcuxiyySoseitqOhPdv9NlhgJWHXYS92Yy-9f_XhlDR2UtbISmz0kKw5_X0JlgekC,LG,Low,65.0,0.0,Good,Medium,30.117088787907523,0.20799273387829245,30.117088787907523,Low,279.5,4.782608695652174
microwave oven convection,Whirlpool 1.0 Cu. Ft. All-In-One Multifunctional Countertop Microwave,208.0,,4.1,147.0,Sorenson'S Appliance,37.0,Free delivery,,https://encrypted-tbn1.gstatic.com/shopping?q=tbn:ANd9GcRnBLwDodpjaY2zpK_WMErg5os61QuL3cP_rU2MNhSGrQcmKN0spTpnFmKoa4eWSwuB7hXouPqfclx5Aa5y6_MDTQaH_2DMU8QqEjbSgZ8IWXVEJ1c6v52IKg,Whirlpool,Low,64.0,0.0,Good,Low,20.488570322432867,1.4054054054054055,20.488570322432867,Low,262.4,0.7033492822966507
microwave oven convection,"GE Profile 27"" Built-In Combination Convection Microwave/Wall Oven",1090.56,,4.3,1000.0,Appliance Direct,38.0,Unknown,,https://encrypted-tbn3.gstatic.com/shopping?q=tbn:ANd9GcQvjmoQf19IkCUjm67rBa0Oll47D4HleDh_DWWCuQDmfxnYMo52GbUhohi5yKlZRp5a0PUSVKRpuk-mde0W2_wjtHKQNJxTwrdKwKEWr-rX99-5QmTJViAR4Q,GE,Low,63.0,0.0,Good,Medium,29.707645551055446,1.0894705294705294,29.707645551055446,Medium,270.9,0.9161200483711386
microwave oven convection,"Bosch 500 Series 24"" Speed Oven HMC54151UC",2149.0,,3.0,200.0,Best Buy,39.0,Unknown,,https://encrypted-tbn0.gstatic.com/shopping?q=tbn:ANd9GcQl4_V0_o3fXVv1mU8rRoQP2uD1Rct0J6G5_C7E8hKpvXEpKoAeUsw_2jgKOgQo5avJ3zIr6sUpb8KW7UiOQEJnA-sfwWi2xE0mzZRVi4Nf,Bosch,Low,62.0,0.0,Average,Low,15.909914724177227,10.691542288557214,15.909914724177227,High,186.0,0.09302325581395349
microwave oven convection,Cafe 1.5 Cu. Ft. Smart Countertop Convection/Microwave Oven,1007.0,,3.5,689.0,Home Depot,40.0,Unknown,,https://encrypted-tbn0.gstatic.com/shopping?q=tbn:ANd9GcQsX4tA8ENS5la_URGP7r7Iro63pstrsnW1rW3VMwdY0pCd1DxxHTt3Wzlq4iy558hewQvvEtI1XLcmndYa9XN-eBn3LDZyyDS4GSwwgY51ScN0ptyFXrmBjA,Cafe,Low,61.0,0.0,Average,Low,22.878420591569565,1.4594202898550726,22.878420591569565,Medium,213.5,0.683531746031746
power bank fast charging,Anker Prime Power Bank,139.99,,4.6,773.0,Best Buy,1.0,Free delivery by Tue,,https://encrypted-tbn1.gstatic.com/shopping?q=tbn:ANd9GcQGwO28yqN4HAJjtxsTapkTutX-4uUObPzdUXWvtpESkP8t64kyTvtQyXvVA8gJlpYac4IcWqSQTtPf0XhK_dSwGS9J82NYl7VsLL0CQODM69s4aJ_zq6D1GA,Anker,Low,100.0,0.0,Excellent,Low,30.597230618512743,0.18086563307493542,30.597230618512743,Low,459.99999999999994,5.482658344563444
power bank fast charging,Anker 737 Power Bank,109.99,,4.7,2600.0,Anker Us,2.0,Free delivery,,https://encrypted-tbn2.gstatic.com/shopping?q=tbn:ANd9GcQwIYYSd7Pp1cXD04rIjfYKEcdc9Dd4xLAbYWOb1ijsosNX5uaNXIX8Yi1Bhlf4RBy6IfjZjWilFvhcbMChu7w7uMzVtvDdPw63vm4uxtNs9hvCnpNDbwlu,Anker,Low,99.0,0.0,Excellent,Medium,36.959160947608666,0.042287581699346405,36.959160947608666,Low,465.3,23.425533831876745
power bank fast charging,INIU Portable Charger Compact 10000mAh PD 45W Power Bank with Lanyard USB-C Cable for iPhone,21.99,,4.8,54.0,Best Buy,3.0,Unknown,,https://encrypted-tbn1.gstatic.com/shopping?q=tbn:ANd9GcSN5bt9ZxgMuSQxlPM-qIznGSgmGtQ9gYZfzccHjLfA4L9Z2s_crigJWqxB0gRlHYiMSvmrs3qIAWkQ-Bs5_PzJan5MylmwZolCVHMSBdREuN8FEGDsis9a,INIU,Low,98.0,0.0,Excellent,Low,19.23519928911586,0.3998181818181818,19.23519928911586,Low,470.4,2.34884732492388
power bank fast charging,Belkin Power Bank,29.95,,4.5,5000.0,Home Depot,4.0,Free delivery,,https://encrypted-tbn2.gstatic.com/shopping?q=tbn:ANd9GcRzUeOxn3dQj-4I-Ag3MTNexon08p6xcKIPRIgFO-wTNi4Mh6jSfHKdB-TIEQtqLqmkPG_w2nMjXXUCMlxNHukT7-ZhHLgah7BLKhKzN7LPBWqj4xeBuydBDQ,Belkin,Low,97.0,0.0,Excellent,High,38.32826927138507,0.00598880223955209,38.32826927138507,Low,436.5,161.55088852988692
power bank fast charging,"Onn 10,000 mAh Portable Power Bank with Fast Charging Output Dual Usb-c ports",12.88,,3.9,98.0,Walmart,5.0,Unknown,,https://encrypted-tbn1.gstatic.com/shopping?q=tbn:ANd9GcTk_C51-q8Md1ZH4Ai6RD4Xdd015V7vIEUrfK6C3FRwuT_O7qbYtV7bHHavHagUR4Ktq1caaAEUBFGMIWQpt2v4RKw1UG0rX65rsYfxzXZih8PrUuxQaASw,Onn,Low,96.0,0.0,Average,Low,17.9209674155249,0.1301010101010101,17.9209674155249,Low,374.4,7.060518731988473
power bank fast charging,Anker Zolo Power Bank,39.99,,4.7,133.0,Target,6.0,Free delivery by Sat,,https://encrypted-tbn2.gstatic.com/shopping?q=tbn:ANd9GcSZomsa5AiKOI_vBhj6QGrkAusvb_eu51LEoBHHUhtX3C1NaP0MOuo2megbpBj50rdsM6_6FI9DTmZNcSYaU1IFMmN_Oo6n,Anker,Low,95.0,0.0,Excellent,Low,23.019847059769283,0.2984328358208955,23.019847059769283,Low,446.5,3.2446938277628687
power bank fast charging,Sharge Shargeek 170 Power Bank,109.09,,3.9,381.0,Sharge,7.0,Free delivery,,https://encrypted-tbn3.gstatic.com/shopping?q=tbn:ANd9GcRDO-VRiuQI4pDOSnADXep9spX8bkEbmEB1uypGTVn4huH46CxBJDU9T6xS5Bxn6GKulQ9rcQUQ5H14IxPOZ1ToVBpGFT9ruJpt-vtGCq9SQdi-wthxDefr,Sharge,Low,94.0,0.0,Average,Low,23.187140373565644,0.2855759162303665,23.187140373565644,Low,366.59999999999997,3.4608047960759376
power bank fast charging,INIU Portable Charger 22.5W 20000mAh USB C in & Out Power Bank Fast Charging,29.99,,4.8,7500.0,Best Buy,8.0,Unknown,,https://encrypted-tbn3.gstatic.com/shopping?q=tbn:ANd9GcTWDaA3gw9LXO0xpv1S0CmW1iGwTXKvIowL_fbpOpd0nm0dHEEgvbwjbCRwokVDuk0Igsm-FXiKTD_idl38tdB0FdVsADRa,INIU,Low,93.0,0.0,Excellent,High,42.82939979505426,0.003998133582189041,42.82939979505426,Low,446.4,242.01355275895452
power bank fast charging,20000mah Power Bank Portable Fast Charger with 4 Cables Compatible with iPhone & Samsung,14.02,,4.7,47.0,Walmart - Baokaler,9.0,Unknown,,https://encrypted-tbn2.gstatic.com/shopping?q=tbn:ANd9GcTtzUy6ZjMMplp43fyTXG_0wj_ie2qL_nyvONiwLBMNk6Qj61BHbipTvF5HUFgjF8OSSFd2P3eIs12-EI8D-pE7AjzaxUltag,20000mah,Low,92.0,0.0,Excellent,Low,18.194644751267088,0.2920833333333333,18.194644751267088,Low,432.40000000000003,3.129161118508655
power bank fast charging,Anker Nano Power Bank,39.99,,4.4,1800.0,Sahara Case,10.0,Free delivery by Sat,,https://encrypted-tbn2.gstatic.com/shopping?q=tbn:ANd9GcTdJkpc7s_DVopu7L7rlAqSOsze11CFd0JkfPBPJemQ-dR8l2Mxu5_JhSql6lDSCvdhuY2kBRWxXn7mvr8b78hbp1_yNPhfM7fYplsZa2nZ8Mytimqx1TRW-Q,Anker,Low,91.0,0.0,Good,Medium,32.98282831877421,0.022204330927262633,32.98282831877421,Low,400.40000000000003,43.913149548670404
power bank fast charging,ANKER LAPTOP POWER BANK,119.99,,4.8,4200.0,Best Buy,11.0,Free delivery by Tue,,https://encrypted-tbn3.gstatic.com/shopping?q=tbn:ANd9GcQ29B1hmwIPrRPxiWxjpknXkcw0q8hp-8TFrmfYAGBCkw65qXTz7kbW0G9CpljqH6J3qWLGpDXsBYL7O4I7fE-k2SIya8F7S3lFLU8nFPk,ANKER,Low,90.0,0.0,Excellent,High,40.046773781613034,0.02856224708402761,40.046773781613034,Low,432.0,34.713612695264075
power bank fast charging,"Nitecore Carbo 20 20,000mAh 65W Waterproof USB-C Power Bank",179.95,,4.8,18.0,Nitecore Store,12.0,Free delivery,,https://encrypted-tbn1.gstatic.com/shopping?q=tbn:ANd9GcQzn1VmCqUf7IOANauCNbNaPPHle42B9mXYQGrR_GBd7LzEiC_e8U0x5I9Ujfw2U3tAXOou_4F37iS_o1ah85lnh81Dn4j8KpHxDRpD758zJtj7qvGTQcMl,Nitecore,Low,89.0,0.0,Excellent,Low,14.133307099998913,9.471052631578948,14.133307099998913,Low,427.2,0.09947499309201438
power bank fast charging,UGREEN Nexode Power Bank with Built-in Cable 20000mAh 45W in & Out Fast,39.99,,4.8,1100.0,Walmart - Ugreen Official Store,13.0,Free delivery,,https://encrypted-tbn3.gstatic.com/shopping?q=tbn:ANd9GcRce4XdhALcOACBRP6xZ3iXnBnpyTe6Ixs9wu3rwVK3DNKsSxk0LHO9tWyj5YmGqLyvZD2aNoN5iDZOaGYw1DwOV6H1PfxQ_a-pFrsbpzTF0K0WBbuaWxpL9A,UGREEN,Low,88.0,0.0,Excellent,Medium,33.619075856268864,0.036321525885558585,33.619075856268864,Low,422.4,26.835813613076358
power bank fast charging,Belkin BoostCharge Slim Magnetic Power Bank 5K bpd010fqbk,39.99,,4.5,39.0,Belkin,14.0,Free delivery on $75+,,https://encrypted-tbn0.gstatic.com/shopping?q=tbn:ANd9GcSICf-zAnm0cK18OLy9OPFCM-27rn8d018npMHkw7ArkL27_UjG3B8_E2Uwj1Vm7iJVeq4TTBK_p78n90ZXDUZqivYDtwflGY970F4FP8wGzbSrvDbErITT,Belkin,Low,87.0,0.0,Excellent,Low,16.599957543512712,0.99975,16.599957543512712,Low,391.5,0.9514515735545255
power bank fast charging,INIU Leopard Power 20000mAh Fast Charging Power Bank,69.99,,4.8,7.0,Target,15.0,Free delivery by Sat,,https://encrypted-tbn1.gstatic.com/shopping?q=tbn:ANd9GcSn-ziOzfPfR0I7Jsz_ANinC74rvwR3S7T0hfr2BBV-9u6ZZxnTLsiisjtxaU8nbhwIs6IkFYCHVrlumRmkdtMHWpWJtnWG,INIU,Low,86.0,0.0,Excellent,Low,9.981319400063212,8.74875,9.981319400063212,Low,412.8,0.09860543738554726
power bank fast charging,UGreen 12000mAh 100W 1C1A Powerbank,49.99,,4.8,268.0,Best Buy,16.0,Free delivery by Tue,,https://encrypted-tbn3.gstatic.com/shopping?q=tbn:ANd9GcQAGvj6LRHC865SY3DNIDecfNxukgQ9YsQwj6ALLQ_6CmVjT9SsiwhX0B1e46NRnXisdt3xqpc8JybyMSze_V39YPKdfTz1PPPt9m5RoOKfSR52Gy_HZe9MDi4,UGreen,Low,85.0,0.0,Excellent,Low,26.854614622088828,0.1858364312267658,26.854614622088828,Low,408.0,5.255932535791332
power bank fast charging,Anker Power Bank 30W,49.97,,4.5,1200.0,Walmart,17.0,Free delivery,,https://encrypted-tbn1.gstatic.com/shopping?q=tbn:ANd9GcQg3WOcrkXbUq0O4pbmpw7oyvmF44IfK-3XRsy0_ywgLsI7SOTtgMaernwiDkE-y0kBWHE_B40NbwNokrFxF_t6IcLvDdOkU_fcGJd8mvfMDC5rtws3A8qyVQ,Anker,Low,84.0,0.0,Excellent,Medium,31.909094199359927,0.04160699417152373,31.909094199359927,Low,378.0,23.543260741612713
power bank fast charging,EcoFlow RAPID Pro Power Bank,219.99,,4.7,6.0,Ecoflow Official,18.0,Free delivery,,https://encrypted-tbn2.gstatic.com/shopping?q=tbn:ANd9GcR4KYW3-w5FRz5yrlK3ZYTsztJipYWlzVr01lf8nV_fHk0zMBb1guwQFGofQCr7vCD9jmqEEhZfDec6WqYZv-5qplZ7ExPGJkwikB04r0JT0JOEujIpT_Sqkwwr,EcoFlow,Low,83.0,0.0,Excellent,Low,9.145777700559973,31.427142857142858,9.145777700559973,Low,390.1,0.027150549798633423
power bank fast charging,Nestout 10000mAh Power Bank,54.99,,4.7,22.0,Uncrate,19.0,Free delivery on $250+,,https://encrypted-tbn2.gstatic.com/shopping?q=tbn:ANd9GcRZAPpMlhI5KnO0AAIScBmeAk0Wq15Oso7HTIJQPDBAcuzkmxfKyA9HMgD0dDbM6RRupf0X5BEbMf3p9jEAvH11h6boriECjMosXEO7q96L,Nestout,Low,82.0,0.0,Excellent,Low,14.736822814867004,2.3908695652173915,14.736822814867004,Low,385.40000000000003,0.3929273084479371
power bank fast charging,Anker Power Bank,29.99,,4.8,565.0,Best Buy,20.0,Unknown,,https://encrypted-tbn0.gstatic.com/shopping?q=tbn:ANd9GcTmmf7tg5YluwEn7T_HesCKjPR7jpKt_fIy7NrLMV4No0i59Y9HTctIrZuzoImegY-wYjLLlifxiDm6KZses3K6K9y1AIZUTWh79yQW3InP,Anker,Low,81.0,0.0,Excellent,Low,30.425251575375277,0.052985865724381624,30.425251575375277,Low,388.8,18.231687641174574
power bank fast charging,"Portable Charger 10000mAh Power Bank Fast Charging 22.5w Battery Pack with usb C/usb A Output LED Display,for iPhone 16/15/14 Series",13.99,,4.8,114.0,Walmart - Donerton-Direct,21.0,Unknown,,https://encrypted-tbn3.gstatic.com/shopping?q=tbn:ANd9GcRrhfk1sm5uJXAijQu8Nx-HxvUudT33pbJU3mjEUOxoy1tLXimqMrNW7xTXfDq9tpJPPY980ZxqG9_UkpDSBBmxoSMpKwQsPw,Portable,Low,80.0,0.0,Excellent,Low,22.7756742161436,0.12165217391304348,22.7756742161436,Low,384.0,7.605070046697798
power bank fast charging,P50-E1 45W 10000mAh Smallest Power Bank,30.99,,4.9,96.0,Iniushop,22.0,Free delivery,,https://encrypted-tbn1.gstatic.com/shopping?q=tbn:ANd9GcTN8jxq7zuLJ60BZ-Lj63Pqb1mLgWm9SodPhxty-pOvCtQeyaBN5gwFoSEggi-p9K54TVQu56mH9mf3sQfgo8zGGECfmuwVpVAY7OL7jgNgoJ59Wwqx35sYlkY,P50-E1,Low,79.0,0.0,Excellent,Low,22.416083794666577,0.31948453608247424,22.416083794666577,Low,387.1,3.0009377930603316
power bank fast charging,"Xtreme Pro 20,000mAh Portable Charger – 20W Fast Charging Power Bank with Usb-c Power Delivery & Quick Charge Usb-a",29.99,,4.5,0.0,Target,23.0,Free delivery on $35+,,https://encrypted-tbn3.gstatic.com/shopping?q=tbn:ANd9GcTBQRxc34jJyjYnjcx5tOhoYEPjO3id17hV3gZeRklQpKJjNCINdZp_VdcLgdxVGsd4NuI1km8_toQHOXbNbL5V3R2MA0WTeg,Xtreme,Low,78.0,0.0,Excellent,No Reviews,0.0,29.99,0.0,Low,351.0,0.0
power bank fast charging,"Energizer Ultimate Lithium 50,000 mAh 30W Power Delivery 3-Port USB-C Universal Portable Battery Charger/Power Bank w/ LCD Display",69.99,,4.6,103.0,Best Buy,24.0,Free delivery by Tue,,https://encrypted-tbn0.gstatic.com/shopping?q=tbn:ANd9GcR-umm87fg1pc8O4Vx-V0Drsr9UjpoKxF22gCEIvIJ9Noy_ZWY_Q3RB-2q7orVfCGjwjzG7Pqpe1PyikJPLxUnbAsILYYBDa0a137KeKA4,Energizer,Low,77.0,0.0,Excellent,Low,21.364198136050312,0.6729807692307692,21.364198136050312,Low,354.2,1.4509085786730527
power bank fast charging,Baseus EnerFill FM12 Qi2 Magnetic Power Bank 10000mAh 22.5W,39.99,,4.5,477.0,Baseus Us,25.0,Free delivery by Fri,,https://encrypted-tbn2.gstatic.com/shopping?q=tbn:ANd9GcTBrXSVkG7FiEpSH-AjA9nQcKT61KCWgh-yXop-WCWXoK7Cshg3c_ndXH0BX8JpoRzTOiALl-ibtxumEDBMelsh1uqulLkWxyt6FIbKboQjqVQWiT24MG_miw,Baseus,Low,76.0,0.0,Excellent,Low,27.763248296211554,0.08366108786610879,27.763248296211554,Low,342.0,11.636984630397658
power bank fast charging,Iniu Portable Charger Ultra Small 10000mAh 45W PD Usb-c in&out Power Bank,29.99,,4.7,16.0,Walmart - Iniu,26.0,Unknown,,https://encrypted-tbn2.gstatic.com/shopping?q=tbn:ANd9GcSFec65Hif4bgeW495sYCSgMsYcdLT_eBeBl723gpM6LfOFNeOJw0aNDDclz2hpULE1TBKy0GOdivOqptuXq15BR-0tdpo0OpPVe2qUgDsswL_wxYvcpyg_TPE,Iniu,Low,75.0,0.0,Excellent,Low,13.316102717064217,1.7641176470588233,13.316102717064217,Low,352.5,0.516295579219103
power bank fast charging,"FLEXTAIL Zero Power Bank Best Outdoor Lightest 10,000mAh Power Bank with Fast Charging",28.99,,3.7,467.0,Flextail.Com,27.0,Free delivery,,https://encrypted-tbn1.gstatic.com/shopping?q=tbn:ANd9GcQ_Hr0PfkvpiNuvKK6THXn6hGiHQYIKQMzWUgMA-w0SqRKmbjDtnXqvtylru2-iAQFf38vF7UR5NZ0szQiboDmz5hbK2xgzSElzrQU4oLRsVmB5BMm01-WMSGc,FLEXTAIL,Low,74.0,0.0,Average,Low,22.749332694895294,0.06194444444444444,22.749332694895294,Low,273.8,15.571857285761922
power bank fast charging,Belkin 10K BoostCharge Power Bank with Display bpb027fq,44.99,,4.8,156.0,Lenovo,28.0,Free delivery,,https://encrypted-tbn2.gstatic.com/shopping?q=tbn:ANd9GcTnEswDj1ptarn5Cmhi5vt24lJGgT5A4-yQUT2DMzWZ4JzKrYT1AzQewQAUvGfCxY0A0pqet4huwmI1vlzG1nCBMFGMGosEUQ,Belkin,Low,73.0,0.0,Excellent,Low,24.269979865671875,0.28656050955414014,24.269979865671875,Low,350.4,3.3920417482061316
power bank fast charging,Nimble Champ Portable Charger,59.95,,4.6,111.0,Crutchfield,29.0,Free delivery by Wed,,https://encrypted-tbn0.gstatic.com/shopping?q=tbn:ANd9GcR3Z72qhK5_UXv7wEvLqJXpGKgWj-4INjfuBFHBM_e_rrmWv0YKM_h5iLcL_s6vgInZaDEt7a0fnenDM-9tOPHpG4k61iXIPO1sBm1A5UXk,Nimble,Low,72.0,0.0,Excellent,Low,21.70509480795743,0.5352678571428572,21.70509480795743,Low,331.2,1.8211648892534864
power bank fast charging,INIU Portable Charger Compact 10000mAh PD 45W Power Bank with Built-in Cable & Paw Indicator for iPhone,24.99,,5.0,1.0,Best Buy,30.0,Unknown,,https://encrypted-tbn3.gstatic.com/shopping?q=tbn:ANd9GcTJ5-BCu6ZMutDMFq_iQRfhP2RIqyvpnLQyREC4Zzbo0wvTktWsjIVekBjDjin-tPVl7HgVb-hg-v-1XM0V0U_7f6ll1I1OKJjkpHOxmTc_SRgIKcAoOdYXrg,INIU,Low,71.0,0.0,Excellent,Low,3.4657359027997265,12.495,3.4657359027997265,Low,355.0,0.038476337052712584
power bank fast charging,"Liquipel Powertek 20,000mAh Portable Charger PD Power Bank with Usb-c",22.88,,3.4,208.0,Walmart,31.0,Unknown,,https://encrypted-tbn1.gstatic.com/shopping?q=tbn:ANd9GcRvHdhyY-9jNZbg7jOn0fqwI7iwleU-HkdqtSX0EHQa0xL3bZCL4m-jfNbCtUf9t0jPNwGhajL99G4HrIMN3CabFlGLMVZziaaLFsdvy1GGgjZTdpqHRXiZ,Liquipel,Low,70.0,0.0,Average,Low,18.163936456680357,0.1094736842105263,18.163936456680357,Low,238.0,8.710217755443887
power bank fast charging,Anker Prime Power Bank with Charging Base,279.99,,4.9,73.0,Anker Us,32.0,Free delivery,,https://encrypted-tbn3.gstatic.com/shopping?q=tbn:ANd9GcSAlIvm4_6CBf_Qfm7N7JSdCDq0QRR-t3_f7PuUOBClendrDt-wNKCUmJqIrnkP4QfCRTp77E-3Zw9QwIQeQM5Ak_Ll4lJEDokvvT70Hajz58mD_M5oiHil,Anker,Low,69.0,0.0,Excellent,Low,21.089918956700437,3.783648648648649,21.089918956700437,Low,338.1,0.25979572226769637
power bank fast charging,Sharge HyperTower 45 10000mAh Power Bank,19.9,,4.5,0.0,Sharge,33.0,Free delivery on $100+,,https://encrypted-tbn3.gstatic.com/shopping?q=tbn:ANd9GcQZUvdyoCPpQTKRUIQgHEtiDnwaew-Xlfq1yJHqUes_qDQShDJuTjqLpI9pYz3JiwEts6UwNXLSrmGtjV-toRbqCLSsdtUI9hVGxCE1w-njDeiOJ90kRAQXrA,Sharge,Low,68.0,0.0,Excellent,No Reviews,0.0,19.9,0.0,Low,306.0,0.0
power bank fast charging,Ridge Power Bank 10k mAh Bundle,139.0,,4.5,0.0,The Ridge,34.0,Free delivery by Fri,,https://encrypted-tbn2.gstatic.com/shopping?q=tbn:ANd9GcRZ6AvPUUuZc9A0ZBfb-SuFHUO-yOxiczVqgWFUcgWUBKrXTTngGw4SOTDMOQaJlzBhKrXm3B5S509ogMKr70TIO7QEcdDyJc5sJhO5IR8iWOfw7EADL5BftWSJ,Ridge,Low,67.0,0.0,Excellent,No Reviews,0.0,139.0,0.0,Low,301.5,0.0
power bank fast charging,Portable Charger Power Bank 20000mAh 30W PD QC 4.0 Fast Charging Travel Battery Pack with Usb-c,20.99,,4.5,0.0,Walmart - Kewlix,35.0,Free delivery,,https://encrypted-tbn1.gstatic.com/shopping?q=tbn:ANd9GcTtb0jexoW3NFoMm2nI2ayUQims1LAy_V1f19uu5TxKYIgxQ18f8yX8GkSkir1JitRxJDutf4z7bc62WJDNHIKO8bcEMji3hw,Portable,Low,66.0,0.0,Excellent,No Reviews,0.0,20.99,0.0,Low,297.0,0.0
power bank fast charging,INIU Pocket Power 45W Fast Charging 10000mAh Ultra Small Power Bank with LED display,29.99,,4.8,25.0,Best Buy,36.0,Unknown,,https://encrypted-tbn2.gstatic.com/shopping?q=tbn:ANd9GcTmfVWwCL2Qwx8wnT_dlYzOK8ejuQb8DEtNx4WJOorYda91S163ZiYOfx6ZdEXGC3_ROy8ayLNhIAu7PzqlpXmHpxht4u8i0AFB0hVmt8uQ60x-cre45HIM,INIU,Low,65.0,0.0,Excellent,Low,15.638863382503114,1.1534615384615383,15.638863382503114,Low,312.0,0.8067118425298484
power bank fast charging,Nitecore NB10000 Power Bank,59.95,,4.7,327.0,Nitecore Store,37.0,Free delivery,,https://encrypted-tbn1.gstatic.com/shopping?q=tbn:ANd9GcQPcwhKATWmSh8qX_9vVHm8SFEGnTAlcQvSE76L6MjB2u1n9pgtLwNPUfhqMXnV3opesOlDxsi7fNbBgFMk5g8hSZZBunqFYSCIxf4RQx0y5x9n6jNE46ofa5eq,Nitecore,Low,64.0,0.0,Excellent,Low,27.227163959405477,0.18277439024390243,27.227163959405477,Low,300.8,5.365053322395406
power bank fast charging,Hypergear Fast Charge Power Bank with 20W USB-C PD 15458,37.99,,4.4,5.0,Office Depot,38.0,Unknown,,https://encrypted-tbn1.gstatic.com/shopping?q=tbn:ANd9GcTf7Bv0hBfnx0w5k5on1hJKC9ESnmLoJzM2i3ksY2Sy9Pc_Xm7com4YLvmrnjyN1SAZlbUKUYdoaP9wERC4qUUqSpodERg5,Hypergear,Low,63.0,0.0,Good,Low,7.883741664603442,6.331666666666667,7.883741664603442,Low,277.20000000000005,0.12823800974608873
power bank fast charging,Powerpulse20k Usb-c Power Bank 20000mAh 22.5w Fast Charging Portable Charger with Display,18.99,,5.0,1.0,Walmart - Tekinfinite,39.0,Free delivery,,https://encrypted-tbn0.gstatic.com/shopping?q=tbn:ANd9GcRSbe7t4-VBy28gllQmGJEVTiX7hCpdkY3LpoCD_jjzma1sTBO-FtIzTfQkacYdVr3Ny06WOoRS0RG4oTB69BJE-rNPdOpr,Powerpulse20k,Low,62.0,0.0,Excellent,Low,3.4657359027997265,9.495,3.4657359027997265,Low,310.0,0.05002501250625313
power bank fast charging,Anker MagGo Power Bank,49.95,,4.5,0.0,Apple,40.0,Free next-day delivery,,https://encrypted-tbn3.gstatic.com/shopping?q=tbn:ANd9GcSsXnvxthaELSwlj_v8aRhB3y8aizOsT3NQS4z-0p7lZ_0Mp5MNfpyTU0kejOqFjKfvBZgUJWABX8NbTjBkHTkh_v2IX8ZrpHkNDi1tqlxHoHvU847qDaY4dKU,Anker,Low,61.0,0.0,Excellent,No Reviews,0.0,49.95,0.0,Low,274.5,0.0
air fryer India,Gourmia Digital 3qt Air Fryer with Guided Cooking Prompts,39.99,,3.8,177.0,Target,1.0,Free delivery by Sat,,https://encrypted-tbn3.gstatic.com/shopping?q=tbn:ANd9GcQ267IRxTXa7GtOuoVI8FUrluKjKyy8CAHBwFFrAmaveZosfI0_jez579PeY075q9GbPPUGkq_3JtK1XnV3uximj9SxnHaF,Gourmia,Low,100.0,0.0,Average,Low,19.690777491109923,0.22466292134831461,19.690777491109923,Low,380.0,4.318126372285923
air fryer India,SOLARA 12L Air Fryer Oven OTG 1800W,76.48,,4.7,2300.0,Velan Store,2.0,Unknown,,https://encrypted-tbn2.gstatic.com/shopping?q=tbn:ANd9GcQYxVrdrA1PCXnT5yjostR1b5ZacBiOoQIOhEB16N3PYKS8pOzY-R1637cj5Bf6w6gXfz8ZCtODEB8w8IMun5kefz1xgdtJnhz-zNKlRutkBRbls1pzR5J8,SOLARA,Low,99.0,0.0,Excellent,Medium,36.38316572316622,0.03323772272924815,36.38316572316622,Low,465.3,29.68508002065049
air fryer India,Ninja Crispi 4-in-1 Portable Glass Air Fryer Cooking System,159.99,,4.5,2600.0,Sharkninja,3.0,Free delivery by Fri,,https://encrypted-tbn0.gstatic.com/shopping?q=tbn:ANd9GcRkffa1w4qndRxtNgLGUzIm-bjHinoiZ5HmyIu1VFRgOAmKFGFDUN1JFviOgq-fwLUxYAHmIC_sUHd48VqHgxoUFYaiGCSXT1CdxYkUtMM9Af1D3n1osTVL8Q,Ninja,Low,98.0,0.0,Excellent,Medium,35.38643069451893,0.061510957324106115,35.38643069451893,Low,441.0,16.15007143300826
air fryer India,Prestige Nutrifry Digital Air Fryer 4.5L,38.69,,4.5,41.0,Ysvara Lifestyle,4.0,Free delivery,,https://encrypted-tbn2.gstatic.com/shopping?q=tbn:ANd9GcQwtWwC8xIh9zJ06GJ7yZxSyPPM3M7OdPanPNMsvyWgX5bbwI_Fj83r8SxeyOr5EbxyRLiaI50Fu6PWO27ZAqwwN6zSS7nhH9YzrqxAcZYTL2gjoG03YJ_d,Prestige,Low,97.0,0.0,Excellent,Low,16.819513282275157,0.9211904761904761,16.819513282275157,Low,436.5,1.0330057949105569
air fryer India,Pigeon Healthifry Digital Air Fryer 360° High Speed Air Circulation Technology 1200 W with Non-Stick 4.2 L Basket,175.71,,4.0,309.0,Pushmycart,5.0,Free delivery,,https://encrypted-tbn3.gstatic.com/shopping?q=tbn:ANd9GcSN0EYCYaXexTQXXj3k9faYLp0K9ot5dGxkkvBbNwRxzCifBqJyqYlzJ5IDys_QLuACcLPz_YNAAHoCtDUAiUdSzBYeBvly1t_3I-JcgCy9KyQ2C5jKl8PSrw,Pigeon,Low,96.0,0.0,Good,Low,22.94628918991677,0.5668064516129032,22.94628918991677,Low,384.0,1.7486276950936561
air fryer India,Cosori Iconic Stainless Steel 6.5-Quart Smart Air Fryer,249.0,,4.9,24.0,Cosori,6.0,Free delivery,,https://encrypted-tbn2.gstatic.com/shopping?q=tbn:ANd9GcSvINg_vdhzZY8I17WdNKTmr44gLwI9IQY4djHK51x0aD4SREV4nxtrhGdMEfPU_tKc1XOI139-bN6YwljwDttlvNauVeqfAdp_gxfykAM5Z4ltxuHiGs9fTQ,Cosori,Low,95.0,0.0,Excellent,Low,15.772491541854183,9.96,15.772491541854183,Low,465.50000000000006,0.096
air fryer India,Wonderchef Evita Digital Air Fryer,56.6,,4.5,0.0,Velan Store,7.0,Unknown,,https://encrypted-tbn1.gstatic.com/shopping?q=tbn:ANd9GcT5_XuZ3EfMQvlDoVS81Uwb0mHvkIclYFCqiTlIsxuFTjwfavkyG7zfpnoXYogmjlfMnWFaHREYONgftbXCy-YnApevxMNyuUc6nSNkXfj8A4jOU2Ymp8f4,Wonderchef,Low,94.0,0.0,Excellent,No Reviews,0.0,56.6,0.0,Low,423.0,0.0
air fryer India,INALSA Air Fryer Oven With 23L Capacity|1700 W-16 Preset Programs |Digital Display and Touch Control,136.29,,4.5,0.0,Ysvara Lifestyle,8.0,Free delivery,,https://encrypted-tbn2.gstatic.com/shopping?q=tbn:ANd9GcQ0cFrsLpOkw9RxY86sierM5_AlMa9pELd0Sw0B3xrv6exMRU0w6U-s9YZ1pTjzQVQL1GxnNJy29l4um4d36qmpzxwaxOvywcUp_VWR1zqU9JWApiLHLoZ__0yQ,INALSA,Low,93.0,0.0,Excellent,No Reviews,0.0,136.29,0.0,Low,418.5,0.0
air fryer India,Wonderchef Caruso Digital Air Fryer,550.0,,4.5,0.0,Buyindiankitchen,9.0,Free delivery,,https://encrypted-tbn3.gstatic.com/shopping?q=tbn:ANd9GcTW9i00yGS-eOubc9VzIsS1uyrGl9b99aFrxGuWQUfOv7lC7e-Q0vthYbpQXLUSpeYuvlT3QiKl4i9-rvxFd6PtB2q-k3h2qP3PYodz2IY8BN43iE7ZZmbPWQ,Wonderchef,Low,92.0,0.0,Excellent,No Reviews,0.0,550.0,0.0,Medium,414.0,0.0
air fryer India,Ninja Crispi Glass Air Fryer 4-Qt 3-in-1,149.0,,4.6,322.0,Walmart,10.0,Free delivery,,https://encrypted-tbn0.gstatic.com/shopping?q=tbn:ANd9GcTRtyxlsnzGvW5fEsrySah8xT5tF83bibGW7VfkKcbVsLzAKi7GB66Tq_IJ9a1e8_41rAwe7e8S9vwvlfjKqf2B58xPFCpe3MvdBUyJBEx841KGXeDXYWAU,Ninja,Low,91.0,0.0,Excellent,Low,26.577200686824217,0.4613003095975232,26.577200686824217,Low,418.59999999999997,2.1466666666666665
air fryer India,KENT 16096 Classic Hot Air Fryer 4L 1300 W 80% Less Oil Instant Electric Air Fryer,31.44,,5.0,4.0,Ysvara Lifestyle,11.0,Free delivery,,https://encrypted-tbn1.gstatic.com/shopping?q=tbn:ANd9GcTD-g-v16g49PEVSaSu462RSoewA-DpUAG3XgmmMEDrPL9IKAGAAm6E_vtAikRQ06XnP-ayYhHGbFvNOA17_NumW6-nU3BOkMu9Yz_w1NMJLvp8zPil0bHZqw,KENT,Low,90.0,0.0,Excellent,Low,8.047189562170502,6.288,8.047189562170502,Low,450.0,0.12330456226880396
air fryer India,Ninja Crispi Pro 6-in-1 Glass Air Fryer as101,299.99,,4.6,262.0,Sharkninja,12.0,Free delivery by Fri,,https://encrypted-tbn1.gstatic.com/shopping?q=tbn:ANd9GcQ8_1oMPZcNUUaR3CVQ-NkG6TLHy54nKOe9_2DaZkGzIpi52LpRbVVeHoFrhRLXCbAmp_SfgA4tmdfXNFyBtAYIc3-rPjLiYqqh_Fa9QAKUNtRmWvU7XnCBmA,Ninja,Low,89.0,0.0,Excellent,Low,25.631908548017716,1.1406463878326996,25.631908548017716,Low,409.4,0.870460812651583
air fryer India,"Pigeon by Stovekraft Air Fryer Oven 12L | 1800W | 2-in-1 Appliance - AirfryerOTG | Digital Touchscreen | 9 Preset Menu | Air Fry, Bake, Broil, Toast,",75.48,,4.5,0.0,Velan Store,13.0,Unknown,,https://encrypted-tbn2.gstatic.com/shopping?q=tbn:ANd9GcRnc04HLqqmEmTFZeff--osv1KiZ4Tq5r5HzilxmwJ-HTxhJOBZYz32wFkz3OMF831hG4Slsra3bTNfHRN847pkc5LCR1Cf7_bYIQSUcJBR3_we9_Bv43SGxsVP,Pigeon,Low,88.0,0.0,Excellent,No Reviews,0.0,75.48,0.0,Low,396.0,0.0
air fryer India,Cuckoo CAFG-A0601S 6-Quart Countertop Air Grill & Air Fryer,249.99,,4.4,33.0,Cuckoo Electronics America,14.0,Free delivery,,https://encrypted-tbn1.gstatic.com/shopping?q=tbn:ANd9GcRjBoHV7aa7FwxFMp5xOZpKV4AbEySKHSV9IMo-XcTorhPqXEO4l0LhtCaWqS7QdYgG1QLwM2mEkX8PBZLOnYposRz7D3McyC4gQ7V-CJdQAppMpXG-AkOS,Cuckoo,Low,87.0,0.0,Good,Low,15.515986308311112,7.352647058823529,15.515986308311112,Low,382.8,0.13147934180644646
air fryer India,Havells Prolife Neo 4.5 L Air Fryer|Digital Display With Led|8 Pre Set Menu|Auto Shutoff|Cool Touch Handle|60 Min Timer|1500W,62.59,,4.6,8.0,Ysvara Lifestyle,15.0,Free delivery,,https://encrypted-tbn3.gstatic.com/shopping?q=tbn:ANd9GcSV7UmmsQpP66AUCPugcPunNsJRpNPGqcdCJ5EVnWSkGxdy2BkeTVa-yhFrkvZMNeXAsHbRjkZ1CPntZuu-sCUUNOgjsc5ZpuxwLGDOubprPiP9B8WUcOV3,Havells,Low,86.0,0.0,Excellent,Low,10.10723305574661,6.954444444444444,10.10723305574661,Low,395.59999999999997,0.12580594433086964
air fryer India,Instant Pot 4-Qt. Vortex Mini Air Fryer,60.99,,4.6,60.0,Target,16.0,Free delivery by Sat,,https://encrypted-tbn1.gstatic.com/shopping?q=tbn:ANd9GcRBzOehSFyT_4n3NGyU0hp6EHgplQBVlLs-bKNJbXjxPwntiy7cj8lqNqEloUWMSMZMFLqNWEnyrFYxdX2I9T7p6dHwoaLv,Instant,Low,85.0,0.0,Excellent,Low,18.91001977519723,0.9998360655737705,18.91001977519723,Low,390.99999999999994,0.9678980480722696
air fryer India,Ninja Prestige Smart Xl Air Fryer & Countertop Oven,453.99,,4.5,0.0,1800Flowers.Com,17.0,Unknown,,https://encrypted-tbn3.gstatic.com/shopping?q=tbn:ANd9GcSwOfgY_bpr6KHYM42iF8fjaZXZ79ClVc0-TkhSAUOG0a-SOC8ww777U9gaAfjlOTQwKBkdT_s1CCO8YA8C5Dxfek0qZbhYktP-8skrqxqbVXyHVdpGEloqHg,Ninja,Low,84.0,0.0,Excellent,No Reviews,0.0,453.99,0.0,Low,378.0,0.0
air fryer India,Ninja Crispi Pro 6-in-1 Glass Air Fryer in Stone and Gold as101sd,299.99,,4.6,126.0,Sharkninja,18.0,Free delivery by Fri,,https://encrypted-tbn3.gstatic.com/shopping?q=tbn:ANd9GcQfiFe9N3bid6nko2UcHv9r05mZNMXgV4rB7opyObifwV_jn9VhNUlcZ7PCTruVG6aJBgXfOFH6bAtc8xyoan9fy5hTNEwb393eGcIQCFvE3xfN-2ShtShzhg,Ninja,Low,83.0,0.0,Excellent,Low,22.283260597709518,2.3621259842519686,22.283260597709518,Low,381.79999999999995,0.4186185587561048
air fryer India,"Air fryer Philips NA120/00 Black 1500 W 4,2 L",49.34,,4.7,429.0,Ysvara Lifestyle,19.0,Free delivery,,https://encrypted-tbn1.gstatic.com/shopping?q=tbn:ANd9GcTnPrM-ZVfBwHEhG-8Wnc6ERrRnha2SB9Y052DWXzzbuzojSHjmIvgFmqb-gqoa2QjJ0l30hhx1xUgc8VciRzRQ7yXSZegLpA,Air,Low,82.0,0.0,Excellent,Low,28.49979048083176,0.11474418604651164,28.49979048083176,Low,385.40000000000003,8.522050059594756
air fryer India,Premium Levella Paf580 5.8 Quart 1500-Watt Countertop Electric Air Fryer with Timer,99.49,,3.7,3.0,Premium Levella,20.0,Free delivery by Fri,,https://encrypted-tbn3.gstatic.com/shopping?q=tbn:ANd9GcTqXrmKvm5bYB3zwvGkqTQVUbqBJ0F3irposORcUHlrLBJOxmwen0PO1igCFsPbbl_0qtFt-ldr-H6G-bWlvGOcL8S7pyltFreJtn6YAG1YRs4_3Y83vJWr_w,Premium,Low,81.0,0.0,Average,Low,5.129289136143595,24.8725,5.129289136143595,Low,299.7,0.029853716787740073
air fryer India,Ninja Crispi 5-in-1 Portable Glass Air Fryer Cooking System,219.98,,4.4,833.0,Walmart - Warmfortune,21.0,Free delivery,,https://encrypted-tbn3.gstatic.com/shopping?q=tbn:ANd9GcQwDlMbSbxXxLuzDf1kyQUjRs9-bxfIE1FQnU5HIPOpEFqmaWJSoFsxU1vaq05O_VnA8ApSol9KUuVuc13xPviVTjxQ4EcE6LCkrJxQPQyyzafNCX210QRAmA,Ninja,Low,80.0,0.0,Good,Low,29.59542697037849,0.2637649880095923,29.59542697037849,Low,352.0,3.769571906959906
air fryer India,12-in-1 Steam & Air Fryer Countertop Oven 25.4QT Family-Size Smart Oven with 1600W Power & Stainless Steel Interior,229.99,,4.5,0.0,Ciarragadgets,22.0,Free delivery,,https://encrypted-tbn0.gstatic.com/shopping?q=tbn:ANd9GcRyjvHOuiG5to6T5EoIfmmlnGIF3P1BsodDwKfjCTHP8dt72JhnAr5trqgnTmTEQK5XYF4Jh9SShDrPM83_UoQ-F6Rc2dkRfzOaIGvSgHK32PI9DcNG6e6T,12-in-1,Low,79.0,0.0,Excellent,No Reviews,0.0,229.99,0.0,Low,355.5,0.0
air fryer India,Faber Air Fryer Oven 20L,100.64,,4.5,0.0,Ysvara Lifestyle,23.0,Free delivery,,https://encrypted-tbn1.gstatic.com/shopping?q=tbn:ANd9GcRMwHDdhpVpvM_YrrvaSLLjNvSI2f5WVkZY0zYes_GN_hfwWecOshh3ukQMvvW72uSY09K5MHfGz4VkjUykyL4C0XpG8VXI,Faber,Low,78.0,0.0,Excellent,No Reviews,0.0,100.64,0.0,Low,351.0,0.0
air fryer India,Ninja Prestige Smart XL Air Fryer & Countertop Oven with Pro Cook System,249.99,,4.7,404.0,Sharkninja,24.0,Free delivery by Fri,,https://encrypted-tbn3.gstatic.com/shopping?q=tbn:ANd9GcQJHS4ITCBlkgBVGPKZPDcm5hTQYqUyWjnNx26NHQnS-JZDoCwt8k7KHgI7VJ19GjyUPlh-dhp7Lx4FmptvVFBLopKNSXrrswt3iSlTzTbECoYfCwo9WZDhEMc,Ninja,Low,77.0,0.0,Excellent,Low,28.218269215400735,0.6172592592592593,28.218269215400735,Low,361.90000000000003,1.6096258815092235
air fryer India,Guy Fieri's Flavortown 6.5 Quart Steam Air Fryer with Moisture Lock Technology Programmable Steamer and Air Fryer Combination,89.99,,4.5,0.0,Guy Fieri'S Flavortown,25.0,Free delivery on $99+,,https://encrypted-tbn0.gstatic.com/shopping?q=tbn:ANd9GcRc1iIafS0YUAjvcWBqb4jso-Ha6eGY0tU_q5g-ZYlY5o-qW4U0OoMXAxdfJi89Xc_GtPk_aYa1t-D7lsYx_ATSuwGLY7i61C4uFLSckBnrQ91wMTlsWFnigQ,Guy,Low,76.0,0.0,Excellent,No Reviews,0.0,89.99,0.0,Low,342.0,0.0
air fryer India,Ninja Prestige Smart XL Air Fryer Countertop Oven,399.99,,4.7,68.0,Gilt.Com,26.0,Unknown,,https://encrypted-tbn2.gstatic.com/shopping?q=tbn:ANd9GcTYCFVvM0VnK-nvPPNX8zMqinIStOF8TR1rhogkPCTg-7h8wEQcxC9Q1n5QURrQepTtsCCf_1CGZWe1lB6nwgZYpVWPtvpVUo7CsOkUmz6kupn5QGdd1FiL,Ninja,Low,75.0,0.0,Excellent,Low,19.900300571607122,5.796956521739131,19.900300571607122,Low,352.5,0.1695802887852565
air fryer India,Morphy Richards 5L Digital Air Fryer,53.46,,4.0,15.0,Ysvara Lifestyle,27.0,Free delivery,,https://encrypted-tbn0.gstatic.com/shopping?q=tbn:ANd9GcSxORZ6cUb_98RFkpmkwCfwi-m4vLXGOL_YVSQRua5xX6doEm_I1MYE4VSmxXd94SFd0TCn7JqUWfVzGmr7fkbwl_3UFcLD55QW8GX9bCS_Dzrr-eUgH_W-60Y,Morphy,Low,74.0,0.0,Good,Low,11.090354888959125,3.34125,11.090354888959125,Low,296.0,0.2754315093646713
air fryer India,Digital 7-Quart Air Fryer,129.99,,4.5,0.0,Seventh Avenue,28.0,Unknown,,https://encrypted-tbn2.gstatic.com/shopping?q=tbn:ANd9GcQspyLeCEj-7i5-RwrjmwDb3BTS3kRWtdpcZcGmEMpexyzZNrgYVrJ0ibT3zrqbTxnB3BkWUxqaj81frEv_-66yJeMpWEEYmeI-A9lcPByA,Digital,Low,73.0,0.0,Excellent,No Reviews,0.0,129.99,0.0,Low,328.5,0.0
air fryer India,Ninja Combi-All-in-One Multicooker/Oven/Air Fryer,199.99,,4.5,522.0,Sharkninja,29.0,Free delivery by Fri,,https://encrypted-tbn0.gstatic.com/shopping?q=tbn:ANd9GcQ5045WP78BkEiuTBY7dNbixQpS9qWpvB7vOwO2_H9A4izGSC1JmyIYUupTxLk5O__AvVCAkteSD3eyBDhDSuWiUD3IvoLL0KIrniofjvG1t63OOctS-3SzjSs,Ninja,Low,72.0,0.0,Excellent,Low,28.168116588292154,0.3823900573613767,28.168116588292154,Low,324.0,2.597144136524205
air fryer India,GreenPan Elite Convection Air Fry Oven,399.99,,4.6,89.0,Greenpan,30.0,Free delivery,,https://encrypted-tbn3.gstatic.com/shopping?q=tbn:ANd9GcRcF8kzAcvj940Q50gcGw_6L5Xap0FCQSBEsT0W4fPw3jr90S8oXiPSy4nLzqLmItcp9567G_EgdR02IFn6t4SE0vL2Z5X6v0nDoCBeAoFIKJcyfrIbXflyPg,GreenPan,Low,71.0,0.0,Excellent,Low,20.699124483519217,4.444333333333334,20.699124483519217,Low,326.59999999999997,0.2219506720865857
air fryer India,"Air Fryer Philips NA221/00 1500 W 4,2 L Black/Silver",83.04,,4.8,2900.0,Ysvara Lifestyle,31.0,Free delivery,,https://encrypted-tbn3.gstatic.com/shopping?q=tbn:ANd9GcS6W_eGLFHhU6oPznpNrBxziC62vo_rz2ulITimGb6JnH5xIoY-CTdBpZvjWGEflXkHsHZyXVvws-0xBlzWuBFLqA3v6ZxgJQ,Air,Low,70.0,0.0,Excellent,Medium,38.26949176378274,0.02862461220268873,38.26949176378274,Low,336.0,34.50737743931461
air fryer India,Breville Smart Oven Air Fryer,349.95,,4.5,4800.0,Spoon & Whisk,32.0,Unknown,,https://encrypted-tbn0.gstatic.com/shopping?q=tbn:ANd9GcRmHnpIHT430Ws_w_o5iHJ8S3E6tTXhJGDVj801otGte8YjrMJLmFKqE7-uNdv7z7kdBVzL0BKrLVX3oIcC61mNSVWsL0bATA,Breville,Low,69.0,0.0,Excellent,High,38.14460778838924,0.07289106436159133,38.14460778838924,Low,310.5,13.677161988887306
air fryer India,8-in-1 8 qt Digital Air Fryer Oven 2-Baskets,159.0,,4.5,0.0,Premium Levella,33.0,Free delivery by Fri,,https://encrypted-tbn3.gstatic.com/shopping?q=tbn:ANd9GcTsvfAXNHTTqxOUgJ3s3KAhnErQMatNuMMqzLGt2ySidwv0G6bYHZWoxpDCr-cp04AHAQKccTaU667qe9ClNOf64l4397tcl9x4ws1IqbB6sNPj1OHPrcloJw,8-in-1,Low,68.0,0.0,Excellent,No Reviews,0.0,159.0,0.0,Low,306.0,0.0
air fryer India,"Relyblo 6 Qt Air Fryer with Roast, Reheat, Dehydrate, Bake, Steam, and More",72.61,,4.9,8.0,Home Depot,34.0,Free delivery,,https://encrypted-tbn0.gstatic.com/shopping?q=tbn:ANd9GcRdr3SrLejqacTIR3uXxgBlOiN87NSw56lSyBpGWm51RQSZR9BScScPAKkbX7nkVSUTqrhDtZUGM9ZtEUmJBZnFjzE7c3Jhe4vdg4_AcABHcXw_2Z6F9p65,Relyblo,Low,67.0,0.0,Excellent,Low,10.766400428947478,8.067777777777778,10.766400428947478,Low,328.3,0.10868088574921886
air fryer India,Faber 6L 1500W Digital Air Fryer Fry Bake Roast Toast Defrost Grill & Reheat,62.8,,4.5,0.0,Ysvara Lifestyle,35.0,Free delivery,,https://encrypted-tbn1.gstatic.com/shopping?q=tbn:ANd9GcTrbZKRxmVreZjePk38DinRvDQzHEm6x3g3S5MKLPL-enU3anxwGx5Zx1gC3U1YBgEMx4VzNhNsJDi_hpkXh5qXMB4fonWcRonkuhgyShxWbpXV_0B4t22Ksfw,Faber,Low,66.0,0.0,Excellent,No Reviews,0.0,62.8,0.0,Low,297.0,0.0
air fryer India,West Bend XL Air Fryer Oven with 24 Presets,168.29,,4.3,73.0,Nfm,36.0,Unknown,,https://encrypted-tbn1.gstatic.com/shopping?q=tbn:ANd9GcS9far2Rb6QAQaaaS-Q9eQKz9POawfnp5Fm4xtTm9Ey_Rm7Jn5BYUQRJXuhL9lthWv2-bRuxNYjif0V0hPVJkZ7mk0pZOVCUb_QlQruwTF35uzmF0kb_WD19Q,West,Low,65.0,0.0,Good,Low,18.50747990077793,2.274189189189189,18.50747990077793,Low,279.5,0.4312127119144663
air fryer India,Ninja Foodi FlexBasket Air Fryer with 7-qt. MegaZone,199.99,,4.7,440.0,Over The Moon,37.0,Unknown,,https://encrypted-tbn2.gstatic.com/shopping?q=tbn:ANd9GcTUuZTBoWNkqkgzc7QdClWktr1CG1GwFpqC7T0Xn3y2_FY5-xr9ZLgiLagnRzZsBwcwOMs9F3Tnxn_ofX-AYO3KwMLQEGjDB_9Ct_LDatAK8vvC3ckJ1RmD,Ninja,Low,64.0,0.0,Excellent,Low,28.618510914600176,0.4534920634920635,28.618510914600176,Low,300.8,2.1891636399820884
air fryer India,KENWOOD Airfryer + Grill XL 4.5L 1300W Air Fryer with Grill Function,55.07,,5.0,1.0,Microless.Com,38.0,Unknown,,https://encrypted-tbn2.gstatic.com/shopping?q=tbn:ANd9GcTkiVxl8WBGk839wFif0fi8uHmDamwd-B6_W3ahugPRZTZqvtmv6qMgr4svUsfqaHmgolLMGroRjONIx1YDfEwnanlQ_jnjcOB5_ADq3wM3,KENWOOD,Low,63.0,0.0,Excellent,Low,3.4657359027997265,27.535,3.4657359027997265,Low,315.0,0.017834849295523453
air fryer India,Ninja Crispi DualZone Glass Countertop Air Fryer dd101bl1,379.99,,4.7,3.0,Kohl'S,39.0,Free delivery,,https://encrypted-tbn0.gstatic.com/shopping?q=tbn:ANd9GcQlXvIxvYsk8MjZY0vXjHTocZmhY7YpBnTm_v-KRTpg9cHCQgeZNS_d-g4B3GEs1-pN4Ooz7uN5oDfmDp5cewqB_vaKqC_8XPw2Q_iU5axawU2dE2difiTxKw,Ninja,Low,62.0,0.0,Excellent,Low,6.515583497263486,94.9975,6.515583497263486,Low,291.40000000000003,0.007874222420535973
air fryer India,PHILIPS Digital Air Fryer HD9252/90 with Touch Panel uses up to 90% less fat,82.08,,4.4,953.0,Ysvara Lifestyle,40.0,Free delivery,,https://encrypted-tbn2.gstatic.com/shopping?q=tbn:ANd9GcTubFMGgmaTpc0X1MbuwUy86r2jqIVLEFNSDz7OHDp57Fen2D9Nl1BYgbx7K9s--3w7QMPZzrPqLalU-IvwjFTMspRrcfIP_mJiSLtw4qxujx9POEK0RYK_fg,PHILIPS,Low,61.0,0.0,Good,Low,30.186920154372466,0.0860377358490566,30.186920154372466,Low,268.40000000000003,11.470871449205585
men running shoes,New Balance Men's Fresh Foam 680 V9 Running Shoes,84.99,,4.6,345.0,New Balance,1.0,Unknown,,https://encrypted-tbn2.gstatic.com/shopping?q=tbn:ANd9GcQXEc51__WDs-BqfAvCxqIUHKwdeyFN7fDvQUbUKAIKLfU-R67nU2r6pQHyCG5Blhi9NCsqC885SFFahpSQlX3gPhl_EvfObg,New,Low,100.0,0.0,Excellent,Low,26.89361836526553,0.245635838150289,26.89361836526553,Low,459.99999999999994,4.0120944295848355
men running shoes,Nike Men's Revolution 8 Running Shoes,74.99,,4.5,5300.0,Dick'S Sporting Goods,2.0,Unknown,,https://serpapi.com/searches/6a93dc98e396ebe1e9a371e9/images/jjCpljG6i9gqy8iQwkbO3U5MY8G80vzjDwSdbat8BtA.webp,Nike,Low,99.0,0.0,Excellent,High,38.59042842444512,0.014146387474061497,38.59042842444512,Low,445.5,69.74601921305435
men running shoes,adidas Men's Duramo SL Running Shoes,58.0,,4.7,19000.0,Adidas,3.0,Unknown,,https://serpapi.com/searches/6a93dc98e396ebe1e9a371e9/images/jjCpljG6i9gqy8iQwkbO3XAt7ofqo3Htdz48l_h6Xdw.webp,adidas,Low,98.0,0.0,Excellent,High,46.3055603752099,0.003052470922583022,46.3055603752099,Low,460.6,322.03389830508473
men running shoes,On s Cloudneo Road Running Shoe,190.0,,4.5,0.0,On,4.0,Free delivery by Fri,,https://encrypted-tbn1.gstatic.com/shopping?q=tbn:ANd9GcTghVqX87yLzxOL6IX00oY6RiXVpvRhsk4PodPWT9QHeOFpw87sIXxTeqId1Pl-jQd5pv0Zjd0edNVQCqQUbkO0IA0mhKixlqYfkE39J54txLpAyIqKRsqGBg,On,Low,97.0,0.0,Excellent,No Reviews,0.0,190.0,0.0,Low,436.5,0.0
men running shoes,Under Armour Men's Charged Assert 10 Running Shoes,69.97,,4.6,4100.0,Under Armour,5.0,Free delivery,,https://serpapi.com/searches/6a93dc98e396ebe1e9a371e9/images/jjCpljG6i9gqy8iQwkbO3ZoFnY3FmUQQBUOS2wToyzs.webp,Under,Low,96.0,0.0,Excellent,High,38.267336176803475,0.017061692270178005,38.267336176803475,Low,441.59999999999997,57.77088910807384
men running shoes,Nike Men's Revolution 8 Running Shoe,69.98,,4.6,52.0,Famous Footwear,6.0,Unknown,,https://serpapi.com/searches/6a93dc98e396ebe1e9a371e9/images/jjCpljG6i9gqy8iQwkbO3d_s70rACT_tt6-I6Q3ndS8.webp,Nike,Low,95.0,0.0,Excellent,Low,18.26334280233976,1.320377358490566,18.26334280233976,Low,436.99999999999994,0.7326007326007326
men running shoes,Skechers Men's Go Run Persistence 2 Running Shoe,69.97,,4.9,19.0,Nordstrom Rack,7.0,Free delivery on $89+,,https://encrypted-tbn2.gstatic.com/shopping?q=tbn:ANd9GcTh9coEbKmlMQy1DjXV35VmCK_j36o-0T0gDW7lyXyR_AjBSm_soiJy_x6gmbf-3rurRoFxZjlrRCA6lz2HQ4fhLnSaTtdQ,Skechers,Low,94.0,0.0,Excellent,Low,14.679088140414557,3.4985,14.679088140414557,Low,460.6,0.267718754403269
men running shoes,Brooks Men's Range,50.0,,4.5,0.0,Take 2 Trail,8.0,Free delivery on $200+,,https://encrypted-tbn2.gstatic.com/shopping?q=tbn:ANd9GcQCMYhHHDoOYjQTZXQGUtdhhD2yWrdpb8Pxiv0e1szu8hbniSnTJl-8TOOeug_nZDLs2ZwypRvQDlr0SSZk2lrVvXwrmxzlVUpgl6HyY3pUN8TnY_847Jy0,Brooks,Low,93.0,0.0,Excellent,No Reviews,0.0,50.0,0.0,Low,418.5,0.0
men running shoes,Men's Saucony Triumph 23,101.95,,4.5,769.0,Saucony,9.0,Free delivery,,https://encrypted-tbn1.gstatic.com/shopping?q=tbn:ANd9GcTm6jNJ5KqFfeLJ1ffLEOIx-BPaGSiVwLj1h7NCJvQJ6PU6QBi5JgRIVQvwlIHViVVgZkh6jqjGHyrGOm30q6wuJWOUwck4Jz1wWmHQS2UXABBc-RS6-OMbOg,Men's,Low,92.0,0.0,Excellent,Low,29.908757316814782,0.1324025974025974,29.908757316814782,Low,414.0,7.4696454589606605
men running shoes,Puma Fast-R Nitro Elite 3 Men's,300.0,,4.6,86.0,Puma,10.0,Free delivery,,https://encrypted-tbn3.gstatic.com/shopping?q=tbn:ANd9GcSogzQ44OwaeFahnTLk0tdHguxywtsFKIUzJMvA2He5dS3vk4ylkYWWjfjssCKNlVAjbLvlr35sC67d5p85QsuDgC0m1TOpupA8YRGufES19C-_dYypOr__X04,Puma,Low,91.0,0.0,Excellent,Low,20.543177345811085,3.4482758620689653,20.543177345811085,Low,418.59999999999997,0.2857142857142857
men running shoes,New Balance Men's AC Runner Running Shoes,149.99,,4.5,80.0,New Balance,11.0,Unknown,,https://encrypted-tbn1.gstatic.com/shopping?q=tbn:ANd9GcSH-q0l7R29hD5GFhGWs6h-z1-gp-K63KMmn4W0Zcz6cL39X7ac1rtTogyG0xIRReIasA7GjnwC4Ace5mhbq2esfGLbDmk8,New,Low,90.0,0.0,Excellent,Low,19.775021196025975,1.8517283950617285,19.775021196025975,Low,405.0,0.5298364130074839
men running shoes,Hoka Men's Rincon 4,61.83,,4.4,1600.0,Rei,12.0,Free delivery,,https://encrypted-tbn3.gstatic.com/shopping?q=tbn:ANd9GcRcP0DgHNkceMWiMV1jzxjbw1KVpt31jh44fB9u1ldxlNaBh8Nmz2S8WLygD5w-OCVLoZHUB0JdoONCz6YPwp8ugtCd3h2NZ90OstRYLjKiVv1vTubM3WGu,Hoka,Low,89.0,0.0,Good,Medium,32.46488833718555,0.03861961274203623,32.46488833718555,Low,391.6,25.46554193856438
men running shoes,ASICS Men's Gel Contend 9 Running Shoes,64.98,,4.6,1700.0,Dsw,13.0,Unknown,,https://encrypted-tbn3.gstatic.com/shopping?q=tbn:ANd9GcS-hqR7MYifBwMMnhSnICbRRufk8sFoAryjmH3bkerG_BgZ0xepgKVOfp5_4u0YCJYA_G5buOArJKwW7SoLpobXqHbU5ARbPs5qLGaDIuE,ASICS,Low,88.0,0.0,Excellent,Medium,34.21926932502096,0.0382010582010582,34.21926932502096,Low,404.79999999999995,25.76538344953016
men running shoes,Reebok Men's Energen Lux Running,29.99,,4.6,705.0,Reebok,14.0,Unknown,,https://encrypted-tbn0.gstatic.com/shopping?q=tbn:ANd9GcR_Igp2LFJBQ9aLRYkPBO4S9iE2LDBdhcWEqcH7-j2Kg-OrrvnELR-nEz9s9gyuXeJsB884mj3MtQ0xju-tJb8v-2F1-QdrqAP211s9OeM0z9rztCjLi0xREXUW,Reebok,Low,87.0,0.0,Excellent,Low,30.17423009246891,0.04247875354107648,30.17423009246891,Low,400.2,22.749273959341725
men running shoes,Men's Mizuno Wave Rider 29,119.88,,4.8,983.0,Running Warehouse Us,15.0,Free delivery by Thu,,https://encrypted-tbn2.gstatic.com/shopping?q=tbn:ANd9GcTHR-8ylS7QH2dKSxEFe0GJfw2C2iEyf9yF-FW5KSxBIbDQcnLfrDaUPkyQZXHvHPpq0uyb4RDacsK7yqDtMMizsrG1L9uGn5KcP-JNE6lq-8PoZUJvk8x6XA,Men's,Low,86.0,0.0,Excellent,Low,33.079804305850814,0.12182926829268292,33.079804305850814,Low,412.8,8.132031767041694
men running shoes,Salomon Men's Speedcross 6,108.77,,4.6,3200.0,Sportsman'S Warehouse,16.0,Free delivery,,https://encrypted-tbn3.gstatic.com/shopping?q=tbn:ANd9GcS9VMG9Nsfx8D1shLJ_FY67hd06JiYj7wMParO7OC2NLDzCI5Utk2ljGNWMiGPor2Az1vxlbduN2WJUzHGBOt9G0Vf4NYWf,Salomon,Low,85.0,0.0,Excellent,High,37.127605283861364,0.033980006248047485,37.127605283861364,Low,390.99999999999994,29.151862986243966
men running shoes,Brooks Men's Revel 9 Running,99.99,,4.6,11.0,Dick'S Sporting Goods,17.0,Unknown,,https://encrypted-tbn2.gstatic.com/shopping?q=tbn:ANd9GcQ-B4AICBtmS__sdhS0xTdxUAsPjUpKe7rKIkDKEtHPy8aZfP5bS03HDwWJFlKKaNxbDQwo8S-aCiBTwirqEoD-1pn78VqO14J988wJiOBiMgXXeO2YslGY-A,Brooks,Low,84.0,0.0,Excellent,Low,11.4305705890248,8.3325,11.4305705890248,Low,386.4,0.10892167541340728
men running shoes,Under Armour Surge 5 Men's Running Shoes,65.0,,4.0,1.0,Under Armour,18.0,Free delivery,,https://encrypted-tbn2.gstatic.com/shopping?q=tbn:ANd9GcTbUR1egOoqWLHzQfwODj8lDHRI1l_oclV0nNMK7fKvYeCtJiLdLsxGwHLP8ASRwv50Y_VRSVmP_QxIsF5Ohl0A_AEehBps8TFziHYrKPThK9Ggf-wfl4jU,Under,Low,83.0,0.0,Good,Low,2.772588722239781,32.5,2.772588722239781,Low,332.0,0.015151515151515152
men running shoes,Nike Men's Run Defy Running Shoes,65.0,,4.6,1800.0,Shoe Station,19.0,Free delivery on $100+,,https://encrypted-tbn1.gstatic.com/shopping?q=tbn:ANd9GcTGDWv4SZW3xulF3l6SQZ2PeBJ558-h1GdEGbKPBENatvpMb4cU6k0ieuVR31o0BB1sOgrLoKyb8S7T2CCPR4Zf47fi4VQEkPTYqAYbqH8,Nike,Low,82.0,0.0,Excellent,Medium,34.48204778780939,0.03609106052193226,34.48204778780939,Low,377.2,27.272727272727273
men running shoes,Men's Genesis 2 Pureknit Running Shoe,59.99,,4.5,0.0,Boombah,20.0,Unknown,,https://encrypted-tbn3.gstatic.com/shopping?q=tbn:ANd9GcTNgNGbBZU8OtONXv8wruC5zUKF1wrY3gTNiWM1-QFf01wPfdvlF6R9rhRnTuah_cTuukKZb9Lbwg88dX6UGYQ37tWVfvG3Q3Iy9CFd28ktR0j88me00PZAXgE,Men's,Low,81.0,0.0,Excellent,No Reviews,0.0,59.99,0.0,Low,364.5,0.0
men running shoes,adidas Men's Adizero Pacer Running Shoes,79.99,,4.7,162.0,Rack Room Shoes,21.0,Free delivery,,https://encrypted-tbn0.gstatic.com/shopping?q=tbn:ANd9GcRBho3-A0ES6SWiMOnj17Y18Ma-Iq4OGmGpIfgPVRKfB1b7ICXRS9Wmy_HRO9hn7FfeGB9GOwOKthMGAkcLJT9VFlhD808IntU5R-0_eBvHtNui1fNxoQZ8bg,adidas,Low,80.0,0.0,Excellent,Low,23.940625943791783,0.4907361963190184,23.940625943791783,Low,376.0,2.000246944067169
men running shoes,New Balance Men's Fresh Foam X Hierro v9,159.99,,4.3,1700.0,New Balance,22.0,Unknown,,https://encrypted-tbn0.gstatic.com/shopping?q=tbn:ANd9GcS-_UIC8ekgWrqw8VF9BQkefpG9CAdHSTreyC5h-ed-jfhNO_KkXuO36nir4SKGBLMqTHJVKvNjt2iZFrBzsQS3u-6WaL0e5Q,New,Low,79.0,0.0,Good,Medium,31.987577847302205,0.09405643738977072,31.987577847302205,Low,339.7,10.559662090813093
men running shoes,Nike Men's Run Defy Road Running Shoes Light Beige,45.49,,4.7,88.0,Academy Sports + Outdoors,23.0,Free delivery,,https://encrypted-tbn1.gstatic.com/shopping?q=tbn:ANd9GcQYzmaub4i2skCugu85Ew8cWNsfBPdFa9HQti8NUpRfqMIWcs_eV9UdI6AXeKU5OHaMcy2G_mqgIHc8T8GB10JfV9lfknH4g2RdjKuYA-d0ZAk0PQX-mQqpPw,Nike,Low,78.0,0.0,Excellent,Low,21.096590937741055,0.511123595505618,21.096590937741055,Low,366.6,1.892880189288019
men running shoes,Men's Saucony Ride 19,145.0,,4.3,387.0,Saucony,24.0,Free delivery,,https://encrypted-tbn2.gstatic.com/shopping?q=tbn:ANd9GcQOEBPJIcJHWCed-HBRf5xQDoXCDihl0L_SC_ufLKhBJJcGrMolyQnvF-3vZ4lpunTz5i962GG5bp2PgtZO49rxihXRIxJZpd2ru_bHqyljBCMO1zGoKqrV,Men's,Low,77.0,0.0,Good,Low,25.632322960380076,0.37371134020618557,25.632322960380076,Low,331.09999999999997,2.6506849315068495
men running shoes,Hoka Men's Clifton 10,104.88,,4.7,11000.0,Running Warehouse Us,25.0,Free delivery by Thu,,https://encrypted-tbn3.gstatic.com/shopping?q=tbn:ANd9GcSFFqxTzKFvycA6vLTmwX1-9XE6hx6TjmbHTvWfVqrm-ttIbr4AYVB5-B5jt2bAVqxr3n_UmbZgeC96zKnI3NHwglrDUl9W40sAer_H-Obd,Hoka,Low,76.0,0.0,Excellent,High,43.73698484667535,0.009533678756476684,43.73698484667535,Low,357.2,103.8911975821685
men running shoes,New Balance Men's 410 v9 Trail Running Shoes,52.49,,4.3,71.0,Kohl'S,26.0,Free delivery,,https://encrypted-tbn0.gstatic.com/shopping?q=tbn:ANd9GcQI3GPxWG1ZkE3UQVKLmWYGPl_Kbky6l1_8G5MmSf1o9Hu0jJqmIKE8umLtJLTS6DPGMr-is1nR7TYYpZ0HheloS7nptm7ITUL5dQkky00bqhkxsDdQvcCWAw,New,Low,75.0,0.0,Good,Low,18.38966431176904,0.7290277777777778,18.38966431176904,Low,322.5,1.3273509067115348
men running shoes,ASICS Men's Gel-Contend 10 Running Shoes,69.95,,5.0,5.0,Asics,27.0,Unknown,,https://encrypted-tbn3.gstatic.com/shopping?q=tbn:ANd9GcRDLDq6qJZFNwCEi1_Dh9ui8tvDL1plPb1Vd_R5Gt4BRg8WJheh6T8M_j0xEK5rUcICirwORn-N_xrI8RvphFa6PgK3yyHWtoQnqLcFgOq3OOBnOwLATWniDw,ASICS,Low,74.0,0.0,Excellent,Low,8.958797346140274,11.658333333333333,8.958797346140274,Low,370.0,0.07047216349541931
men running shoes,On Men's Cloudmonster 1,179.99,,4.6,700.0,Dick'S Sporting Goods,28.0,Unknown,,https://encrypted-tbn3.gstatic.com/shopping?q=tbn:ANd9GcSbGIoT8Ph5wBGUbfjEPJogeippW1K2gHdgSZ3k0vb2LVzcS5MXT2RjoaeL8s-30gXRPB3QnNEQGr88rxNlqFFQ7bLmi0mCD-zONDekpjnsJ7nphXnFo-Uj,On,Low,73.0,0.0,Excellent,Low,30.141536280359112,0.2567617689015692,30.141536280359112,Low,335.79999999999995,3.867616995414111
men running shoes,Nike Men's Structure 26,145.0,,4.5,697.0,Scheels,29.0,Free delivery by Thu,,https://encrypted-tbn2.gstatic.com/shopping?q=tbn:ANd9GcSHxXVRywB9tkYsuPB_bOQp-CCbpgv2tYhPSjTvpPuYiBgVaysZKYOvP9UF39fQJr0zoBouTiTtcqcT_xC2tRUST-1gu5ol57_dWdtvl01RxtLoUKPZLDaTlQM,Nike,Low,72.0,0.0,Excellent,Low,29.466985962430677,0.20773638968481375,29.466985962430677,Low,324.0,4.773972602739726
men running shoes,Altra Men's Lone Peak 9+,159.95,,4.6,1100.0,Marathon Sports,30.0,Free delivery by Thu,,https://encrypted-tbn2.gstatic.com/shopping?q=tbn:ANd9GcTXcQs0TmDcsJONMLdb6HdhW3ChXf83QQ19SNxiB6YqfgNxduf_a5gB1RU-SUjvrCpfLl-00J2k4xE49ITgxj2uYlv3tpd348euPh3pwU7tLs5Izbn-j4Mf,Altra,Low,71.0,0.0,Excellent,Medium,32.21828102892432,0.1452770208900999,32.21828102892432,Low,326.59999999999997,6.834420627524076
men running shoes,Nike Men's Run Swift 3 Running Shoes,84.99,,4.6,1500.0,Famous Footwear,31.0,Unknown,,https://encrypted-tbn0.gstatic.com/shopping?q=tbn:ANd9GcSuHL-ug1CK2o04sIGdyA3CLmunsLBCawpF5mF0f27b6dtubaeaxsBnMJWqbQlRty-JjYjK7oKEQ46c5kgScE4pZjuIHVGy4ck58ckAXmc,Nike,Low,70.0,0.0,Excellent,Medium,33.64387942551392,0.05662225183211192,33.64387942551392,Low,322.0,17.443888824281895
men running shoes,New Balance Men's 680 v9 Running Shoes,84.99,,4.6,345.0,New Balance,32.0,Unknown,,https://encrypted-tbn2.gstatic.com/shopping?q=tbn:ANd9GcQyWh-LWDdcHPDBWECqaTPUWTLu8kqcIN17Z2KP2-MHw_yg1ow6-om1RxsHd5K_S4FYwD3XqGGxd-Q9leljGNqZ7YrcBHat_Q,New,Low,69.0,0.0,Excellent,Low,26.89361836526553,0.245635838150289,26.89361836526553,Low,317.4,4.0120944295848355
men running shoes,adidas Men's Lite Racer Adapt 7.0 Shoes,28.0,,4.6,3400.0,Shopsimon,33.0,Unknown,,https://encrypted-tbn3.gstatic.com/shopping?q=tbn:ANd9GcTds_aNo4SGOSVc-cDtYFNf2PlB514PAyGOVmiYYUSPSIF8TpGQ05VMcMWeKzXsyeQe759dUp4y68bS-aycMOfJIkpju1E86yBl5tvyAIZ9,adidas,Low,68.0,0.0,Excellent,High,37.40639401103309,0.008232872684504558,37.40639401103309,Low,312.79999999999995,117.24137931034483
men running shoes,La Sportiva Men's Prodigio Pro,168.69,,4.8,385.0,Rei,34.0,Free delivery,,https://encrypted-tbn3.gstatic.com/shopping?q=tbn:ANd9GcTVM6Rc0GZ3iup_JMzYt08uMaTe0OzOFDH9r-uYwPdPZpGn2aPbX2v3O-x_BlIWjE85qi1p_J15xwQm6ay9Jr0n3tqrVlhFRUMYUoNU-K0,La,Low,67.0,0.0,Excellent,Low,28.588019373431187,0.43702072538860104,28.588019373431187,Low,321.59999999999997,2.2688431846307973
men running shoes,Karhu Men's Ikoni 3.5,155.0,,4.7,6.0,Karhu North America,35.0,Free delivery,,https://encrypted-tbn2.gstatic.com/shopping?q=tbn:ANd9GcSolWVUHui1s8vEko9VIDcoZOQYcsX2-_UEWURtEV8rYbsOCI7tZtjAKEjYbz3CKgQ3QVeafpkHOW1LtGZjetCHwfJR8jVrKDFHJ0yGJho-udHwMoFWmUE6,Karhu,Low,66.0,0.0,Excellent,Low,9.145777700559973,22.142857142857142,9.145777700559973,Low,310.2,0.038461538461538464
men running shoes,Under Armour Ascend Running Shoes Men's Shoes,64.99,,5.0,8.0,Kohl'S,36.0,Free delivery,,https://encrypted-tbn1.gstatic.com/shopping?q=tbn:ANd9GcRZIpRiyCD5F7-ULMAg4gAMLH1QoyGMzBavz4q6SHyBTAtLVmmTM1HTC5YzS3OfC_FHHmX_U8Y3vw7a56Vg8N7mPXlEX06F0ACoLaDj-gTX,Under,Low,65.0,0.0,Excellent,Low,10.986122886681098,7.22111111111111,10.986122886681098,Low,325.0,0.12123048946810124
men running shoes,Puma Men's Electrify Nitro 4 Running Shoes,64.97,,4.8,94.0,Nordstrom Rack,37.0,Free delivery on $89+,,https://encrypted-tbn2.gstatic.com/shopping?q=tbn:ANd9GcSP-_cW7lnc-tNH_yc976rdYtt4dE-J6-y0xxcUqd-yC_LT3Ha7HagYtXwjKVSs7lVQ_Dr243IBxYM5zR_tYBuer_yQPpMbA6A-uoBAa6EO,Puma,Low,64.0,0.0,Excellent,Low,21.858609079682594,0.6838947368421052,21.858609079682594,Low,307.2,1.4248901015613158
men running shoes,Men's Topo Athletic Topo Phantom 4,149.95,,4.5,225.0,Marathon Sports,38.0,Free delivery by Thu,,https://encrypted-tbn3.gstatic.com/shopping?q=tbn:ANd9GcQhasvVOHUdC5qy-thGAwShy8wnpkpDZvNlfMlKS8VBRNYAzX8xB6e8mIGBJwB5CaCbDrpZPs03xKXhoIrt9a9O4ycuxqsH_uaz5ox1i28,Men's,Low,63.0,0.0,Excellent,Low,24.392407496725287,0.6634955752212389,24.392407496725287,Low,283.5,1.4905597880092747
men running shoes,New Balance Men's Ellipse Running Shoes,144.99,,4.8,32.0,New Balance,39.0,Unknown,,https://encrypted-tbn1.gstatic.com/shopping?q=tbn:ANd9GcRINubOUsVB2wCwZi175Ina09hmXqLUv23oGgmpuGrlCINNwSU0dUXxSZfrKgwnuV0mVoT5Mx42s49R6epCiqzI7NWdZT4B,New,Low,62.0,0.0,Excellent,Low,16.783236295039103,4.393636363636364,16.783236295039103,Low,297.59999999999997,0.21919309541749435
men running shoes,Nike Men's Free 2025 Shoes,105.0,,4.5,194.0,Jd Sports,40.0,Free delivery,,https://encrypted-tbn2.gstatic.com/shopping?q=tbn:ANd9GcT26z8q2Cq2shtqevJswt7VzR6UlAJgOR8_eLzeAauAOt_sB7N1TVHO20Lb53MVOQTvjHYAt4AfJZ8Ort_y0xAoR1MC58QJWJ1X6nCpNzI,Nike,Low,61.0,0.0,Excellent,Low,23.72849801353686,0.5384615384615384,23.72849801353686,Low,274.5,1.830188679245283
smart phone,Apple iPhone 17,179.99,,4.6,15000.0,Walmart,1.0,Unknown,,https://encrypted-tbn2.gstatic.com/shopping?q=tbn:ANd9GcTF_He10OQumaMAKAteZWqulKJZD5Z6K5nKb-sJ6oDmXBtEqUk4hVzqz8BmtckspRm9vdK9ZhZPjyr9pWFUBYeZYPOlSSrPkSScw9mXvUXk3KWAqWzav2cTE7c,Apple,Low,100.0,0.0,Excellent,High,44.23301186483289,0.011998533431104593,44.23301186483289,Low,459.99999999999994,82.8775070445881
smart phone,Verizon Prepaid Motorola Moto G 2025,39.99,,3.7,212.0,Best Buy,2.0,Free delivery by Tue,,https://encrypted-tbn2.gstatic.com/shopping?q=tbn:ANd9GcRlUFdTaoXgHrNa9_CK_IQUINasrptPU7gRjePytTrp4Yku4jvdBghnLUBHwOcsHtkdLp2trnQrI22klRzuM5Mt9pfWSSNpsi135v_S-5vTyqMonjGcntrymQ,Verizon,Low,99.0,0.0,Average,Low,19.836781013124874,0.18774647887323945,19.836781013124874,Low,366.3,5.171993169065625
smart phone,Samsung Galaxy S25 FE 128GB Jetblack,149.99,,4.7,3300.0,Cricket Wireless,3.0,Free delivery,,https://encrypted-tbn0.gstatic.com/shopping?q=tbn:ANd9GcSJ6T1Jnj_x2G3uqPwKLOG03iCcNLUnXCv_dbX_HD-GJT86cx746wFii2lDPKk9vnonsfUMGjcHN33knAT-KUsLFRQjik1pWaVIfRir6kWnCNWYzU0VPb33GA,Samsung,Low,98.0,0.0,Excellent,High,38.07930943971001,0.04543774613753408,38.07930943971001,Low,460.6,21.855752036558712
smart phone,Unihertz Titan 2 The Latest 5G QWERTY Physical Keyboard Smartphone,489.99,,4.9,152.0,Unihertz,4.0,Free delivery,,https://encrypted-tbn2.gstatic.com/shopping?q=tbn:ANd9GcQ3dUKLD4FwyI0l0_kn4iw5ffKJKqoIYdt21hlETUs8cYL5a9AKbQXbWKMCfkQNl2M383CNJZEQo2OldPDj16Ei1hULpEN3xstXpU58cxJU9rThCK8JMTQonVc,Unihertz,Low,97.0,0.0,Excellent,Low,24.649145814822933,3.202549019607843,24.649145814822933,Low,475.3,0.30957860648893054
smart phone,Samsung Galaxy A17 5G,249.99,,4.5,16000.0,Best Buy,5.0,Free delivery by Tue,,https://encrypted-tbn1.gstatic.com/shopping?q=tbn:ANd9GcSuHJ9KtH8asTZdVj1qJRsMUW7kyjb103HLvPoXX-1pgI7jzjdbM2XPlhWTTmqn0QEoAddJUek0a1JageqPKbPjq-VEP30tG6P4VDcTXDhs,Samsung,Low,96.0,0.0,Excellent,High,43.561829246709934,0.0156233985375914,43.561829246709934,Low,432.0,63.74755966373162
smart phone,Apple iPhone 17 Pro Max,1199.0,,3.8,3600.0,Apple,6.0,Free next-day delivery,,https://encrypted-tbn3.gstatic.com/shopping?q=tbn:ANd9GcRpUSMeAsqd589UZhzQMfHiSPtKfm7CFP_LJMHL8OfcsZ_aE7jBpED9TxRAAu2M4IUiAWaHmgJsbaNxaSftg1csz50-j5RKZUyLb0y8af4AQyYvxDrXwFwg,Apple,Low,95.0,0.0,Average,High,31.118074081865725,0.33296306581505136,31.118074081865725,Medium,361.0,3.0
smart phone,Motorola Moto G stylus 2025,29.99,,1.0,1.0,Cricket Wireless,7.0,Free delivery,,https://encrypted-tbn3.gstatic.com/shopping?q=tbn:ANd9GcQjlOYn7uK7TnOkC4sXoyH0I54xvkCQZoxnN_rK_cpLJMWFZsPBqPDAt7IsOBc3vO9OqwmcAJo_BOxl4hRBo7zN4dgEqwk7onHmsRUvycI7G022OEuaDkSkRw,Motorola,Low,94.0,0.0,Poor,Low,0.6931471805599453,14.995,0.6931471805599453,Low,94.0,0.032268473701193935
smart phone,Google Pixel 10,799.0,,4.6,1900.0,Google Store,8.0,Free delivery,,https://encrypted-tbn0.gstatic.com/shopping?q=tbn:ANd9GcSYts_1bCjFfJgMGgSILNepSo2xhvE4a80E3yF2lb7xXYy78GsuDoRDIGOq2twcTP65yBkA8QjKpydKZquW1VaQQif7Gtmy,Google,Low,93.0,0.0,Excellent,Medium,34.730622575446766,0.42030510257759074,34.730622575446766,Medium,427.79999999999995,2.375
smart phone,Samsung Galaxy A16,49.99,,3.6,233.0,Best Buy,9.0,Free delivery by Tue,,https://encrypted-tbn3.gstatic.com/shopping?q=tbn:ANd9GcRwFisw8cS5GmGLU3e6ltYMbxyd23FkJZXn8ofXWLBEqmdqjtefcTR_76robWRFNLQKJ7EZEzUiY1kDwGbuehEYMjJt0CRgXb60IoveWnN0MVfVkCdJGCKwyA,Samsung,Low,92.0,0.0,Average,Low,19.63915601528773,0.21363247863247864,19.63915601528773,Low,331.2,4.569523435967836
smart phone,Tracfone BLU View 5,29.99,,2.9,902.0,Walmart,10.0,Unknown,,https://encrypted-tbn2.gstatic.com/shopping?q=tbn:ANd9GcQVeH1sixU6Gn0VDpPI6VXFnXvKvcM0Ey9PJpEuyICZBoxfSyF-QTsIkIoySUXn0s3ZDBm2nKm8Gpw-aW-SrLVNwnZZEVob6HkGVni3QLTylz-GtvRdzrU8gg,Tracfone,Low,91.0,0.0,Poor,Low,19.736595404909256,0.03321151716500553,19.736595404909256,Low,263.9,29.10616327847693
smart phone,Samsung Galaxy S26,179.99,,4.7,13000.0,At&T,11.0,Free delivery,,https://encrypted-tbn0.gstatic.com/shopping?q=tbn:ANd9GcRI4HJO3oeWuC_ZAfjjeDbXdbtuOv8Hok_R_EgRAEvZ_nhKnKgAKdjtIJmkKVDAjz-6sESkA9Ut6zvZLlO0Izqn9mj92SYdfw,Samsung,Low,90.0,0.0,Excellent,High,44.52207331584219,0.013844319667717868,44.52207331584219,Low,423.0,71.82717277197635
smart phone,Samsung Galaxy S26 Ultra 256GB Black,699.99,,4.5,0.0,Cricket Wireless,12.0,Free delivery,,https://encrypted-tbn2.gstatic.com/shopping?q=tbn:ANd9GcSm4u68_rlgeb8PFaR0VWAStAx1Y3YLhsDoD-tSf6hib1-xhlWIYdIBh0fuX7_IO7ctqqAP7uOGfu-jpjS-lCSZpTe09rBunSU6v8qh0ANYcC1EmIp9V0eP,Samsung,Low,89.0,0.0,Excellent,No Reviews,0.0,699.99,0.0,Medium,400.5,0.0
smart phone,Motorola moto g play,99.99,,4.4,1100.0,Best Buy,13.0,Free delivery by Tue,,https://encrypted-tbn2.gstatic.com/shopping?q=tbn:ANd9GcRQOSaTzg1w14awWmNjDNYPzurQGdQK-uwUmlq3HmkdU95FTcKjrJpG6BQ2sBmNhhU1T-qcIHnPEajxomyE2khmBEy5SB7I4tuDPK_qbbo,Motorola,Low,88.0,0.0,Good,Medium,30.817486201579793,0.09081743869209809,30.817486201579793,Low,387.20000000000005,10.892167541340728
smart phone,Nothing Phone Pro,599.0,,4.8,212.0,Nothing Us,14.0,Unknown,,https://encrypted-tbn2.gstatic.com/shopping?q=tbn:ANd9GcQb5KL_WvdpWbhdxtKZfYXaNiTzV9nrw_55sBYcokmcvxBDhR0foHXXRt2SZ4GI_X4ywzHqBxXkNc14nBxjl5KgYQX93m_b2dePH6PPgtHGeejdhjMMMBJAiA,Nothing,Low,87.0,0.0,Excellent,Low,25.73420239540524,2.812206572769953,25.73420239540524,Medium,417.59999999999997,0.35333333333333333
smart phone,OnePlus 15 CPH2749 North America,999.99,,4.5,42.0,Oneplus Official Store,15.0,Free delivery,,https://encrypted-tbn2.gstatic.com/shopping?q=tbn:ANd9GcSuY0iFNvZhKiJFFO2mWuyeApXa6fyy3c8-IyGe3CUP4jtOKkSHApGlNt9b9RcLObzVkWzk8pRoXfeDhR2HuDlOOp4ksPUFTQOV7SNfnN6JDju7Lb54EX2E,OnePlus,Low,86.0,0.0,Excellent,Low,16.925400520621032,23.255581395348838,16.925400520621032,Medium,387.0,0.04195846112348774
smart phone,Apple iPhone 17 Pro,1099.0,,3.8,2300.0,Apple,16.0,Free next-day delivery,,https://encrypted-tbn3.gstatic.com/shopping?q=tbn:ANd9GcQB-6g0B8yyqVRDsAdzODCpEZWlyTLGIrhCdwXxgNtrb1-flhoFOZEhhPZQTcUnj2kbhKWitCcUWeBhvqDKcgTH0SDaiHc_cO80HXfFOXHERPBT5EpmqjdN2Q,Apple,Low,85.0,0.0,Average,Medium,29.41617654213439,0.47761842677096916,29.41617654213439,Medium,323.0,2.090909090909091
smart phone,Samsung Galaxy A14 5G,49.99,,3.8,2700.0,Best Buy,17.0,Unknown,,https://encrypted-tbn2.gstatic.com/shopping?q=tbn:ANd9GcTCtTCvAmyQd_SWxfc3Rem77AUbntengGzH6BKPtUcSseOMC3MJ5FtCQfxQvzke-kpa4Xsvbzeca-S_jYtI5ZggjctMHtEoUFux5iOxtGiKv58Swu7KEDH71Q,Samsung,Low,84.0,0.0,Average,Medium,30.025233944411937,0.01850796001480933,30.025233944411937,Low,319.2,52.951559129241026
smart phone,Google Pixel 10 Pro,999.0,,4.4,2200.0,Google Store,18.0,Free delivery,,https://encrypted-tbn1.gstatic.com/shopping?q=tbn:ANd9GcTScqRBBFhFBVR2we9BNVit2UZuVWHL-fTFUsNtDog4u74Tq7Ipi5av584s33VtYQmF3lPbQPyqvYrLiBUXN6jppML-VEMXfA,Google,Low,83.0,0.0,Good,Medium,33.865335158716434,0.4538845979100409,33.865335158716434,Medium,365.20000000000005,2.2
smart phone,Apple iPhone 15 128GB Black - Available With Cricket Wireless Plan,349.99,,3.8,36.0,Cricket Wireless,19.0,Free delivery,,https://encrypted-tbn3.gstatic.com/shopping?q=tbn:ANd9GcTGEhNOH5hw0fWxHgyad6KbEcpZs6k9KhYHuCNmXWKcgBpRDFGIf6CawbHJwtd1Bn6WrsUpPpCelkuCwoV689s39MH7nnU9HqWawIrEyOQrPnNKeGyXx0SlRw,Apple,Low,82.0,0.0,Average,Low,13.721488068048052,9.459189189189189,13.721488068048052,Low,311.59999999999997,0.10256702470155844
smart phone,Unihertz Jelly 2E 4gb/64gb 3,159.99,,4.2,78.0,Unihertz,20.0,Free delivery,,https://encrypted-tbn0.gstatic.com/shopping?q=tbn:ANd9GcTVZjSwb4effo1OrzQKmSdKt2ArqDQoo2m4lEeLcSGoGXHmDXIexe3MTsdU4973Dz_j_Og7M7jLDc9QPIrPijzjcm-6knK3sy7E8TKo13W8Nx694yLXvNPQ4Q,Unihertz,Low,81.0,0.0,Good,Low,18.35168098036149,2.025189873417722,18.35168098036149,Low,340.2,0.4845021429902478
smart phone,T-Mobile Revvl 8 Pro (with 36 monthly payments + plan) - REVVL Smartphone,179.99,,4.5,0.0,T-Mobile,21.0,Free delivery,,https://encrypted-tbn3.gstatic.com/shopping?q=tbn:ANd9GcRDhe1WpkRearMJFIFADqIXfVaMRYagK7zYq50XIsUtpygxtix6x7NW3IMic2GAAfV1a0qfSAVSZmahVFEwInwVSdu2efCOBA,T-Mobile,Low,80.0,0.0,Excellent,No Reviews,0.0,179.99,0.0,Low,360.0,0.0
smart phone,Samsung Galaxy Z Fold8 Ultra,179.99,,4.9,15000.0,Best Buy,22.0,Free delivery by Thu,,https://encrypted-tbn0.gstatic.com/shopping?q=tbn:ANd9GcTjbvWG-qDUnbPMt9TF8MgT1XC3T_sLQfYIRdEEfRWz0JYKMce7kE7si9EtvpxRuRpTG9uHSX55fAinNRLSqol1BXKMBLVb_LxNN8_DdwAe,Samsung,Low,79.0,0.0,Excellent,High,47.11777350819156,0.011998533431104593,47.11777350819156,Low,387.1,82.8775070445881
smart phone,Apple iPhone 16,729.99,,4.4,7300.0,Cricket Wireless,23.0,Free delivery,,https://encrypted-tbn3.gstatic.com/shopping?q=tbn:ANd9GcRP17Dbr-Prjw59439dFte9eU3VZWxul2DBXg24bu0jSxTfQ20kUoXGx-7M_sBrRxOZg-YnqiShnTz8GPvQ0hyK4oz9QfSv8hmIparYFS1a-HockUO7qFZ-,Apple,Low,78.0,0.0,Good,High,39.14137305784678,0.09998493357074373,39.14137305784678,Medium,343.20000000000005,9.986456723074188
smart phone,Apple iPhone 15 128GB,629.99,,4.7,88.0,Boost Mobile,24.0,Unknown,,https://encrypted-tbn1.gstatic.com/shopping?q=tbn:ANd9GcQKEhrmClMoaO4uzomJjTbRIeJvrxczz2xkNR8vg58VGZoqnKC9QDIYnPLvxHfIUerDPEaypVQzFbXYu0G1hWnqcs4zQgKRtw,Apple,Low,77.0,0.0,Excellent,Low,21.096590937741055,7.078539325842697,21.096590937741055,Medium,361.90000000000003,0.13946338293792293
smart phone,Apple iPhone 14,294.44,,4.4,16000.0,Walmart - Techgrab,25.0,Unknown,,https://encrypted-tbn1.gstatic.com/shopping?q=tbn:ANd9GcR-m0O5E_SCjRcpGibXTPLhVYegtwwbdYCDvc-ojELbUXRwNMxJGkAgCzuyp7TTTBnTcdOkRlYBVXJJYXyxwGEYf3S5UzFmMfKeSp5ZsYM,Apple,Low,76.0,0.0,Good,High,42.59378859678305,0.018401349915630274,42.59378859678305,Low,334.40000000000003,54.15651232060655
smart phone,Samsung Galaxy A37 5G,374.99,,4.8,3700.0,Best Buy,26.0,Free delivery by Tue,,https://encrypted-tbn2.gstatic.com/shopping?q=tbn:ANd9GcSZTmbfRjigBeIfgOfUdMmAjQJFGZBvsvblroMM0SX6yo_DfgLHQyNucl716ahzk9OmbIKcojGL2TwRzadHpqb5P_YSQSmqLSi6_uLjg-4,Samsung,Low,75.0,0.0,Excellent,High,39.43851999545355,0.10132126452310186,39.43851999545355,Low,360.0,9.84068725232054
smart phone,Unihertz Jelly Max,339.99,,4.5,47.0,Unihertz,27.0,Free delivery,,https://encrypted-tbn2.gstatic.com/shopping?q=tbn:ANd9GcTK_t9iOzi4fVDf_88TMSFQZnR8DoY7sw6GUWHInztJuVKH1Wd-Nvjjof57UqVh6J0MjSuiPT0JpCWT0Ke7a4sFFq1EDlG1kv1C_0ED0wq84FwckNNnJJ5sGw,Unihertz,Low,74.0,0.0,Excellent,Low,17.42040454908551,7.083125,17.42040454908551,Low,333.0,0.13783395407489957
smart phone,NUU B30 Pro 5G Cell Phone AMOLED 6.7” Selfie Camera,249.99,,4.5,0.0,Nuu,28.0,Free delivery,,https://encrypted-tbn2.gstatic.com/shopping?q=tbn:ANd9GcR40p5Hdb7RTT1YpfuhzeiWj-2IX9S60QyhSGoS3qQWG1ZgBrsTpKv4AoIpGBLWlMiLLxiMbYm7-fA-4NTRomMC7XRlwn8HqaAc-j9UDOh0Byd_Ze3jG_q3ew,NUU,Low,73.0,0.0,Excellent,No Reviews,0.0,249.99,0.0,Low,328.5,0.0
smart phone,Verizon Prepaid Verizon Samsung Galaxy A17 128GB Prepaid,99.99,,4.5,2.0,Best Buy,29.0,Free delivery by Tue,,https://encrypted-tbn0.gstatic.com/shopping?q=tbn:ANd9GcQ-TH8ul6bIe5AcYxFK2AZDs9vogyPUuJQVYrxhm-w9ThbO0NEfNJNEmF6pUOb1Mqg09rqcJWgqpTicvTfHk6vYrRtBcsiFarTWodynKNgafd9_G53-KoT3Lw,Verizon,Low,72.0,0.0,Excellent,Low,4.943755299006494,33.33,4.943755299006494,Low,324.0,0.019803940984255867
smart phone,Google Pixel 10a - 128 GB - Black / Obsidian (with Mobile Phone Plan) - Boost Mobile,499.99,,4.2,93.0,Boost Mobile,30.0,Unknown,,https://encrypted-tbn0.gstatic.com/shopping?q=tbn:ANd9GcRxynX3KkN5C2u0meE7ujjLJV4ofU4ZA4h17ebjFqgYApipWf9wQGtebalKaQ4JCuXK1zrjXcMfsl7tlpDxb1CJGlTgA0VX3g,Google,Low,71.0,0.0,Good,Low,19.081838085534017,5.3190425531914896,19.081838085534017,Low,298.2,0.18563244775344817
smart phone,Samsung Galaxy S26 - Black - 256GB (with 36 monthly payments + plan) - Samsung Galaxy Smartphone,179.99,,4.7,13000.0,T-Mobile,31.0,Free delivery,,https://encrypted-tbn3.gstatic.com/shopping?q=tbn:ANd9GcR5djTAv4EXnoUH1gJaqRE-4hnmgpPuGCcrGsconjC_Jeb2sGYMTdxyOFfJU5BSqp-LuhGl0DDy22oIUfBJN_F4rbxpzj_dRA,Samsung,Low,70.0,0.0,Excellent,High,44.52207331584219,0.013844319667717868,44.52207331584219,Low,329.0,71.82717277197635
smart phone,Samsung Galaxy S26 Ultra,1299.99,,4.8,57000.0,Consumer Cellular,32.0,Free delivery by Thu,,https://encrypted-tbn2.gstatic.com/shopping?q=tbn:ANd9GcQVMMpfSUqvDRlkoVw2FoWHsuUQRxv5xDJAaq0A0jA-ELkp274EqP-PvFXfGdwf768p-iOBt0gjpfx2Xh3EBy6bxiaKbMTU4A,Samsung,Low,69.0,0.0,Excellent,High,52.563955634507735,0.02280644199224575,52.563955634507735,Medium,331.2,43.812788722434455
smart phone,Tracfone Prepaid Motorola g Play Cdma Lte,39.99,,4.3,449.0,Best Buy,33.0,Free delivery by Thu,,https://encrypted-tbn0.gstatic.com/shopping?q=tbn:ANd9GcQtrqBrxHMLahaaVpUXlLFaGjlnkbB1lDYOFVF7vFBKLDN6N5NCxbcr3uRDYLCIlhXbk4QRZ3NQXgki_3aVjPMBaXMxMUmck3uKhwep1jCeJdk55WNUbuEI,Tracfone,Low,68.0,0.0,Good,Low,26.26976460588677,0.08886666666666668,26.26976460588677,Low,292.4,10.953891192973895
smart phone,Apple iPhone 16 Pro Max,809.99,,3.7,2200.0,Walmart - Breed,34.0,Unknown,,https://encrypted-tbn1.gstatic.com/shopping?q=tbn:ANd9GcRGQ9oWYygQmrQeupB8_HuDRo8KTUufTFaPFFNqdUUxg7H5xFDMfQcwevM3lvfIIh5Oo7sP51JPiW19ItCUL-qeQol0--h20w,Apple,Low,67.0,0.0,Average,Medium,28.47766820164791,0.3680099954566106,28.47766820164791,Medium,247.9,2.712733819159299
smart phone,AGM NOTE N2 Android Smartphone Removable Battery,79.9,,4.6,5.0,Agmmobile.Com,35.0,Free delivery,,https://encrypted-tbn2.gstatic.com/shopping?q=tbn:ANd9GcQ-Yaupwy_7jo6SSe0FblbPcwwopRPZEiHFH-tdrq0decfvjQ9KCicNX_Yz1EBI3gcTkBlSv6UzSAMhHL3EEW3pYSASjdmq-rz_Y5l1jiwhExrJpefjen9Z,AGM,Low,66.0,0.0,Excellent,Low,8.242093558449053,13.316666666666668,8.242093558449053,Low,303.59999999999997,0.061804697156983925
smart phone,Google Pixel 10 128GB Indigo,799.0,,4.4,111.0,Google Store,36.0,Free delivery,,https://encrypted-tbn0.gstatic.com/shopping?q=tbn:ANd9GcTRmyyhUNR_76fZKCkx9ZW5u8THvIc7bA6wv6DPEHvUTjwfJT4Q2CZ-zLR2oqTuBXVB2xknOv7utLgxAYHVMNuWWhl2ywcm,Google,Low,65.0,0.0,Good,Low,20.761395033698417,7.133928571428571,20.761395033698417,Medium,286.0,0.13875
smart phone,Cricket Wireless Samsung Galaxy A16 5G 128gb,49.99,,3.5,168.0,Best Buy,37.0,Free delivery by Tue,,https://encrypted-tbn2.gstatic.com/shopping?q=tbn:ANd9GcRGiLpH1m6plMtfTrDxnPjSZiWMnznu-wLyQpFyH3IhqdmEsjFqI6WkN6BQ07YnvNiBbTtzKk0vc5P5AOHehnoyvBhCMY1UbR4o54g4M7sIFzE9w4BPiju0,Cricket,Low,64.0,0.0,Average,Low,17.954645502230758,0.29579881656804735,17.954645502230758,Low,224.0,3.294763679152775
smart phone,Samsung Galaxy A27 5G,349.99,,3.7,3.0,Boost Mobile,38.0,Unknown,,https://encrypted-tbn1.gstatic.com/shopping?q=tbn:ANd9GcRPbbC-P3c4S83W5cTnWBjRpCo9VTon8jJbwRZGBSpaXMQLNFFL2k2QtheFn8zp5-LZEJdU_0jdwfj7pO24elpPnxh1GaRa,Samsung,Low,63.0,0.0,Average,Low,5.129289136143595,87.4975,5.129289136143595,Low,233.10000000000002,0.008547252058463203
smart phone,Motorola Motorola g power,399.99,,4.2,237.0,Motorola - United States,39.0,Free delivery,,https://encrypted-tbn3.gstatic.com/shopping?q=tbn:ANd9GcSf4WKxU7jAzaFz_D_-xMYNt8yav5uQgpL_C8UibhNJdqOdhCS3L8HXD_o4qP4ufA9pq20pznidXTToCSMaIXMYN4AE2OKeByonfgnvXBgu_rthN9MR0SxKjQ,Motorola,Low,62.0,0.0,Good,Low,22.983536829420196,1.6806302521008403,22.983536829420196,Low,260.40000000000003,0.5910371829721439
smart phone,FOSSiBOT F112 Pro 24GB+256GB 6.88-inch 120Hz 7150mAh 50MP Dimensity 6300 6nm 5G Rugged Smartphone,239.99,,4.0,4.0,Fossibot - Main,40.0,Free delivery,,https://encrypted-tbn2.gstatic.com/shopping?q=tbn:ANd9GcQZ6L8acj3qXRpLcoyC9J7NaJFuxqxuToCiF1M-6INxRHNrxTBBZy_1XUvMifM_KsuCPMlUVhCN4OviFHyx5N0xExcEfoZ6jcpv2NR0L6FPhFfCYb0Act94pw,FOSSiBOT,Low,61.0,0.0,Good,Low,6.437751649736401,47.998000000000005,6.437751649736401,Low,244.0,0.01659819909539815
washing machine,Whirlpool 3.5 Cu. Ft. Top Load Washer WTW4816FW,499.0,,3.9,26000.0,Lowe'S,1.0,Unknown,,https://encrypted-tbn3.gstatic.com/shopping?q=tbn:ANd9GcSHCJ-BzHqMdWoKWDA77ATeSsEVuOebpQHPv8gBZWzAiuyCb8GFNwmZdmWA5c9O3bhplIkXeW8,Whirlpool,Low,100.0,0.0,Average,High,39.64697208342957,0.019191569555017114,39.64697208342957,Low,390.0,52.0
washing machine,Insignia 4.1 Cu. Ft. Top Load Washer with ColdMotion Technology,449.99,,4.6,893.0,Best Buy,2.0,Unknown,,https://encrypted-tbn1.gstatic.com/shopping?q=tbn:ANd9GcRFFhqydC__jc7Pc3YL75wHOFgNbKJz-4exOIc8dtI0xelbsGIFzCOIwoFRluI9bmDuriENitg,Insignia,Low,99.0,0.0,Excellent,Low,31.26024656579816,0.50334451901566,31.26024656579816,Low,455.4,1.980088250293798
washing machine,Samsung 4.5 Cu. Ft. Top Load Washer wa45t3200aw,549.0,,4.3,8000.0,Lowe'S,3.0,Unknown,,https://encrypted-tbn1.gstatic.com/shopping?q=tbn:ANd9GcR7sQOd0tG9od2EIoiMYCxnoLYAeaiSblhyVgQBA_XcDUzUmxJKiAYSp-22ipbDxV54C0dpDrj0,Samsung,Low,98.0,0.0,Good,High,38.64548379525554,0.0686164229471316,38.64548379525554,Medium,421.4,14.545454545454545
washing machine,Whirlpool 4.2 4.3 Cu. ft Top Load Washer with 2-in-1 Removable Agitator,549.0,,3.8,1100.0,Home Depot,4.0,Unknown,,https://encrypted-tbn2.gstatic.com/shopping?q=tbn:ANd9GcSn3UcxbBbI55FA3wbcMqOhKzl-FjljHI6z70eVGxr0hQrutBc,Whirlpool,Low,97.0,0.0,Average,Medium,26.615101719546182,0.4986376021798365,26.615101719546182,Medium,368.59999999999997,2.0
washing machine,LG 4.1 Cu ft Top Load Washer with Agitator,548.97,,4.2,5700.0,Pc Richard & Son,5.0,Unknown,,https://encrypted-tbn1.gstatic.com/shopping?q=tbn:ANd9GcS7wIM_qmpZ2ucdcIquxqbVvbUAcy3awR-2oPYCojs0BH5DAkVLsGGXNzzetFFbl9SsJRwxWak,LG,Low,96.0,0.0,Good,High,36.323266883532646,0.09629363269601825,36.323266883532646,Medium,403.20000000000005,10.364201683728202
washing machine,GE 4.5 Cu ft Capacity Washer with Stainless Steel Basket and Cold Plus,599.0,,4.2,9700.0,Lowe'S,6.0,Unknown,,https://encrypted-tbn2.gstatic.com/shopping?q=tbn:ANd9GcRB2FXjwpMtckd-qC7umvvknXlolWhDEjLyZpnXVFe8SjrT9SoDkCRIPygP_q8,GE,Low,95.0,0.0,Good,High,38.55593385823739,0.06174621173074941,38.55593385823739,Medium,399.0,16.166666666666668
washing machine,Insignia 3.7 Cu. Ft. High Efficiency 12-Cycle Top-Loading Washer,399.99,,4.3,2400.0,Best Buy,7.0,Unknown,,https://encrypted-tbn3.gstatic.com/shopping?q=tbn:ANd9GcQh_ZCAQoKQPJ7GyZUsV_uiOfrkAKbiHm26pESVa6tVcbd7ddx6r5wQERCsHg,Insignia,Low,94.0,0.0,Good,Medium,33.469654563751384,0.16659308621407748,33.469654563751384,Low,404.2,5.985186663009053
washing machine,Maytag Top Load Washer with Deep Fill,599.0,,3.8,24000.0,Home Depot,8.0,Unknown,,https://encrypted-tbn2.gstatic.com/shopping?q=tbn:ANd9GcTPDbjEIt7eENqpvSq0x7-TrCbS5pTAcPzHZIZpA1iOGRMH-Z_H9t-3LvnQIHMTDtaHVKctejFi,Maytag,Low,93.0,0.0,Average,High,38.326232945489124,0.02495729344610641,38.326232945489124,Medium,353.4,40.0
washing machine,GE 4.5 Cu. Ft. Capacity Washer with Water Level Control,649.99,,4.3,2500.0,Warners' Stellian Appliance,9.0,Unknown,,https://encrypted-tbn1.gstatic.com/shopping?q=tbn:ANd9GcSls9i5Zaojf91coEEpy8hgbK18B5PnAEHfJOY-mQm68qQ4_urliZdY-QfnEg,GE,Low,92.0,0.0,Good,Medium,33.645117502773765,0.2598920431827269,33.645117502773765,Medium,395.59999999999997,3.8403047665862764
washing machine,4.2-4.3 Cu. Ft. Whirlpool Top Load Washer with 2-in-1 Removable Agitator and Soft Close Glass Lid wtw4307sw,589.0,,4.1,2400.0,Lowe'S,10.0,Unknown,,https://encrypted-tbn0.gstatic.com/shopping?q=tbn:ANd9GcSYFWHa8wdOA_wfk1ZN6b4Jj7v1tT-5ee_6APDRqNO4WACgxo3NCNn-dYL2RqW6l93AqCvqU7Ft,4.2-4.3,Low,91.0,0.0,Good,Medium,31.912926444507136,0.24531445231153687,31.912926444507136,Medium,373.09999999999997,4.067796610169491
washing machine,GE 4.0 Cu. Ft. Capacity Washer with Stainless Steel Basket and Water Level Control,377.3,,4.0,2700.0,Appliance Direct,11.0,Unknown,,https://encrypted-tbn2.gstatic.com/shopping?q=tbn:ANd9GcQioWN14iy5f4LuWuxImbdOtgcKL-V1Hw1d0ShVCGqdjssDwXPYys2MFOKdEhoVdAlcUSLzjMgi,GE,Low,90.0,0.0,Good,Medium,31.605509415170463,0.1396890040725657,31.605509415170463,Low,360.0,7.137192704203013
washing machine,Maytag 4.2 Cu. Ft. Capacity Top Load Washer,569.0,,4.0,1700.0,Home Depot,12.0,Unknown,,https://encrypted-tbn2.gstatic.com/shopping?q=tbn:ANd9GcRvByATSUT9OwkfmKEVu_D9CjONB_F4vIYeJhDE6CAQGxjkWfI,Maytag,Low,89.0,0.0,Good,Medium,29.755886369583447,0.33450911228689006,29.755886369583447,Medium,356.0,2.982456140350877
washing machine,Roper by Whirlpool High Efficiency Agitator Large Top-Load Washer Stainless Steel rtw3005tw,499.0,,4.3,168.0,Lowe'S,13.0,Unknown,,https://encrypted-tbn2.gstatic.com/shopping?q=tbn:ANd9GcTUwu_JYdHvtr8HyzbDxniCMQgs6l_GkJkprLEUNM3VKhKqcG6wYrPkUlfm4RGKMOk4U70qHqsx,Roper,Low,88.0,0.0,Good,Low,22.058564474169216,2.9526627218934913,22.058564474169216,Low,378.4,0.336
washing machine,"Dimedeal 18lbs Portable Twin Tub Washing Machine, Small Washer with 1 Drying Rack and 10 Hangers, Compact Laundry Machine with Spinner, Mini Washer",103.99,,2.8,27.0,Walmart - Dimedeal,14.0,Free delivery,,https://encrypted-tbn2.gstatic.com/shopping?q=tbn:ANd9GcQOjyO-WbVM96kXdu5kgqWZvOvbUNpcrbMnfAMsVvF4auL0SSE7Jb1zWi0vrOfHhES7tdXOb7g,Dimedeal,Low,87.0,0.0,Poor,Low,9.33017262849057,3.7139285714285712,9.33017262849057,Low,243.6,0.2571673492713592
washing machine,Hotpoint 4.0 Cu. Ft. Capacity Washer with Stainless Steel,498.12,,4.1,2600.0,Electronic Express,15.0,Free delivery,,https://encrypted-tbn1.gstatic.com/shopping?q=tbn:ANd9GcRvt_opuEQmmqImPVO1GLNFTklpFdxsD4RwedzQiQUG2qztS-g,Hotpoint,Low,86.0,0.0,Good,Medium,32.24097018833947,0.1915109573241061,32.24097018833947,Low,352.59999999999997,5.209168135919218
washing machine,Amana Large Capacity Top Load Washer with High-Efficiency Agitator,499.0,,3.7,3500.0,Home Depot,16.0,Unknown,,https://encrypted-tbn3.gstatic.com/shopping?q=tbn:ANd9GcSEvOlO6kV9GQBboXtDvB2oqjvFDNKMW6CvdOKmQQ04gCgjeaV8,Amana,Low,85.0,0.0,Average,High,30.19497450753226,0.14253070551271066,30.19497450753226,Low,314.5,7.0
washing machine,LG 4.5-Cu. Ft. Front Load Washer wm3400cw,749.0,,4.1,7100.0,Lowe'S,17.0,Unknown,,https://encrypted-tbn1.gstatic.com/shopping?q=tbn:ANd9GcRpJ5faJa5pvZ4x8eIJjCSP-rJhB7mCMJ3NA-NRAUzLUBccqJmWcWyUGSM5oaPfyLbsWx4imCgJ,LG,Low,84.0,0.0,Good,High,36.358762682546576,0.10547810167582031,36.358762682546576,Medium,344.4,9.466666666666667
washing machine,Speed Queen TC5 3.2 Cu. ft Top Load Washer,1599.0,,4.7,188.0,Famous Tate Appliance & Bedding Centers,18.0,Free delivery,,https://encrypted-tbn3.gstatic.com/shopping?q=tbn:ANd9GcRRwSpuQH6T01akShkfUAmNqNWYxqooltSStSng5ks9-155nh3LLKrKmm9KRrE,Speed,Low,83.0,0.0,Excellent,Low,24.636210970780322,8.46031746031746,24.636210970780322,High,390.1,0.1175
washing machine,Model #WA54CG7150AD Samsung Pet Care Solution 5.4-Cu. Feet High Efficiency Impeller Smart Compatible Top-Load Washer ENERGY STAR,616.97,,4.5,0.0,Wonderful Life Appliances,19.0,Unknown,,https://encrypted-tbn1.gstatic.com/shopping?q=tbn:ANd9GcRAWzOrUDluS-35EytfWgPvhrEUz2aQS9aF1NBpi6lC6kfMR2bLZ8JDodCtoPvwxNuC1NmggQA,Model,Low,82.0,0.0,Excellent,No Reviews,0.0,616.97,0.0,Medium,369.0,0.0
washing machine,Midea Top Load Washer 4.1 Cu ft,448.97,,4.2,27.0,Pc Richard & Son,20.0,Unknown,,https://encrypted-tbn0.gstatic.com/shopping?q=tbn:ANd9GcQ6wemy5QlMplb21BEs3tWGOyRROqpVaO7HvhcDgU3wXbHKcymEDzQepWnzfJ5xwYvCuywpgzXl,Midea,Low,81.0,0.0,Good,Low,13.995258942735857,16.03464285714286,13.995258942735857,Low,340.2,0.06000400026668444
washing machine,Samsung 5.2 cu. ft. Large Capacity Smart Top Load Washer with Super Speed Wash,699.0,,4.4,902.0,Home Depot,21.0,Unknown,,https://encrypted-tbn3.gstatic.com/shopping?q=tbn:ANd9GcTzuz31nwHfQiwCyYdM6VqxadUdXuSOtgmRKvnuMN2xxW3Vyy3aLUBSWgk8IsBJKvsincmGJ1o,Samsung,Low,80.0,0.0,Good,Low,29.94517923503474,0.7740863787375415,29.94517923503474,Medium,352.0,1.2885714285714285
washing machine,Samsung 4.6 Cu. ft Agitator Top Load Washer,599.99,,4.6,794.0,Best Buy,22.0,Unknown,,https://encrypted-tbn3.gstatic.com/shopping?q=tbn:ANd9GcQX9agwl2Sdan6sgDKAZhNqpzjP1V5J22lTwv7ZeQWxEn450LZQb0TnHPhnNYA,Samsung,Low,79.0,0.0,Excellent,Low,30.720373727409925,0.7547044025157232,30.720373727409925,Medium,363.4,1.321153430173547
washing machine,GE ENERGY STAR 4.6 cu. ft. Capacity Washer with Stainless Steel Basket and Stain PreTreat GTW538ASWWS,479.4,,3.7,847.0,Overstock Corner - Appliance Store,23.0,Unknown,,https://encrypted-tbn1.gstatic.com/shopping?q=tbn:ANd9GcQyZsF0zQXxj_ZQ3dQjpBaWcX4DFnZi0v5loXti29JpP4sCDUM7vm1dpFOA69M,GE,Low,78.0,0.0,Average,Low,24.948658352430044,0.5653301886792452,24.948658352430044,Low,288.6,1.7631140716069942
washing machine,LG 4.8 Cu ft Top Load Washer with Agitator wt8205cw,799.0,,4.4,311.0,Lowe'S,24.0,Unknown,,https://encrypted-tbn2.gstatic.com/shopping?q=tbn:ANd9GcQagG3kS3nWZpTag9tI40Pmpf6Og56xPJ9k2gEexHlyx4csWUCquazrvC7qV_kTA0IqzfNleAg,LG,Low,77.0,0.0,Good,Low,25.269214026361723,2.5608974358974357,25.269214026361723,Medium,338.8,0.38875
washing machine,GE 4.0 Cu. Ft. Capacity Washer with Stainless Steel Basket and Water Level Control​,629.0,,3.4,121.0,Grand Appliance And Tv,25.0,Free delivery by Tue,,https://encrypted-tbn3.gstatic.com/shopping?q=tbn:ANd9GcQQZoYRZ4wuzQ8N83P43SVHQBeife-dtqCxKLKQYAofNizR5AyITtTsXygYNh0,GE,Low,76.0,0.0,Average,Low,16.333671552093072,5.155737704918033,16.333671552093072,Medium,258.4,0.19206349206349208
washing machine,4.1 Cu. Ft. Top Load Washer Frigidaire,649.0,,4.0,198.0,Home Depot,26.0,Unknown,,https://encrypted-tbn0.gstatic.com/shopping?q=tbn:ANd9GcQofgMR039lYicS2GrHbQL7P1ZxqapxX2wA6dGG-qDKcMkoFBt1rfTLQmZNkZw,4.1,Low,75.0,0.0,Good,Low,21.17321929889797,3.2613065326633164,21.17321929889797,Medium,300.0,0.3046153846153846
washing machine,Whirlpool Top Load Washer with Removable Agitator 4.7 Cu. ft,698.0,,3.8,20000.0,Abt Electronics & Appliances,27.0,Free delivery,,https://encrypted-tbn0.gstatic.com/shopping?q=tbn:ANd9GcSP51leRrvAu3R8z6iBe4v0Oo5d6o2kXuUjKKuQpx5mRH9x1pk2shMPBismg_V7U0Zl9rkSlg8,Whirlpool,Low,74.0,0.0,Average,High,37.63344269488745,0.03489825508724564,37.63344269488745,Medium,281.2,28.61230329041488
washing machine,Electrolux 4.5 Cu. Ft. Front Load Washer,949.0,,4.6,6500.0,Pieratt'S,28.0,Unknown,,https://encrypted-tbn1.gstatic.com/shopping?q=tbn:ANd9GcS5ZIxduwki53rNYFkXNq-0hcpaYG1aHjWGd0f99j_R-81-I44,Electrolux,Low,73.0,0.0,Excellent,High,40.38667193494056,0.1459775419166282,40.38667193494056,Medium,335.79999999999995,6.842105263157895
washing machine,Ggtb 1.9 Cu.ft Full Automatic Washing Machine with LED Display 20 lbs Portable Washer Machine,194.99,,3.7,59.0,Walmart - Krib Bling,29.0,Unknown,,https://encrypted-tbn3.gstatic.com/shopping?q=tbn:ANd9GcQB8GZ7N1O-QYy95Sxg3tq7jTA2U7F3sVODFB0bBzm8sEFPZMg,Ggtb,Low,72.0,0.0,Average,Low,15.149074880221772,3.2498333333333336,15.149074880221772,Low,266.40000000000003,0.3010357671309761
washing machine,Maytag 4.3 Cu. Ft. Capacity Top Load Washer mtw4200sw,569.0,,3.9,91.0,Home Depot,30.0,Unknown,,https://encrypted-tbn2.gstatic.com/shopping?q=tbn:ANd9GcQ2jNMY_EnnqwSa-9dRknvwIJ7fpdlsHK-fVre93LBSNEQKGHAC_7A9ytPb78k7q8M80wi7Q84,Maytag,Low,71.0,0.0,Average,Low,17.634975450491257,6.184782608695652,17.634975450491257,Medium,276.9,0.15964912280701754
washing machine,Whirlpool 4.5 Cu. Ft. Front Load Washer with Tumble Fresh Option wfw4720rw,729.99,,4.0,1400.0,Best Buy,31.0,Unknown,,https://encrypted-tbn2.gstatic.com/shopping?q=tbn:ANd9GcSgGBq6dtpPbeESyKpjY26Pm6U0PITS4okxWW31vwd2uTeQrSQLWq8HNEwlxyUwOJDa7xlUKZ77,Whirlpool,Low,70.0,0.0,Good,Medium,28.979766185348026,0.5210492505353319,28.979766185348026,Medium,280.0,1.9152108783977893
washing machine,Arctic Wind 3.7 Cf Top Load Washer atlmw37,719.0,,4.5,0.0,Lowe'S,32.0,Unknown,,https://encrypted-tbn0.gstatic.com/shopping?q=tbn:ANd9GcTr58o2h1MJRgzHhIPrGPIEYhH4F1bDa_wa_z4rRjvsiFBOk4mYYPx1RNmctI4,Arctic,Low,69.0,0.0,Excellent,No Reviews,0.0,719.0,0.0,Medium,310.5,0.0
washing machine,"GE 4.3 Cu. Ft. Capacity Washer with Stainless Steel Basket,Cold Plus and Water Level Control",567.0,,4.2,2400.0,Abc Warehouse,33.0,Unknown,,https://encrypted-tbn1.gstatic.com/shopping?q=tbn:ANd9GcR80235pk05abHNgVkt47aWujB2rARjXa_kdZlo8imua9yqEqOHmAXSSYEO4QTX4jYRYqXLUR0T,GE,Low,68.0,0.0,Good,Medium,32.69129050412926,0.23615160349854228,32.69129050412926,Medium,285.6,4.225352112676056
washing machine,Stbine 1.38 cu. ft.17.7 lbs. Full-Automatic Smart Home Top Load Washer,243.0,,4.5,2.0,Home Depot,34.0,Free delivery,,https://encrypted-tbn0.gstatic.com/shopping?q=tbn:ANd9GcR-s6xA824rw23uz0N6POPpgPKOd9btgFW7Dko0oz1ItTjoxb_5RAqqeU7vzfnXqt38gHHwMAbP,Stbine,Low,67.0,0.0,Excellent,Low,4.943755299006494,81.0,4.943755299006494,Low,301.5,0.00819672131147541
washing machine,Bosch 300 Series Compact Washer wga14400uc,1349.0,,3.8,43.0,Abt Electronics & Appliances,35.0,Free delivery,,https://encrypted-tbn1.gstatic.com/shopping?q=tbn:ANd9GcTzMsj7MG7M6JUsV-4efIxBY6fNPWfWIrloKBwhp8yK4k_ShiY7Vp_7r10gRQ,Bosch,Low,66.0,0.0,Average,Low,14.37992060888939,30.65909090909091,14.37992060888939,Medium,250.79999999999998,0.03185185185185185
washing machine,"Hotpoint 4.0 cu. ft. Capacity Washer with Stainless Steel Basket, Cold Plus and Water Level Control - White",17.99,,4.5,0.0,Rent-A-Center,36.0,Free delivery,,https://encrypted-tbn3.gstatic.com/shopping?q=tbn:ANd9GcST5TxEw0waj2rfznWujl5-990BEWlCSFW4Ipo002JWc26zk_Jq68Swq43XP00,Hotpoint,Low,65.0,0.0,Excellent,No Reviews,0.0,17.99,0.0,Low,292.5,0.0
washing machine,LG 5.0 Cu. Ft. Front Load Washer,799.99,,4.5,1400.0,Best Buy,37.0,Unknown,,https://encrypted-tbn0.gstatic.com/shopping?q=tbn:ANd9GcT9eXNQHLJjB6lCJxDXbLyJApa5omJrB2dTrlJ2wCYVK5ykv_fEwivJzJf9F88jtXXzV6ofhSU,LG,Low,64.0,0.0,Excellent,Medium,32.60223695851653,0.5710135617416131,32.60223695851653,Medium,288.0,1.7478370516485848
washing machine,Full-Automatic Washing Machine 1.5 Cu.Ft 11 LBS Washer and Dryer -White,250.7,,4.2,202.0,Walmart - Costway,38.0,Unknown,,https://encrypted-tbn3.gstatic.com/shopping?q=tbn:ANd9GcQwgFodDdN-4fMLUuu6qjbwRj7-wktNXwwGoOo2eiBqpcjbQ9MxUiDong4-J2QkOLAObR0EO78x,Full-Automatic,Low,63.0,0.0,Good,Low,22.315465111975506,1.234975369458128,22.315465111975506,Low,264.6,0.8025427095748908
washing machine,CONSERVATOR vww3809rw Top Load Washer,539.1,,2.8,6.0,Home Depot,39.0,Unknown,,https://encrypted-tbn2.gstatic.com/shopping?q=tbn:ANd9GcThGXx0Q_eCbtEXjiFDCnE3kuYdsho-m6jxmEc3HXzBuQ5-lR3__d9i6tfOkY5e7Rf_1vyYQcc,CONSERVATOR,Low,62.0,0.0,Poor,Low,5.448548417354877,77.01428571428572,5.448548417354877,Medium,173.6,0.011109053878911312
washing machine,Maytag 4.7 Cu. ft Power Agitator Top Load Washer with Pet Pro Option,749.0,,3.9,1100.0,Lowe'S,40.0,Unknown,,https://encrypted-tbn0.gstatic.com/shopping?q=tbn:ANd9GcRONIPibIxqa32ofnXjcvJX2UpWmSvfFkvIkbEFDCH9Lu-34HUZHGh8RiVP4DEsG-E6p1UlXA7k,Maytag,Low,61.0,0.0,Average,Medium,27.31549913321845,0.6802906448683016,27.31549913321845,Medium,237.9,1.4666666666666666
headphones,Anker Soundcore Q20i Hybrid Active Noise Cancelling Headphones,44.99,,4.8,6400.0,Best Buy,1.0,Free delivery by Tue,,https://encrypted-tbn1.gstatic.com/shopping?q=tbn:ANd9GcRvtGGwE753N1_8EBoZCVOTKP661meJDMqy9tYF2NOlMbrOFyt6MWBOcng_vwCqRMYHSqhPsg,Anker,Low,100.0,0.0,Excellent,High,42.06820563428162,0.007028589282924543,42.06820563428162,Low,480.0,139.16068710589258
headphones,Apple AirPods Max,293.99,,4.6,12000.0,Paymore Springfield,2.0,Free delivery by Fri,,https://encrypted-tbn2.gstatic.com/shopping?q=tbn:ANd9GcShjF4RFy3BX6SFd9Iq3Pu5rQd3jLInaB97jDDqL7MiACpOt4F_2hmfTq1OWFlPHlrqiIGGoR4,Apple,Low,99.0,0.0,Excellent,High,43.206628189704624,0.02449712523956337,43.206628189704624,Low,455.4,40.67934506254449
headphones,JBL Tune 530BT Wireless On-Ear Headphones,44.95,,4.7,658.0,Walmart,3.0,Free delivery,,https://encrypted-tbn0.gstatic.com/shopping?q=tbn:ANd9GcRXT3d02ZimADbrG2_EvkIiu1MP2us95tHovp_aKm6OnQ24q80NgE0qJjprxkFg_tbzPCXaVQug,JBL,Low,98.0,0.0,Excellent,Low,30.506400612161784,0.0682094081942337,30.506400612161784,Low,460.6,14.319912948857453
headphones,Beats Studio Pro Wireless Headphones,187.0,,4.6,20000.0,Best Buy,4.0,Unknown,,https://encrypted-tbn2.gstatic.com/shopping?q=tbn:ANd9GcTVvIG7sAM0nQODnxNUfShuUaK2Ffc-imnJgfrm4gzbR1deXoFczQ1AjHeLUDs,Beats,Low,97.0,0.0,Excellent,High,45.55627273591638,0.009349532523373831,45.55627273591638,Low,446.2,106.38297872340425
headphones,Bose QuietComfort Noise Cancelling Headphones,199.0,,4.6,7600.0,Lenovo,5.0,Free delivery,,https://encrypted-tbn0.gstatic.com/shopping?q=tbn:ANd9GcRdiAbpT0RMS3fnEvsLokvSSZQezoBQ0Dn_ujLJrxn95l4id9k,Bose,Low,96.0,0.0,Excellent,High,41.105761444203786,0.02618076568872517,41.105761444203786,Low,441.59999999999997,38.0
headphones,Sony WH-CH520 Wireless Headphones,39.99,,4.7,29000.0,Target,6.0,Free delivery by Sat,,https://encrypted-tbn3.gstatic.com/shopping?q=tbn:ANd9GcQedTaZoZGbCpPhzJBvlyCWUW2AxT1sfXwTQyb2mqxhQe-OK3c,Sony,Low,95.0,0.0,Excellent,High,48.292902278323766,0.0013789179683459192,48.292902278323766,Low,446.5,707.4896316174677
headphones,Apple AirPods Max 2,549.0,,4.6,1000.0,Apple,7.0,Free next-day delivery,,https://encrypted-tbn2.gstatic.com/shopping?q=tbn:ANd9GcRUGmGXsSwqyhz5BJxnIUyvwc-FzXpU57lAV-QNxos7oP66yNhZxBJ0ZPUVsv19nXxamWQ0ktE,Apple,Low,94.0,0.0,Excellent,Medium,31.78027198485001,0.5484515484515484,31.78027198485001,Medium,432.4,1.8181818181818181
headphones,Onn. Wireless Bluetooth On-Ear Headphones,12.88,,4.0,2500.0,Walmart,8.0,Unknown,,https://encrypted-tbn2.gstatic.com/shopping?q=tbn:ANd9GcRA3WVNemP8VmnwRV5sP9yeSMBl4KjrBwpgGq5tAdlJY5mnshMMmwcBXnqK36k4ZXKh8Rmw0Lyh,Onn.,Low,93.0,0.0,Good,Medium,31.297783723510477,0.005149940023990404,31.297783723510477,Low,372.0,180.11527377521614
headphones,Bowers & Wilkins PX8 Over-Ear Noise Canceling Wireless Headphones,749.0,,4.8,4400.0,Bowers & Wilkins,9.0,Free delivery,,https://encrypted-tbn2.gstatic.com/shopping?q=tbn:ANd9GcSaxnAWBy-LTLmSBklBcHncm6qNOGiG4SrMJ1GHbSa5q_G8XGdIQjIEfwVQnOigT-3EJnSXMCuG,Bowers,Low,92.0,0.0,Excellent,High,40.270017920693235,0.17018859350147694,40.270017920693235,Medium,441.59999999999997,5.866666666666666
headphones,Skullcandy Icon 180 On Ear Headphones,36.74,,4.0,56.0,Best Buy,10.0,Unknown,,https://encrypted-tbn3.gstatic.com/shopping?q=tbn:ANd9GcS9F9_Zktyywh-sR7V8Di6xgyMTsDSc_UY8hZ7UJwSzSnVFSCJ4mLSHTirBc1E,Skullcandy,Low,91.0,0.0,Good,Low,16.1722050713382,0.644561403508772,16.1722050713382,Low,364.0,1.483836777954425
headphones,Sennheiser MOMENTUM 4 Wireless Headphones,229.95,,4.6,8700.0,Sennheiser Consumer Audio Us,11.0,Free delivery by Thu,,https://encrypted-tbn0.gstatic.com/shopping?q=tbn:ANd9GcTzyGcCNsW-Z53laPWtIEvMKxgAViVaHFv_k9osEY9_7trdCvpADC64Ogkv7K5eUZCt8wFNummV,Sennheiser,Low,90.0,0.0,Excellent,High,41.72748890660371,0.02642799678197908,41.72748890660371,Low,413.99999999999994,37.670491448365446
headphones,Wired Banded Over Ear Headphones with Microphone in Bright Lilac - heyday,10.0,,3.4,99.0,Target,12.0,Free delivery on $100+,,https://encrypted-tbn2.gstatic.com/shopping?q=tbn:ANd9GcQIpJecY6u1S_xXZUuj5OB5BtkAhrLA7CsZhnfIEb_JpLzZLns,Wired,Low,89.0,0.0,Average,Low,15.657578632359511,0.1,15.657578632359511,Low,302.59999999999997,9.0
headphones,Dan Clark Audio E3 Closed Back Planar Magnetic Headphones,1999.99,,4.8,83.0,Hifisoundgear,13.0,Free delivery,,https://encrypted-tbn2.gstatic.com/shopping?q=tbn:ANd9GcSamPSt5YGMaoorsY2ow6mOtHmdz5NUYR8y4g3GuC2IqitRcuXElcjY2EVHOSIA7JRKgNdhspjh,Dan,Low,88.0,0.0,Excellent,Low,21.267920634447904,23.809404761904762,21.267920634447904,High,422.4,0.04147946766350656
headphones,Pwrd Liquid Glitter Wireless Bluetooth Headphones,14.88,,4.7,53.0,Walmart,14.0,Unknown,,https://encrypted-tbn3.gstatic.com/shopping?q=tbn:ANd9GcSvHCaGd1mdpvthB58atKkTDXeoMre8ZV2wQnlmEFvrEQlobFc6CX5W3hpmvD3Y6C2Hmd4W84noluU,Pwrd,Low,87.0,0.0,Excellent,Low,18.74822501885209,0.27555555555555555,18.74822501885209,Low,408.90000000000003,3.3375314861460956
headphones,JLab Studio Pro Over Ear Wireless Headphones HBASTUDIOPRORBLK4,39.99,,4.2,1500.0,Best Buy,15.0,Free delivery by Thu,,https://encrypted-tbn1.gstatic.com/shopping?q=tbn:ANd9GcQnsbxk_X4KTgkXslgBeDozHJYYu9jTfuyYEy9THffJ9Jgrx0T_1dpKLeiqvK8,JLab,Low,86.0,0.0,Good,Medium,30.71832469286054,0.02664223850766156,30.71832469286054,Low,361.2,36.59429129055867
headphones,Audio Technica ATH-M40x Monitor Headphones,109.0,,4.8,3400.0,Ted Brown Music,16.0,Free delivery,,https://encrypted-tbn0.gstatic.com/shopping?q=tbn:ANd9GcRl-AyNnSACOAr_kqbCsnAlTJlAJBNt7qgohrrMpnn8qSwZugM,Audio,Low,85.0,0.0,Excellent,High,39.032758968034535,0.03204939723610703,39.032758968034535,Low,408.0,30.90909090909091
headphones,Marshall Major V On-Ear Headphones,159.99,,4.7,2400.0,Crutchfield,17.0,Free delivery by Wed,,https://encrypted-tbn3.gstatic.com/shopping?q=tbn:ANd9GcQ98BCXDNzP72Qri3zgtf-Lpf-hz7-NeQOJIe2ZFm5_ZuIOKQJ3yOujtccfw1rdRUjZ9p19jFxa,Marshall,Low,84.0,0.0,Excellent,Medium,36.583110802239894,0.06663473552686382,36.583110802239894,Low,394.8,14.90775824585378
headphones,Anker Soundcore Q20i Plus Hybrid Active Noise Cancelling Over-Ear Bluetooth Headphones,39.99,,4.4,14.0,Target,18.0,Free delivery by Sat,,https://encrypted-tbn2.gstatic.com/shopping?q=tbn:ANd9GcQ5Wc39dMFQG--AJpt92e4o4wwzQ7S_iUncTP2Xm3QG0xFnot0,Anker,Low,83.0,0.0,Good,Low,11.915420884849725,2.666,11.915420884849725,Low,365.20000000000005,0.3415467187118809
headphones,Tzumi Soundplay Wireless Over Ear Headphones,24.98,,4.5,263.0,Home Depot,19.0,Free delivery by Tue,,https://encrypted-tbn1.gstatic.com/shopping?q=tbn:ANd9GcQZGQEzXMi47sDCdvpupu1twvqOuuy8UY8hDmgSmBANey4AlNO7_T2g9QrMvkqgPwGAf-F6vjC0,Tzumi,Low,82.0,0.0,Excellent,Low,25.09177096415842,0.09462121212121212,25.09177096415842,Low,369.0,10.12317167051578
headphones,Beats Solo 4 On-Ear Wireless Headphones,139.99,,4.4,12000.0,Best Buy,20.0,Unknown,,https://encrypted-tbn0.gstatic.com/shopping?q=tbn:ANd9GcTdZSMkrSOMJkepn18o5Qv-_18jgJ9PN0Tim4Uc8KT27L6JZ0XfeoQ4NOwyW3g,Beats,Low,81.0,0.0,Good,High,41.32807913797834,0.011664861261561537,41.32807913797834,Low,356.40000000000003,85.11241932051918
headphones,Onn On-Ear Headphones with 3.5 mm Connector,7.93,,4.6,231.0,Walmart,21.0,Unknown,,https://encrypted-tbn3.gstatic.com/shopping?q=tbn:ANd9GcRBay8Bx4AA-1S_80rQA3Au_1fuj6qtSrL0HspJ-XAxVF4Nz1os0ReWw7oVm1jh1hkjXq4jayE,Onn,Low,80.0,0.0,Excellent,Low,25.054991909665024,0.03418103448275862,25.054991909665024,Low,368.0,25.867861142217247
headphones,OpenRun Shokz,129.95,,4.6,26000.0,Shokz,22.0,Free delivery,,https://encrypted-tbn3.gstatic.com/shopping?q=tbn:ANd9GcRQEeS8YF_SBRVdTVGyspGA03-Bvg5qgRR0VhZua8gWMRjaBSyiEi0qtNPZXrexZ7p0hLdn4j4,OpenRun,Low,79.0,0.0,Excellent,High,46.76309527789128,0.004997884696742432,46.76309527789128,Low,363.4,198.549064528446
headphones,Dyson OnTrac,249.99,,4.6,589.0,Dyson Official,23.0,Free delivery,,https://encrypted-tbn0.gstatic.com/shopping?q=tbn:ANd9GcRT9WJE4gN4uvFgA-FkexIvc-BDf7D0yZQ0gOLEMwvsTRE4EQsTJDDevwxtyU13idijKgolCDPa,Dyson,Low,78.0,0.0,Excellent,Low,29.348563669738915,0.42371186440677966,29.348563669738915,Low,358.79999999999995,2.34670704012112
headphones,Sony 1000X THE COLLEXION Wireless Noise Cancelling Headphones,648.0,,4.5,530.0,Nordstrom,24.0,Free delivery,,https://encrypted-tbn1.gstatic.com/shopping?q=tbn:ANd9GcT1MQHxNwtxU3pTSoC8xOmFK5uIuAqgEGemvkSyjVk0Dtr9D4lGbgQs6Ef4ID0,Sony,Low,77.0,0.0,Excellent,Low,28.236429095588726,1.2203389830508475,28.236429095588726,Medium,346.5,0.8166409861325116
headphones,JVC Bluetooth Headphones,45.59,,4.6,839.0,Best Buy,25.0,Unknown,,https://encrypted-tbn3.gstatic.com/shopping?q=tbn:ANd9GcSL6hqlJjb5naD9hH9g7mSKsYIfHw99x5-V62ar7PpLXZ_phtHEGn1PBR_3JzijM-ElXdfv3pA,JVC,Low,76.0,0.0,Excellent,Low,30.97364870245185,0.05427380952380953,30.97364870245185,Low,349.59999999999997,18.008156256707448
headphones,Cmf Headphone Pro b175 light grey,79.0,,4.7,97.0,Nothing Us,26.0,Unknown,,https://encrypted-tbn0.gstatic.com/shopping?q=tbn:ANd9GcTWaKk4khGUNDL6GrDaJz132JpifO6VX3hU6G5BFnC9BkG77PNXbiJBgR_yaKvizySlWrAPJ-23,Cmf,Low,75.0,0.0,Excellent,Low,21.54934714975169,0.8061224489795918,21.54934714975169,Low,352.5,1.2125
headphones,Audeze LCD-5s Open Back Planar Magnetic Headphones,4500.0,,5.0,2.0,Crutchfield,27.0,Free delivery by Wed,,https://encrypted-tbn2.gstatic.com/shopping?q=tbn:ANd9GcSBrh6Pe0P4Wcm9fgvJAs50BwxqYubJQ7crbx1-ZauyqYQ8UwWTYRJDO-nMw0XGqRneiO_7MqCx,Audeze,Low,74.0,0.0,Excellent,Low,5.493061443340549,1500.0,5.493061443340549,Very High,370.0,0.00044434570095534326
headphones,Sony Wireless Noise-Canceling Headphones WH-CH720N,99.99,,4.6,9500.0,Target,28.0,Free delivery by Sat,,https://encrypted-tbn2.gstatic.com/shopping?q=tbn:ANd9GcTLjRg8HAk5z6Px_r7-zADU9DROt7ixxzDwBT6ekemcubLHpY6U,Sony,Low,73.0,0.0,Excellent,High,42.13210074195105,0.010524155352068203,42.13210074195105,Low,335.79999999999995,94.06871967521538
headphones,JBL Live 780NC Over Ear Noise Cancelling Wireless Headphones,199.95,,4.6,410.0,Home Depot,29.0,Free delivery by Sat,,https://encrypted-tbn0.gstatic.com/shopping?q=tbn:ANd9GcSW-MSL7xEVOB9U0QoCTUYStRMprOEnu3KfOt93GM10A_bcG3nEAl7JUixkiwy2X0-PQJEhxS0,JBL,Low,72.0,0.0,Excellent,Low,27.685528786682674,0.48649635036496347,27.685528786682674,Low,331.2,2.040308534461309
headphones,Sennheiser Momentum 5 Wireless Headphones,399.95,,4.8,228.0,Sennheiser Consumer Audio Us,30.0,Free delivery by Thu,,https://encrypted-tbn2.gstatic.com/shopping?q=tbn:ANd9GcQghr8A7iWHYEgEDve1eK1zVfzZHA3vAIJMa9r1_crIOy3gnYuAMBf4FaX72IswI9JsHSHUVINs,Sennheiser,Low,71.0,0.0,Excellent,Low,26.081865617060352,1.7465065502183406,26.081865617060352,Low,340.8,0.5686494575383464
headphones,Bose QuietComfort Ultra Headphones,449.0,,4.6,2200.0,Best Buy,31.0,Unknown,,https://encrypted-tbn2.gstatic.com/shopping?q=tbn:ANd9GcSo3X9MLtpkcDhWhiV1ixV-jUuniviH8H-Jrd-M6hg9P10LAs8MI-wKN3zp2A,Bose,Low,70.0,0.0,Excellent,Medium,35.404668575021724,0.20399818264425262,35.404668575021724,Low,322.0,4.888888888888889
headphones,JLab Studio 2 Wired Headphones,19.99,,4.5,185.0,Jlab,32.0,Unknown,,https://encrypted-tbn3.gstatic.com/shopping?q=tbn:ANd9GcQWP3RymFaKbTaWrfh1_QBaD0DdEE3GqwY5D56inxOqwQx2PLY3jKhRJQJI238B7LzEK2HfudY,JLab,Low,69.0,0.0,Excellent,Low,23.51586003170941,0.10747311827956989,23.51586003170941,Low,310.5,8.813720819437828
headphones,"Black Wireless Bluetooth Headphones with Hi-Fi Bass, Foldable Design, and Card Slot",13.35,,4.5,0.0,Walmart - Vrhaik,33.0,Unknown,,https://encrypted-tbn1.gstatic.com/shopping?q=tbn:ANd9GcRn-ASz7ysG5Qp4KYUxyPCrEbu9wk5pq-2p_UuQB8SJSQpPLWTwOf-82o0MUExhzrgC2Ehq7UE,Black,Low,68.0,0.0,Excellent,No Reviews,0.0,13.35,0.0,Low,306.0,0.0
headphones,Sony WH-1000XM6 Wireless Noise Canceling Headphones,398.0,,4.7,5400.0,Sweetwater,34.0,Free delivery by Thu,,https://encrypted-tbn0.gstatic.com/shopping?q=tbn:ANd9GcQiBFDjayHVlzZOotuQ1iGLmePvaZ-AlwyyR3c-xT0yKBt7sF5D,Sony,Low,67.0,0.0,Excellent,High,40.39339518278659,0.07369005739677838,40.39339518278659,Low,314.90000000000003,13.533834586466165
headphones,KOSS KPH7 ON EAR HEADPHONES,5.49,,4.0,500.0,Koss Corporation,35.0,Free delivery,,https://encrypted-tbn1.gstatic.com/shopping?q=tbn:ANd9GcRPf-G_RMcFeFvF0myQWGzfmnKGakGQMq36TQPUyTuelZEpp5IFpU7tCctEFI6bRmtYK8ZUiEHx,KOSS,Low,66.0,0.0,Good,Low,24.866424404339458,0.01095808383233533,24.866424404339458,Low,264.0,77.04160246533128
headphones,JBL On-Ear Headphones Tune 520BT Wireless,39.95,,4.6,10000.0,B&H Photo-Video-Audio,36.0,Free delivery by Tue,,https://encrypted-tbn0.gstatic.com/shopping?q=tbn:ANd9GcTiT4KR4TdKsYJW2JIwdSP6hsFBQN7__5V1FcbdVU-tdm2JWjJ86bPFwqD7uYcgfrTdKSe_N6T7,JBL,Low,65.0,0.0,Excellent,High,42.368025688091976,0.0039946005399460055,42.368025688091976,Low,299.0,244.20024420024419
headphones,Sony WH-CH520 Wireless Headphones with Microphone,39.99,,4.7,3000.0,Best Buy,37.0,Free delivery by Tue,,https://encrypted-tbn1.gstatic.com/shopping?q=tbn:ANd9GcQACYrTmTdZGrLn1LuefmAl8IkoAbm3wkJS_3vIORfJEsgrBewvHkJjBaJB6yfbKs1b_1SNzaQvR2w,Sony,Low,64.0,0.0,Excellent,High,37.631493973569725,0.01332555814728424,37.631493973569725,Low,300.8,73.18858258111734
headphones,Joyus Beats Solo 4 On-Ear Headphones,149.99,,4.0,603.0,Target,38.0,Free delivery by Sat,,https://encrypted-tbn3.gstatic.com/shopping?q=tbn:ANd9GcS6-kYPVDvCrQBn8I_viUi3Z0pps5XjhQ3OsUfFu_XuQ5oY8R1X,Joyus,Low,63.0,0.0,Good,Low,25.61429679173926,0.24832781456953643,25.61429679173926,Low,252.0,3.99364196304391
headphones,Belkin Headphones with Lightning Connector,39.99,,4.0,196.0,Staples.Com,39.0,Unknown,,https://encrypted-tbn3.gstatic.com/shopping?q=tbn:ANd9GcTIo2EJbBVTQtuzRPIjIOg0aQ2W-i8dNiIrxv0q81DHf4xHWds,Belkin,Low,62.0,0.0,Good,Low,21.132814914951954,0.20299492385786802,21.132814914951954,Low,248.0,4.781654061966333
headphones,Sennheiser HD 650 Headphones,379.95,,4.8,864.0,Sennheiser Consumer Audio Us,40.0,Free delivery by Thu,,https://encrypted-tbn1.gstatic.com/shopping?q=tbn:ANd9GcTRkU1wlJc-e1rjg0aG7tR7tNP5PqsoViSJEn6NKHfpBlVUnIYmETATN7ZPvtg_koeMaq9-iZFu,Sennheiser,Low,61.0,0.0,Excellent,Low,32.46110163327302,0.4392485549132948,32.46110163327302,Low,292.8,2.2680141750885943
smartwatch,Apple Watch SE 3 GPS 40mm Aluminum Case,179.99,,4.7,4800.0,T-Mobile,1.0,Free delivery,,https://encrypted-tbn2.gstatic.com/shopping?q=tbn:ANd9GcQkB3YygdJook1ieUWq4oAvLmfVemMRpKpxFoZ-pYGkuDV278zB,Apple,Low,100.0,0.0,Excellent,High,39.839923690095425,0.0374901062278692,39.839923690095425,Low,470.0,26.52080225426819
smartwatch,Samsung Galaxy Watch FE,94.99,,4.1,2700.0,"Walmart - Hyper Microsystems, Inc.",2.0,Unknown,,https://encrypted-tbn1.gstatic.com/shopping?q=tbn:ANd9GcSG5bCW0X6DXHXukQuicx5JL4w_MJ-rKbVq4FVWy-pZrn2WTaI,Samsung,Low,99.0,0.0,Good,Medium,32.39564715054972,0.035168456127360234,32.39564715054972,Low,405.9,28.127929992707575
smartwatch,Amazfit Band 7 Fitness Tracker,49.99,,4.3,1100.0,Target,3.0,Free delivery by Sat,,https://encrypted-tbn0.gstatic.com/shopping?q=tbn:ANd9GcRo3bo-io8yxj40YlxOOrSSVX5ullx9EJhM0Wi0r_V4oj4oUbdc,Amazfit,Low,98.0,0.0,Good,Medium,30.117088787907523,0.04540417801998184,30.117088787907523,Low,421.4,21.57285742302412
smartwatch,Nothing CMF Watch Pro 3,79.0,,4.6,657.0,Nothing Us,4.0,Unknown,,https://encrypted-tbn3.gstatic.com/shopping?q=tbn:ANd9GcSh5ndPxSJESDTHf8iTYjIRaAooi4RrM5Oh9u73XVpC98MucnewhLrKf2ewZifY7ShNIFZr6tg,Nothing,Low,97.0,0.0,Excellent,Low,29.850342684096457,0.12006079027355623,29.850342684096457,Low,446.2,8.2125
smartwatch,Fitbit Versa 4 Fitness Smartwatch,165.0,,4.2,8200.0,Best Buy,5.0,Unknown,,https://encrypted-tbn1.gstatic.com/shopping?q=tbn:ANd9GcQu9hRjkarY6l-mNtVg69JDeJQIF-wYWD-twnIdNZLw1uNgg2t0w3w0nwwjAGc,Fitbit,Low,96.0,0.0,Good,High,37.85044778355293,0.02011949762224119,37.85044778355293,Low,403.20000000000005,49.397590361445786
smartwatch,Samsung Galaxy Watch Ultra2,179.99,,4.9,7300.0,T-Mobile,6.0,Free delivery,,https://encrypted-tbn2.gstatic.com/shopping?q=tbn:ANd9GcTzzuhn8p1HHqlRlHiQ7YubxEv90-bHpqxg8pSfVhWnAKaOl_A0,Samsung,Low,95.0,0.0,Excellent,High,43.589256359874824,0.02465278728941241,43.589256359874824,Low,465.50000000000006,40.333720095032874
smartwatch,Smart Watch Fits for Android and iPhone Smartwatch for Women Men with Alexa Built-in,26.99,,4.4,294.0,Walmart - Cillso Store,7.0,Unknown,,https://encrypted-tbn3.gstatic.com/shopping?q=tbn:ANd9GcTiXIp4vQ2DC3DL1zZ5naYDisKB2eNj3CJjsInNh-lnluErNjlqPwlwFhh7bk_zbhdFBtEgHUw,Smart,Low,94.0,0.0,Good,Low,25.02269156789521,0.0914915254237288,25.02269156789521,Low,413.6,10.503751339764202
smartwatch,Garmin Instinct 3 Solar,299.99,,4.7,2000.0,Garmin - United States,8.0,Free delivery by Thu,,https://encrypted-tbn1.gstatic.com/shopping?q=tbn:ANd9GcS3MvRkEb6C2Sfr8uG5R54FDHVGmOTcQwQmPV3QITK-Xbvh79DV-fyaC82dLDw_H7AG6EazVSIw,Garmin,Low,93.0,0.0,Excellent,Medium,35.72659097254355,0.14992003998001,35.72659097254355,Low,437.1,6.64473902787468
smartwatch,Google Pixel Watch 4,449.99,,4.6,1200.0,Google Store,9.0,Free delivery,,https://encrypted-tbn0.gstatic.com/shopping?q=tbn:ANd9GcTne_csXlHoTIRxPXqbkaIkf8uAl4z9D0NpBGI4bAPwH_6TLXe7whvrkAE2sYR-ma5vsxU3X4DsxVU,Google,Low,92.0,0.0,Excellent,Medium,32.618185181567924,0.3746794338051624,32.618185181567924,Low,423.2,2.660812878334331
smartwatch,Amazfit Bip 6 Smart Watch,79.99,,4.9,11000.0,Target,10.0,Free delivery by Sat,,https://encrypted-tbn3.gstatic.com/shopping?q=tbn:ANd9GcRb6d637TrdcXQLnlXldWdcXTJg0t8-g1jfRiJggr3x-4Iblpjd,Amazfit,Low,91.0,0.0,Excellent,High,45.598133138023236,0.007271157167530224,45.598133138023236,Low,445.90000000000003,135.81923694283245
smartwatch,Samsung Galaxy Watch9,179.99,,4.9,8100.0,T-Mobile,11.0,Free delivery,,https://encrypted-tbn1.gstatic.com/shopping?q=tbn:ANd9GcQZmhfEImRtSfrcTAIU2MKBjWq8WiqUKmhDZ-SUjqsdx-XwLU1i,Samsung,Low,90.0,0.0,Excellent,High,44.098739670169415,0.022218244661152946,44.098739670169415,Low,441.00000000000006,44.75385380407757
smartwatch,Samsung Galaxy Watch7,279.0,,4.4,23000.0,Walmart,12.0,Free delivery,,https://encrypted-tbn0.gstatic.com/shopping?q=tbn:ANd9GcSEBTozQBu6JHSJBniLXaZsMa2CFLBa3__FqIPq2lq1I2jIZOAgcAZpUadx8IiPTRc_hHeE1gjS,Samsung,Low,89.0,0.0,Good,High,44.19048907779882,0.012129907395330639,44.19048907779882,Low,391.6,82.14285714285714
smartwatch,Amazfit Bip 6 Smartwatch,79.99,,4.5,273.0,Best Buy,13.0,Free delivery by Tue,,https://encrypted-tbn2.gstatic.com/shopping?q=tbn:ANd9GcSasjsCvjtA3nzs5cGctouMcmbr3x1YlIAcQWwxP8lPJpR2l7SdVGdHTMVuw50,Amazfit,Low,88.0,0.0,Excellent,Low,25.259076478746316,0.29193430656934305,25.259076478746316,Low,396.0,3.370786516853933
smartwatch,Cmf Watch 3 Pro cmf watch 3 pro light green,79.0,,4.6,657.0,Nothing Us,14.0,Unknown,,https://encrypted-tbn0.gstatic.com/shopping?q=tbn:ANd9GcRGob9PgBp9ih2_U6PinK4I44wQkKYU-wB7Qy447rrWcQVDhmPCQcluCjSD3VGl3qspeZ0MUuk,Cmf,Low,87.0,0.0,Excellent,Low,29.850342684096457,0.12006079027355623,29.850342684096457,Low,400.2,8.2125
smartwatch,Garmin Vivoactive 6,299.99,,4.6,2400.0,Garmin - United States,15.0,Free delivery by Thu,,https://encrypted-tbn1.gstatic.com/shopping?q=tbn:ANd9GcRFADb8K0xIXom8Ik7VSbmiGzMWp-rN1IRGSd-v5jC3aobBg4NaOwPNKcjYdBkpsklOU9GdXhc,Garmin,Low,86.0,0.0,Excellent,Medium,35.80474674261776,0.12494377342773845,35.80474674261776,Low,395.59999999999997,7.973686833449616
smartwatch,Indestructible Smartwatch for Tradesmen - MIL-STD-810G Tested - 10 Day Battery - IP69K Waterproof,139.99,,4.5,0.0,Njord Gear,16.0,Free delivery,,https://encrypted-tbn0.gstatic.com/shopping?q=tbn:ANd9GcTlIJdnPVBLAAvijo_61t5WFVi8kCDzzZ2R8ycm9WWF-a5vPbFI9EqL-_vRgc7EvXvpzHHfjn4,Indestructible,Low,85.0,0.0,Excellent,No Reviews,0.0,139.99,0.0,Low,382.5,0.0
smartwatch,"Smart Watch for Men Women 2.01"" HD Touchsreen Bluetooth Calling IP68 Water-Resistance",35.99,,3.7,43.0,Target,17.0,Free delivery,,https://encrypted-tbn0.gstatic.com/shopping?q=tbn:ANd9GcRmkS-dHN0O7m_jphdTBUf9ybKZKst0ByIl_fDIaSZXHe_AD88H,Smart,Low,84.0,0.0,Average,Low,14.001501645497566,0.8179545454545455,14.001501645497566,Low,310.8,1.1624763449580968
smartwatch,TOZO S5 Bluetooth Sports Smartwatch Tracking,79.99,,4.3,184.0,Tozo,18.0,Free delivery,,https://encrypted-tbn2.gstatic.com/shopping?q=tbn:ANd9GcTF-XtQ18KEzSM6Dbh2mbf32JyKPZ22UaX7SDznq-KCpurHxSEKqxeVJ-kogC0,TOZO,Low,83.0,0.0,Good,Low,22.447530047836793,0.43237837837837834,22.447530047836793,Low,356.9,2.271885417952834
smartwatch,Apple Watch Series 11 GPS Case Sport Band,349.99,,4.8,13000.0,Best Buy,19.0,Free delivery by Thu,,https://encrypted-tbn1.gstatic.com/shopping?q=tbn:ANd9GcQRDf9LYKokMlpUR6m-lNbep99wFKwRKfl-eHhUDCdvyyxZHbx3rK7hi5P8tg,Apple,Low,82.0,0.0,Excellent,High,45.469351471498406,0.026920236904853474,45.469351471498406,Low,393.59999999999997,37.03809225334055
smartwatch,"1.7 inch Smart Watch for Men & Women with Bluetooth Call, Fitness Tracker, iOS & Android Compatible, Ip67 Waterproof, Adult Unisex, Size: Free Size,",6.99,,4.5,0.0,Walmart - Wmkox8Yii,20.0,Unknown,,https://encrypted-tbn1.gstatic.com/shopping?q=tbn:ANd9GcQl9Oc5u_Q7IkyQMTxWRfOx_fZ4lT6-OirauMLST0uKs8o7oiZomf7q4sKC8fNGFBHyVY0QPOI,1.7,Low,81.0,0.0,Excellent,No Reviews,0.0,6.99,0.0,Low,364.5,0.0
smartwatch,Citizen Men's CZ Smart Hybrid Smartwatch,175.0,,4.1,112.0,Gaines Jewelry,21.0,Free delivery,,https://encrypted-tbn3.gstatic.com/shopping?q=tbn:ANd9GcSRXzMPTC1Zr_7ICFYEtT2sawri3vqvx-9VTHWLISKTG3k9rrg,Citizen,Low,80.0,0.0,Good,Low,19.382290056720596,1.5486725663716814,19.382290056720596,Low,328.0,0.6363636363636364
smartwatch,"Smart Watch for Men Women 2.01"" HD Touchsreen Bluetooth Calling",35.99,,3.5,43.0,Target,22.0,Free delivery,,https://encrypted-tbn1.gstatic.com/shopping?q=tbn:ANd9GcRJ6JAscyNjAoW7xGBAP6Z1X-IW5Dqfk7aJAdqtuoyGZ9n_hyNQ,Smart,Low,79.0,0.0,Average,Low,13.244663718713914,0.8179545454545455,13.244663718713914,Low,276.5,1.1624763449580968
smartwatch,Samsung Galaxy Watch8 Classic,549.99,,4.6,9300.0,Samsung,23.0,Free delivery,,https://encrypted-tbn0.gstatic.com/shopping?q=tbn:ANd9GcTKrj3WZ4sK9HPSvU7NRTbsdDcq4elmRUN5u7mc6CiPBcgafSZP0AbwcVU-3kWHejGlZarizExN,Samsung,Low,78.0,0.0,Excellent,High,42.034235121115344,0.05913235136006881,42.034235121115344,Medium,358.79999999999995,16.87870923247246
smartwatch,Samsung Galaxy Watch8,329.95,,4.4,65000.0,Best Buy,24.0,Unknown,,https://encrypted-tbn2.gstatic.com/shopping?q=tbn:ANd9GcSMq6XyQZ2GUzRr1y5i0StwHG6Ubc7bOAmm5v-oO8tUvhYuAL05vHq8wY37Tw,Samsung,Low,77.0,0.0,Good,High,48.761494906849194,0.005076075752680728,48.761494906849194,Low,338.8,196.4042906783502
smartwatch,Garmin Vivoactive 5,189.99,,4.6,10000.0,Garmin.Com,25.0,Free delivery,,https://encrypted-tbn3.gstatic.com/shopping?q=tbn:ANd9GcQWjRrBDI1_RB4UhPxvS_FR4x60-0Ne_0WKEUh9OA_C3zxuLa8,Garmin,Low,76.0,0.0,Excellent,High,42.368025688091976,0.018997100289971005,42.368025688091976,Low,349.59999999999997,52.35876223886067
smartwatch,"Smart Watch for Men Women, 2.01 inch Amoled HD Curved Screen Smart Watch Fits for Android and iPhone",29.99,,4.2,35.0,Walmart - Cillso Store,26.0,Unknown,,https://encrypted-tbn1.gstatic.com/shopping?q=tbn:ANd9GcSo5Ozq9YU3_1lAmdnjvHylyeFOJyS3paOWr0uPxfR3ZubM1pUF,Smart,Low,75.0,0.0,Good,Low,15.050779541515663,0.8330555555555555,15.050779541515663,Low,315.0,1.1293965795417877
smartwatch,Google Pixel Watch 3,399.99,,4.3,1100.0,Target,27.0,Free delivery by Sat,,https://encrypted-tbn2.gstatic.com/shopping?q=tbn:ANd9GcTT3EUR193dUHOngM32BvaVzVHc0CtlUGOKa9yJMKQ_294OkCM,Google,Low,74.0,0.0,Good,Medium,30.117088787907523,0.36329700272479565,30.117088787907523,Low,318.2,2.743210553879149
smartwatch,Garmin Lily 2 Classic Smartwatch,299.99,,4.4,649.0,Bass Pro Shops,28.0,Free delivery,,https://encrypted-tbn0.gstatic.com/shopping?q=tbn:ANd9GcRIiMZYC9ezBiTJ2qVMQRUaBQwuuLFPulMu5_kQCzH0wJ1cp5Vm04yoUMyjUbfpRCdiV5mN0QM,Garmin,Low,73.0,0.0,Good,Low,28.498678396714606,0.4615230769230769,28.498678396714606,Low,321.20000000000005,2.1562178145453337
smartwatch,Cubitt Terra Rugged Smartwatch with Dual-Band GPS,104.96,,4.0,13.0,Cubitt,29.0,Unknown,,https://encrypted-tbn1.gstatic.com/shopping?q=tbn:ANd9GcQSw5qdEsh8Bi2OwMhYM9_v4MkXX-c_EygIfPj33HcL_vOymM8vflB3HCLjJzta2XVoGc5l8Xw,Cubitt,Low,72.0,0.0,Good,Low,10.556229318461034,7.497142857142856,10.556229318461034,Low,288.0,0.1226878067195168
smartwatch,Amazfit Active 3 Premium,149.99,,4.5,58.0,Best Buy,30.0,Free delivery by Thu,,https://encrypted-tbn1.gstatic.com/shopping?q=tbn:ANd9GcRxu0SbaSWdq_s7WBNuvSCMEE2bSsHYDjPsOo1wf7K9zrlA1byzPMx86crx8fw,Amazfit,Low,71.0,0.0,Excellent,Low,18.34891849757574,2.5422033898305085,18.34891849757574,Low,319.5,0.38413139943042585
smartwatch,Smart Watch Fits for Android and iPhone 2.01 inch Amoled HD Curved Screen,29.99,,4.4,157.0,Walmart - Cillso Store,31.0,Unknown,,https://encrypted-tbn2.gstatic.com/shopping?q=tbn:ANd9GcQ18wPgn_kaX1DO_aM_2ExD2dOEph1T3mOfTqAFHrRJIgavx3gE61P-9rIOkQzdPVjKQA6nauko,Smart,Low,70.0,0.0,Good,Low,22.275418145318657,0.18981012658227847,22.275418145318657,Low,308.0,5.066150371087448
smartwatch,Amazfit Active 2,99.99,,4.8,2500.0,Target,32.0,Free delivery by Sat,,https://encrypted-tbn3.gstatic.com/shopping?q=tbn:ANd9GcSz5IqMpAoH2De4VKymiuYgpb28R6AFgwj8Ko8b6QLRI6ZvQ2vM,Amazfit,Low,69.0,0.0,Excellent,Medium,37.55734046821257,0.03998000799680128,37.55734046821257,Low,331.2,24.754926230319835
smartwatch,Garmin Lily 2,249.99,,4.4,1200.0,Garmin - United States,33.0,Free delivery by Thu,,https://encrypted-tbn2.gstatic.com/shopping?q=tbn:ANd9GcRv2JXwFibfWYECAqhr4B7F1HpUsFJC_FnJZlczqOXndvh020vdVG_25vZOl8yTbNiNiHfj0TYa,Garmin,Low,68.0,0.0,Good,Medium,31.20000321715193,0.20815154038301417,31.20000321715193,Low,299.20000000000005,4.781066974779872
smartwatch,TOZO S4,49.99,,4.7,132.0,Tozo,34.0,Free delivery,,https://encrypted-tbn3.gstatic.com/shopping?q=tbn:ANd9GcTKBlkmu-Cew0u50ZMOBDpCfJHLNe5FBYyX-siUeEE4oNJyqJt7PKy9uh2B37M,TOZO,Low,67.0,0.0,Excellent,Low,22.984640902642244,0.37586466165413535,22.984640902642244,Low,314.90000000000003,2.5887428907628944
smartwatch,Garmin Lily 2 Active Smartwatch,299.99,,4.8,1800.0,Home Depot,35.0,Free delivery,,https://encrypted-tbn0.gstatic.com/shopping?q=tbn:ANd9GcQFE0m5qucs-ZzixrgJknmZENwMIosmgdYBqrQl4K_aL40sHhhMQH0ueCMU8SwgY0zJ8efI-s4L,Garmin,Low,66.0,0.0,Excellent,Medium,35.98126725684459,0.16656857301499167,35.98126725684459,Low,316.8,5.980265125087212
smartwatch,Smartwatch,34.95,,4.5,0.0,Medical Alert,36.0,Free delivery,,https://encrypted-tbn2.gstatic.com/shopping?q=tbn:ANd9GcRxCt2XN0YKKtvrxNzXLERwKKTR1GHyf-srHD_c1d5C_bdfadk,Smartwatch,Low,65.0,0.0,Excellent,No Reviews,0.0,34.95,0.0,Low,292.5,0.0
smartwatch,Amazfit Active 2 Smart Watch,130.0,,4.5,47.0,Walmart - Amarazon,37.0,Free delivery by Wed,,https://encrypted-tbn3.gstatic.com/shopping?q=tbn:ANd9GcRBMgR8Ir_6YDMYmlVBTv8tQyvJd5i80Jglow2kgtVCLTCfKLeQoPWWBXLkY7o,Amazfit,Low,64.0,0.0,Excellent,Low,17.42040454908551,2.7083333333333335,17.42040454908551,Low,288.0,0.35877862595419846
smartwatch,Fitbit Charge 6 Fitness Tracker,139.0,,4.2,8100.0,Best Buy,38.0,Unknown,,https://encrypted-tbn0.gstatic.com/shopping?q=tbn:ANd9GcQxFcKm2iulfc1TCcpMUuNdGnYMpuuKtK-RtbXEUJRXfhqiEkp3jO7g3zIZpA,Fitbit,Low,63.0,0.0,Good,High,37.798919717288065,0.017158375509196397,37.798919717288065,Low,264.6,57.857142857142854
smartwatch,iTouch Air 5 PRO Smartwatch,59.99,,4.6,52.0,Target,39.0,Free delivery by Sat,,https://encrypted-tbn3.gstatic.com/shopping?q=tbn:ANd9GcTe8DZaTDFkzqVvDQ4iPsmt_E8PIjc_IJuss8IznLETXLdkxVvq,iTouch,Low,62.0,0.0,Excellent,Low,18.26334280233976,1.1318867924528302,18.26334280233976,Low,285.2,0.852598786686342
smartwatch,COROS Pace Pro GPS Watch,299.0,,4.8,554.0,A Snail'S Pace Running Shop,40.0,Free delivery by Fri,,https://encrypted-tbn1.gstatic.com/shopping?q=tbn:ANd9GcSLYO8WhTNny_Y3tugqMcZehkZM7LhOWEBGWo9HF78HYfsKE1z-,COROS,Low,61.0,0.0,Excellent,Low,30.331046945982884,0.5387387387387388,30.331046945982884,Low,292.8,1.8466666666666667
tablet,Amazon Fire HD 8 Tablet,79.99,,4.7,697.0,Target,1.0,Free delivery by Sat,,https://encrypted-tbn2.gstatic.com/shopping?q=tbn:ANd9GcRpRVKUyDzg3HVR84wbAtsPctEahd_izVgVjgBgUedQFtfxcVrvEc42puVwhmSbiYas4K8oKkivH8-soUO-awHI1ZSzrMqH,Amazon,Low,100.0,0.0,Excellent,Low,30.77662978298315,0.11459885386819484,30.77662978298315,Low,470.0,8.606000740832203
tablet,"Lenovo Idea Tab 11"" 2.5K Tablet TB336FU",149.99,,4.5,344.0,Best Buy,2.0,Free delivery by Tue,,https://encrypted-tbn1.gstatic.com/shopping?q=tbn:ANd9GcTcurFxEevEYVXPl_3aRyI5d_2KD5KNhlNpoAZJdGvDN7_elTFsGKrFWIPueYJtdE33XspBgdTC5S8eV1YcjtsPjiPbrEN5S5uRWORCYTLr,Lenovo,Low,99.0,0.0,Excellent,Low,26.29594987664112,0.4347536231884058,26.29594987664112,Low,445.5,2.2782965759321807
tablet,Onn 8.1 inch Core Tablet,138.0,,4.4,124.0,Walmart,3.0,Free delivery,,https://encrypted-tbn2.gstatic.com/shopping?q=tbn:ANd9GcQW-Bu3cjt3MK6oCNy0O4G00iQ10_6-nF1VfCahPWSvWraNi-n45cPw6iotquGW3I3pSPAiLrN3QI8KimBaOEPnu4VnId4NAZMCAOUPPRs,Onn,Low,98.0,0.0,Good,Low,21.24458044413013,1.104,21.24458044413013,Low,431.20000000000005,0.8920863309352518
tablet,Amazon Fire HD 10 Tablet,99.99,,4.6,1900.0,Target,4.0,Free delivery by Sat,,https://encrypted-tbn2.gstatic.com/shopping?q=tbn:ANd9GcQBHUBC72Edx7pE1Z9Xpw4fHjcYwQaDQIz2cSZ_Up_PUWPPXrAWwpOzOxgXHdFV8A3Zu3i7Tttx33GbzNx9jGlxP0VAaZoA,Amazon,Low,97.0,0.0,Excellent,Medium,34.730622575446766,0.05259863229879011,34.730622575446766,Low,446.2,18.813743935043075
tablet,Samsung Galaxy Tab A11+ Tablet,249.99,,4.6,12000.0,Best Buy,5.0,Free delivery by Tue,,https://encrypted-tbn2.gstatic.com/shopping?q=tbn:ANd9GcS7sG4h7eQywOvAbhcS_YUjjzdSbXoINhJsnl2hdkPMNyN_T-fV3Dpvlym74lg4hAdADO2Y1967D5fxFGHT26YGCkmaM_T89hJlj33lRKDFHd-IX5h0CAqO,Samsung,Low,96.0,0.0,Excellent,High,43.206628189704624,0.02083076410299142,43.206628189704624,Low,441.59999999999997,47.81066974779871
tablet,"NOOK 9"" Lenovo Tablet",99.99,,4.5,0.0,Barnes & Noble,6.0,Free next-day delivery,,https://encrypted-tbn2.gstatic.com/shopping?q=tbn:ANd9GcRzBkGqaxCP-fkTRkyDzZKiRU7hAPPV060lKtqLv0hGz9XqdaixuZfTFKJVnYQlNejzQ5lsVFM_my2-lEUCziPkRBByU5grA2oC2_4cy_Pc_H3NgaFc7ZDZMg,NOOK,Low,95.0,0.0,Excellent,No Reviews,0.0,99.99,0.0,Low,427.5,0.0
tablet,Apple iPad,164.89,,4.6,16000.0,Walmart - Wireless Source,7.0,Free delivery,,https://encrypted-tbn1.gstatic.com/shopping?q=tbn:ANd9GcTa88y6m9N7MhDT6COz6RTdJtKJNiah1k3JPE5_MKG3mluCgIy4CCRbtVLofPCtDFD47xTS-h3tIzXhHwKc9AwDJzCQ54Ri4A,Apple,Low,94.0,0.0,Excellent,High,44.52986989663682,0.010304980938691331,44.52986989663682,Low,432.4,96.44945445777323
tablet,"2026 Android 13 Tablet, 10.1” HD IPS, 6GB+64GB(128GB Expand), 6000mAh, Octa-Core, 5G/2.4G WiFi, Dual Camera, GPS, Drop-proof Case for Adults & Kids",169.99,,1.0,1.0,Target,8.0,Free delivery,,https://encrypted-tbn3.gstatic.com/shopping?q=tbn:ANd9GcQhRZsPffaBViHBRGkEc2iZBME78L8nDTUaEOUQEZMCQpbYtX0QrGxwXPp7qg-S5XX3qyFa9bOaWnc8OgXsvrucF90Bpt7TVw,2026,Low,93.0,0.0,Poor,Low,0.6931471805599453,84.995,0.6931471805599453,Low,93.0,0.005848295221942803
tablet,"Lenovo Tab One 8.7"" HD Tablet tb305fu",129.99,,4.6,497.0,Best Buy,9.0,Unknown,,https://encrypted-tbn1.gstatic.com/shopping?q=tbn:ANd9GcTlyKpOajd1CCbG7h8QiodvfFyTs9FLXhmaKLD31BA99uFcCzo68RuMoXjwD0XtNJSp6EqEnpYhcODO89l1K_li0NfIeO_aIBopHrRFMy8k,Lenovo,Low,92.0,0.0,Excellent,Low,28.5687603543134,0.2610240963855422,28.5687603543134,Low,423.2,3.7941827620429036
tablet,Samsung Galaxy Tab A11+,279.99,,4.6,12000.0,Boost Mobile,10.0,Unknown,,https://encrypted-tbn3.gstatic.com/shopping?q=tbn:ANd9GcSrmCgSXl5tQct6nNe5xE0MWcyuBT2yZJL-DoYicQzcucfTTX-aa2zdOAeAWl2keq8Gei6EXxyzPGkLfaLHpQ25UhJs60xWxw,Samsung,Low,91.0,0.0,Excellent,High,43.206628189704624,0.02333055578701775,43.206628189704624,Low,418.59999999999997,42.70614612619666
tablet,TCL TAB 8 NXTPAPER 5G 64GB Shadow Grey,179.99,,3.2,4.0,At&T,11.0,Free delivery,,https://encrypted-tbn2.gstatic.com/shopping?q=tbn:ANd9GcQM7L38kbZINYfTVfqXhbqDkcd844L-w43019fGfyE0tZ5zSvJzdAPsCwIXuPGHYF3Wq5ZrqMB5ZI-b2f6JHBL1lq5j7jKAxQ,TCL,Low,90.0,0.0,Average,Low,5.150201319789121,35.998000000000005,5.150201319789121,Low,288.0,0.022100668545223492
tablet,Samsung Galaxy Tab S10 Lite,399.99,,4.7,4000.0,Samsung,12.0,Free delivery,,https://encrypted-tbn2.gstatic.com/shopping?q=tbn:ANd9GcT-C1deW3Kg4FCSCDRtM4h5afViPcNPxgNsXAj_AHjXrhQGGmEsGwyclRaR0OohWEKWGNKWsbxkZZqXTSYlnKiYTDW0IIAcWBly4mjgNSI01WZfmYXHpPH-5Q,Samsung,Low,89.0,0.0,Excellent,High,38.98320816162901,0.09997250687328169,38.98320816162901,Low,418.3,9.975311105015088
tablet,Onn 7 inch Core Tablet,97.0,,3.8,57.0,Walmart,13.0,Free delivery,,https://encrypted-tbn2.gstatic.com/shopping?q=tbn:ANd9GcTa2OtrLeDEn60QNLQ83VswjLCJZRl1r7b7MdgxScZHrBQnVCnPQnaHPh8SgN2eiVabVE5y5nWgTFuZ6FufyJth4J7OfQ0sS34Gv1CKCxHeKfE1ytFRC0hg-Dg,Onn,Low,88.0,0.0,Average,Low,15.429683440076392,1.6724137931034482,15.429683440076392,Low,334.4,0.5816326530612245
tablet,Apple iPad mini,179.99,,4.8,5300.0,Verizon,14.0,Free delivery,,https://encrypted-tbn1.gstatic.com/shopping?q=tbn:ANd9GcRqaIzHC2RybIV8n2cC-A1R6wIJLsd7bikrDtAHOPhldewRCm4zEhmx0TZVRIW-JHRCg7AJWgcNxVlbIgfoCqnB6Vcv8_BF,Apple,Low,87.0,0.0,Excellent,High,41.16312365274147,0.033953970948877574,41.16312365274147,Low,417.59999999999997,29.283385822421128
tablet,"Lenovo Idea Tab Plus 12.1"" 2.5K Tablet",209.99,,4.7,272.0,Best Buy,15.0,Free delivery by Tue,,https://encrypted-tbn3.gstatic.com/shopping?q=tbn:ANd9GcSj1ffOaoNI1g8qSZpXIueKMvj_-OFdlVLXj0Klwp_n23apvPW-TIL5-B8GYWSySuX9kTecSdlA8Q-wN54yhBVAt_P8ERAHwai2YGcFUzM,Lenovo,Low,86.0,0.0,Excellent,Low,26.36451743736931,0.7691941391941393,26.36451743736931,Low,404.2,1.289160623726243
tablet,Barnes & Noble NOOK Reading Tablet 8.7,99.99,,4.5,0.0,Barnes & Noble,16.0,Free next-day delivery,,https://encrypted-tbn3.gstatic.com/shopping?q=tbn:ANd9GcT_NNQ4juvfN2CQnhGT1RQOneIQ08Wo16FyWS_ZWXDHLXQ42vDjXeI4ndCx0KvETU2uRz-kz5uDiqqbfuHGlUWXXEkO8UmW-AbU4f7_tPjuUOxKnSu3e6UR,Barnes,Low,85.0,0.0,Excellent,No Reviews,0.0,99.99,0.0,Low,382.5,0.0
tablet,Lenovo Tab 10.1 1920 x 1200 60Hz MediaTek Helio G85 4G 128g WiFi 5 Android 14 Zaeh0148us,189.0,,3.8,102.0,Walmart,17.0,Free delivery,,https://encrypted-tbn3.gstatic.com/shopping?q=tbn:ANd9GcSzjevqKb0e37-TsTGSZ-rgnlrz5smRj__TKMDofzXXOqz85IMJ5w7JUVPB9cSlgi95Gp32-FyhUwtB6tJli3TUTfc2DKxjTeBFj0AoAMco0GGhYQr0BZUjxg,Lenovo,Low,84.0,0.0,Average,Low,17.611970155272616,1.8349514563106797,17.611970155272616,Low,319.2,0.5368421052631579
tablet,"Microsoft Surface Pro 13"" Snapdragon X2 Plus",1199.99,,4.7,32.0,Microsoft Store,18.0,Free delivery by Thu,,https://encrypted-tbn2.gstatic.com/shopping?q=tbn:ANd9GcSnYkpQntvxIHg1QtpL7TSkFwsEXtpqDiPZDLi8G6ADKH1KacY2576yfcFfMFv4cNvlmqnywK-nrolz1tPP5TdT83mwWFue1A,Microsoft,Low,83.0,0.0,Excellent,Low,16.43358553889246,36.36333333333334,16.43358553889246,Medium,390.1,0.02664468480170526
tablet,"LINSAY 10.1"" Octa Core 128GB Storage Android 15 BUNDLE with Designer Cloth Keyboard Case",129.99,,3.0,10.0,Best Buy,19.0,Unknown,,https://encrypted-tbn3.gstatic.com/shopping?q=tbn:ANd9GcRYrAOpBpoj9q8at0EdymSD2pUq7OXh-ovnH3kNhyqs_fCcswNpMNkcKV8-IAxMs4ZaQXBLbdSjjyu45XH5UL5ZEfm3rYLYSGxH3QiQ04LI8BUFJlaPWFGO,LINSAY,Low,82.0,0.0,Average,Low,7.193685818395112,11.817272727272728,7.193685818395112,Low,246.0,0.07634170547370028
tablet,"Samsung Galaxy Tab S11 11"" Tablet",699.99,,4.7,1700.0,Samsung,20.0,Free delivery,,https://encrypted-tbn2.gstatic.com/shopping?q=tbn:ANd9GcSHb5BUQxPk2ho1rVHFq4dmA3wbDKa96xVdx3wE8V23yFCXn7_EvN3JxEXCaQC8lujbNmt_6-3yDsif4fxDnIpYIk_6Mc43St3jnKsZ_zyPpkDjFAeescix,Samsung,Low,81.0,0.0,Excellent,Medium,34.963166484260555,0.4115167548500882,34.963166484260555,Medium,380.7,2.4251415854719753
tablet,Lenovo Idea Tab Plus Zag7 Tablet,249.99,,4.6,78.0,Lenovo,21.0,Free delivery,,https://encrypted-tbn2.gstatic.com/shopping?q=tbn:ANd9GcTGgAXrVwtN9uS3jJd763s4kTyKhfKbXf_Sstmj737Kg47TX-d03Puszj_EE9FTbYy4C-eKWMJeBdRbpwhHYH4NHaB1ELoBhVCxJ79flycvuEk-RtKODiOPlw,Lenovo,Low,80.0,0.0,Excellent,Low,20.099460121348297,3.1644303797468356,20.099460121348297,Low,368.0,0.31076935336069167
tablet,"Lenovo Idea Tab 11"" IPS 500 nits zafr0928us",149.99,,4.4,162.0,Newegg.Com - Lenovo,22.0,Free delivery,,https://encrypted-tbn1.gstatic.com/shopping?q=tbn:ANd9GcRQ5X-hiD98uElOX3puppSD-CdGxp4mE5fSSuLMwN2F6qVwQtSSLE4ip9GYdcYqZ0EtOgzqzhniZZG_fZJISuV50iuKXHsnSzV9Yha-mI4tx13pcKiSmI1Ih_Q,Lenovo,Low,79.0,0.0,Good,Low,22.412500883549757,0.9201840490797547,22.412500883549757,Low,347.6,1.0729187363401549
tablet,Amazon Fire 7 Kids Tablet,59.99,,4.4,1100.0,Target,23.0,Free delivery by Sat,,https://encrypted-tbn0.gstatic.com/shopping?q=tbn:ANd9GcTQ0cjQor6Jnz2aLJ5XFZ-bXnMdMQJVfihP66AAx1wjCkHQdhCmLuxPI-sAsyaiJAUvtnJQKtfzfmLQQrsijhh3GNpHzyL6Pg,Amazon,Low,78.0,0.0,Good,Medium,30.817486201579793,0.054486830154405086,30.817486201579793,Low,343.20000000000005,18.03574356451877
tablet,"Samsung Galaxy Tab A11+ Kids Edition 11"" 128GB",299.99,,4.3,7.0,Best Buy,24.0,Free delivery by Tue,,https://encrypted-tbn0.gstatic.com/shopping?q=tbn:ANd9GcSwYYlsSfen9iyfzJjLGVsnGavwQMDE9n5cJmRB3EbxFNbQyuJOAysiPW3OcLpUri_07RqYhj9DA1ShCHjY0G3N4d0ebdkFS0dr3Q__oDMm,Samsung,Low,77.0,0.0,Good,Low,8.941598629223293,37.49875,8.941598629223293,Low,331.09999999999997,0.02325658659756138
tablet,Apple iPad Wi-Fi 32Gb - Space Gray,90.49,,4.3,879.0,Walmart - Powered By Tek,25.0,Unknown,,https://encrypted-tbn0.gstatic.com/shopping?q=tbn:ANd9GcQkB3R4WHAqvA9ngwiXx_1_JjIWNGlOpCNX-PGNRn5hFV51ArqtUG7eTPJF4GPkwdnoV7hwLKeISCYkpfeLHbxdLv21FOk7,Apple,Low,76.0,0.0,Good,Low,29.15366420213068,0.10282954545454545,29.15366420213068,Low,326.8,9.60760738878566
tablet,Apple iPad Air M4 11-inch Wi-Fi,849.0,,4.8,2200.0,Apple,26.0,Free next-day delivery,,https://encrypted-tbn0.gstatic.com/shopping?q=tbn:ANd9GcSKzp8-IbbrAYN4JLBkvDTO2Yft3Cve08rVWqGBJPuskwbMHX8OFosSR7XinYTEfb7mE1cYSXDxtcp1jPSA-dWe9zPvC036hFhdBKdq7drDNL1EEgt5FJMD,Apple,Low,75.0,0.0,Excellent,Medium,36.94400199132701,0.38573375738300775,36.94400199132701,Medium,360.0,2.588235294117647
tablet,Lenovo Idea Tab Pro Gen 2 zahd0826us,369.99,,4.5,51.0,Lenovo,27.0,Free delivery,,https://encrypted-tbn2.gstatic.com/shopping?q=tbn:ANd9GcSMIJeqUrH8A94Xf14B02ZCNon1-zOMOMBEHP-D5sqH9JKwn7oIdfcpgCkT3ptwywrjytdUua0LxzQXuMRG2q73xkx3uc7v,Lenovo,Low,74.0,0.0,Excellent,Low,17.780596733616424,7.115192307692308,17.780596733616424,Low,333.0,0.1374700126688051
tablet,"Lenovo Idea Tab 11"" 2.5K Tablet zafr0929us",299.99,,4.8,439.0,Best Buy,28.0,Free delivery by Tue,,https://encrypted-tbn0.gstatic.com/shopping?q=tbn:ANd9GcSgrAINdQN-I3OP3ccMut0CfLJrCRfKvoCqPVwtY-zJZVdVFDNh_-AAOV-B16tdQxsK2VcA4X41K5f-YyuaWmdRmQFuudgY2peUq_4WNFF34XfSwJ1Sw3E-,Lenovo,Low,73.0,0.0,Excellent,Low,29.21651868917907,0.6817954545454545,29.21651868917907,Low,350.4,1.4585202166184923
tablet,Samsung Galaxy Tab S11 Ultra,1299.99,,4.8,2200.0,Samsung,29.0,Free delivery,,https://encrypted-tbn2.gstatic.com/shopping?q=tbn:ANd9GcQ35RVqOoowMnh4MiU7-EFaIObLSNlOB1R2DklxCHlipOmF6ZR2I46xtN5R3sSr82aVnKcu2yjFyW_EFuNLgtBrPgXndACRqryFCJLniOXbfbf35vC4PUQHnw,Samsung,Low,72.0,0.0,Excellent,Medium,36.94400199132701,0.5906360745115856,36.94400199132701,Medium,345.59999999999997,1.6910199156027332
tablet,"Fitifun Android 14 Tablet 10 inch,4 (2+2) GB RAM 32gb ROM,Quad-Core,Touchscreen,Dual Cameras,Gray",56.99,,2.8,376.0,Walmart - Tengzx,30.0,Free delivery by Wed,,https://encrypted-tbn1.gstatic.com/shopping?q=tbn:ANd9GcQLJdRHBOHqg9G-qOZWgtsWRTrCkGCpyFiQw3VADasas37HLElnIdqD-QFdPi5tmrrWYIPMJH-8ygsK533dPyl5O_lJmH_BpYpMA3QdFDJ3c7jv0Hp0p8rW,Fitifun,Low,71.0,0.0,Poor,Low,16.61028652485443,0.15116710875331565,16.61028652485443,Low,198.79999999999998,6.483876530436282
tablet,Amazon Fire HD 10 Kids Tablet,134.99,,4.7,937.0,Target,31.0,Free delivery by Sat,,https://encrypted-tbn2.gstatic.com/shopping?q=tbn:ANd9GcTTdiNJdyZcyi3Hk8L9g9jfnfAOKhJMpPSELXFVrAiQokL2HVBWRPiT0f4lvNSzPMekFU30_CxzrnzzDZgd-QBTGLqb7OCX,Amazon,Low,70.0,0.0,Excellent,Low,32.16562476032926,0.1439125799573561,32.16562476032926,Low,329.0,6.890212515626149
tablet,"Lenovo Idea Tab Pro 12.7"" 3K Tablet 8GB RAM TB373FU",459.99,,4.7,198.0,Best Buy,32.0,Free delivery by Tue,,https://encrypted-tbn1.gstatic.com/shopping?q=tbn:ANd9GcQE7sE7xdEowaLDM6qDFTpYZvNNY-hakLR7iJKivBBY6IYCfXSVPheJd7pEIumRWdw9yPsP2YbA5mbsKJVreSY-dZE5aKrdspbTOPiw2xP2,Lenovo,Low,69.0,0.0,Excellent,Low,24.878532676205115,2.3115075376884424,24.878532676205115,Low,324.3,0.4295104015271481
tablet,"LINSAY 10.1""Octa Core 256GB Storage Android 15 Tablet Kids Defender Case",129.99,,3.7,43.0,Staples.Com,33.0,Unknown,,https://encrypted-tbn3.gstatic.com/shopping?q=tbn:ANd9GcS8Zqs2OIEBF0BklikBdwmtFK2cHwosLkc-9lexcnoydar8FLefWz1mI40Fvr5gULdp0QyJ4VsiJi9q9rYi9uDQFE4sXNrSoA,LINSAY,Low,68.0,0.0,Average,Low,14.001501645497566,2.954318181818182,14.001501645497566,Low,251.60000000000002,0.3282693335369112
tablet,TABWEE T50 11 Inch Android 16 Tablet 24GB+128GB 8000mAh Gemini AI WiFi 5 8MP+13MP Without charger,99.19,,3.7,51.0,Walmart - Tabwee Store,34.0,Free delivery by Wed,,https://encrypted-tbn2.gstatic.com/shopping?q=tbn:ANd9GcQ1Fw2NfnPQ5pHyKmq05evbe76ALY6YQ_iR3ccDe4N11oC8pl_Ezdl6eTtA30xhNFWmCYDkHj_59kXmP3QBHDiwuI3PYrXT-PN08qd3fikUHlH2qeTvHv08,TABWEE,Low,67.0,0.0,Average,Low,14.619601758751283,1.9075,14.619601758751283,Low,247.9,0.5090328376085438
tablet,"Lenovo Idea Tab Pro 12.7"" 400 nits zae40136us",299.99,,4.7,212.0,Lenovo,35.0,Free delivery,,https://encrypted-tbn0.gstatic.com/shopping?q=tbn:ANd9GcT4UPYpHj12zUIkKKT8Dko5p-nfsRqitRfBDQ0fQKYTVLzxiX0_OmvSwuWxdUZaTj4iXRsV3wZR8J3WCBb0Q3QnQCD69D40n_nu0cUKniT1hjvboOYFajJNnA,Lenovo,Low,66.0,0.0,Excellent,Low,25.1980731788343,1.4084037558685447,25.1980731788343,Low,310.2,0.704342336954716
tablet,Samsung Galaxy Tab S10 Ultra,1197.41,,4.8,3400.0,Provantage,36.0,Free delivery,,https://encrypted-tbn2.gstatic.com/shopping?q=tbn:ANd9GcQGdli-QV52CiUoEKspd8UeoGACwvTLgBexyqjlVrlWjgeFNirZtoyLfCsIKOPjB1Ug9gSABOrHCSLJQUBQwqGF0Ca_oCHG,Samsung,Low,65.0,0.0,Excellent,High,39.032758968034535,0.35207586004116437,39.032758968034535,Medium,312.0,2.8370924808704867
tablet,"MEIZE - Tablet 10.1 Inch, Android 16 Tablet with 12GB RAM 64GB ROM, Octa-Core Processor, 2.4G/5G WiFi Tablets, IPS Touchscreen - Gray",85.99,,4.5,2.0,Best Buy,37.0,Unknown,,https://encrypted-tbn0.gstatic.com/shopping?q=tbn:ANd9GcQKGu5_3U_c2S8dpjfd9I_FjQdQ48YuQJtQ5JgCXhq8xvTVS74EYpyKdUW3hRETTJA-WmSxgejjxvuA57UR4J4-S2eu1Q4KdgeysgTIJZaR,MEIZE,Low,64.0,0.0,Excellent,Low,4.943755299006494,28.66333333333333,4.943755299006494,Low,288.0,0.022991148407862975
tablet,Apple 11-inch iPad Pro M5 Wi-Fi standard glass,1199.0,,4.8,1000.0,Apple,38.0,Free next-day delivery,,https://encrypted-tbn2.gstatic.com/shopping?q=tbn:ANd9GcQl6-c9zSPgpWQZtu8q6Nzw35Eo0uxZRK3QQHGPV5K-hTxsEUlwXOzgBpSFjFgfeSzQ90ai9ivS_SF0GQTKO8Sp5mXWT6tfHyBK4Fy5mDCdftha2laIzaED,Apple,Low,63.0,0.0,Excellent,Medium,33.16202294071306,1.1978021978021978,33.16202294071306,Medium,302.4,0.8333333333333334
tablet,"Samsung Galaxy Tab A7 Lite 8.7"" T225 LTE Android Tablet",135.0,,4.9,145.0,Walmart - Tech Deals,39.0,Free delivery,,https://encrypted-tbn3.gstatic.com/shopping?q=tbn:ANd9GcS1qFrDPfOcTzaQvSG25OAe8iemM2Fs2I5gs-F-AMoMHPCxMPS2JUducKUYVyq7nL70g2PzwC3jUPbbN9_mFRvm1dfZY9MwJg,Samsung,Low,62.0,0.0,Excellent,Low,24.41967244637085,0.9246575342465754,24.41967244637085,Low,303.8,1.0661764705882353
tablet,Huion Slate 11 8gb/128gb 10.9 Tablet,309.0,,3.6,13.0,Huion Official Store,40.0,Free delivery,,https://encrypted-tbn2.gstatic.com/shopping?q=tbn:ANd9GcR1Oviyh9NWELa8I12KFCNJyR90axNIy5v7-nmu9NnY0hEKH6RnQ8r9WAdU1xFyun-dYV_yvSVxHq37kExRfNbTIwB8XueJNqdu1KPVMtT3WUwmQMNjsW7gNA,Huion,Low,61.0,0.0,Average,Low,9.50060638661493,22.071428571428573,9.50060638661493,Low,219.6,0.041935483870967745
gaming laptop,"Acer 16"" Predator Helios Neo 16 AI LED IPS Gaming Laptop",1999.99,,4.2,9.0,B&H Photo-Video-Audio,2.0,Free delivery by Wed,,https://encrypted-tbn1.gstatic.com/shopping?q=tbn:ANd9GcRlUKxkwhcFez2sMuGYfcQEg230UgP8sMNcbCgrf0WlfHcFRT3CsqmRUTrBjE636nJELwo_1oiX-KaqW2_cf5JKLNr_EixKZ9L625sosTAzaF5IDKukZn6FVg,Acer,Low,99.0,0.0,Good,Low,9.670857390574993,199.999,9.670857390574993,High,415.8,0.004497773602066977
gaming laptop,"Lenovo Legion 5 15IRX10 OLED 15.1"" Gaming Laptop Computer",2199.99,,4.5,0.0,Micro Center,4.0,Unknown,,https://encrypted-tbn0.gstatic.com/shopping?q=tbn:ANd9GcTgSoJp-KoUEPeE1mgfc-npWqYJIhRUXbaIfPMzHyFRa-jd7l5eO3CTA7cgubuB1HfoZP-mLN0UQjXPCoB_jTJKzXPEq4qPuk2jKywgzd32LWPPotLsW1mNNg,Lenovo,Low,97.0,0.0,Excellent,No Reviews,0.0,2199.99,0.0,High,436.5,0.0
gaming laptop,Alienware 15.3 inch Wuxga 165Hz Gaming Laptop AMD Ryzen 5 220,899.0,,4.6,138.0,Walmart,5.0,Free delivery,,https://encrypted-tbn3.gstatic.com/shopping?q=tbn:ANd9GcRF3OW8a4XF3tp194CMMB48DjVomZZpSkee3SMmn_SHikCITkx9qsOPmksU41wEjp9QXT_ELw9L4MYS3CHQKfwjj3ca1jR1x5_LeXE6pC1ZhcOkznREfayL,Alienware,Low,96.0,0.0,Excellent,Low,22.69858009240118,6.467625899280575,22.69858009240118,Medium,441.59999999999997,0.15333333333333332
gaming laptop,MSI Vector 16 HX AI Gaming Laptop,2019.99,,4.4,70.0,Brandsmart Usa,6.0,Unknown,,https://encrypted-tbn3.gstatic.com/shopping?q=tbn:ANd9GcTZ1EsL2XvkmRDE5QGZAUVl75DCEgMHTeNqv5pPb8RZj5xNPxwDAtLE294_j0mqEbtm2RG-9_yZrlpEw_wQlb4zB55DBhbP,MSI,Low,95.0,0.0,Good,Low,18.75579145898179,28.45056338028169,18.75579145898179,High,418.00000000000006,0.03463649003706105
gaming laptop,Alienware 16 Aurora Gaming Laptop w/ Windows 11 OS & Intel Core 7,1849.99,,4.3,891.0,Dell,7.0,Free delivery,,https://encrypted-tbn0.gstatic.com/shopping?q=tbn:ANd9GcQTfhf_ak1Jbh6pEqH8XI3YXKU5wRgFfeB8nggnv6Ye2-fw0LNTyKU6RHzVbWQgmSrSY1VGxEioNWzW9MHQVsUgPaVgCB7w8jyH_bJNBL4O4KAb7Y2tZAZUAA,Alienware,Low,94.0,0.0,Good,Low,29.21190437009404,2.0739798206278026,29.21190437009404,High,404.2,0.48136402681808116
gaming laptop,Razer Blade 18 Dual UHD+ 240 Hz,6999.99,,4.5,0.0,Razer.Com,8.0,Free delivery,,https://encrypted-tbn1.gstatic.com/shopping?q=tbn:ANd9GcRdF7syp_X5C1PLjssay4BgVAQXKsJIWcIeffeGVePOgS7ifKX0OCwC0ot4tJHa3SvmWACFYSXtUPk9X9XZc1WA1c6twVwE1A,Razer,Low,93.0,0.0,Excellent,No Reviews,0.0,6999.99,0.0,Very High,418.5,0.0
gaming laptop,HP OMEN Transcend 14 inch 120Hz 3K Oled Gaming Laptop Intel Core Ultra 7-255h,1599.99,,4.7,29.0,Best Buy,9.0,Free delivery by Tue,,https://encrypted-tbn0.gstatic.com/shopping?q=tbn:ANd9GcRfzgTWTAFUDJKxrZu5Ih2daam-KFIhoQN89JcNrqOfENfsizBam1UTjiwiXxbf-KKURNbYBMBsRNIbAIxuHqp7338jG6BPElvQCp3ODqrxvVwqKSMkOi1wKA,HP,Low,92.0,0.0,Excellent,Low,15.98562769381213,53.333,15.98562769381213,High,432.40000000000003,0.018113792091143603
gaming laptop,"Acer 16"" Nitro V 16S Gaming Laptop",1399.99,,5.0,3.0,B&H Photo-Video-Audio,10.0,Free delivery by Wed,,https://encrypted-tbn3.gstatic.com/shopping?q=tbn:ANd9GcR6OGT0P0NrCEaiAihV5FItMOzuPIk80FOmYAC5mau0jpwwlhnYQQaVHFbZKiD5GpMdwW_MCMMm1rFRGFoSdFgnWf8pWtx_FuasP8Kty99aL5sV7ofmsujT,Acer,Low,91.0,0.0,Excellent,Low,6.931471805599453,349.9975,6.931471805599453,Medium,455.0,0.0021413429075153997
gaming laptop,"Lenovo Legion Pro 5 16IAX10 Gaming Laptop 16"" WQXGA OLED 165Hz Display Intel Core Ultra",1799.99,,4.7,88.0,Lenovo,11.0,Free delivery,,https://encrypted-tbn2.gstatic.com/shopping?q=tbn:ANd9GcQ37qs1xUgxQLJ-kvUhwjJa_nkbsyC8zhC17oEoIHQvEsQqrQZTRYM_HS8DqMyyc3pH61pOG1nF_6ncbML7OlPu04oic26TZxUIdlCgBPCL4LshcF6UwivR,Lenovo,Low,90.0,0.0,Excellent,Low,21.096590937741055,20.224606741573034,21.096590937741055,High,423.0,0.04886201478075947
gaming laptop,"Acer Nitro V 16"" Gaming Laptop WUXGA NVIDIA RTX 5070 16GB 512GB SSD Core Ultra 7",1299.99,,5.0,1.0,Target,12.0,Free delivery,,https://encrypted-tbn3.gstatic.com/shopping?q=tbn:ANd9GcTia0aNJe_W3XFwAAtFfvMOOFF_Mh7dXtrFUmqrVuUNkW7vkYRW8zvyIRUFEMYh3mK4jdJMehhcW1huUy5f0O59nB1NjfyIo_6v2sw2p8dVPQTc7yi245sz,Acer,Low,89.0,0.0,Excellent,Low,3.4657359027997265,649.995,3.4657359027997265,Medium,445.0,0.0007686454161830605
gaming laptop,"HP Victus 15.6"" Full HD 144Hz Gaming Laptop Intel Core i5-13420H",749.99,,4.5,589.0,Walmart - Primegear Tech,13.0,Free delivery,,https://encrypted-tbn1.gstatic.com/shopping?q=tbn:ANd9GcRWzC3qjLVZupeCvSwGKzxOlvMB1p4ujQMjye3iW_-3DdzsXGUSq14cDdHqANaMA1jXtdXShdMBk4XUHzeRsPm3IPIkgdh6bnCyzDDTX2cy3JmNlBOCyvHE8A,HP,Low,88.0,0.0,Excellent,Low,28.71055141604894,1.2711694915254237,28.71055141604894,Medium,396.0,0.7842980598942729
gaming laptop,"MSI Cyborg 15 B2RWFKG-421US 15.6"" Gaming Notebook",1399.0,,4.5,0.0,Nfm,14.0,Unknown,,https://encrypted-tbn3.gstatic.com/shopping?q=tbn:ANd9GcT6d8DYRy1bAkkWR3E6HGUNYMO9UbHx8oUubfjFwK6-0y-8m_2Mopt4RTRjt21rJ_iXLKuje5D4w8F0qYYNnh9xOUpc38Sk_sV3mg0mIzUkSPCU5hG-8tjH1A,MSI,Low,87.0,0.0,Excellent,No Reviews,0.0,1399.0,0.0,Medium,391.5,0.0
gaming laptop,"HyperX HP OMEN 16"" 165Hz 2K Gaming Laptop Intel Core Ultra 7 356H",2099.99,,4.5,15.0,Best Buy,15.0,Free delivery by Wed,,https://encrypted-tbn3.gstatic.com/shopping?q=tbn:ANd9GcQZpcNrgW9hwJ2sqOf8chyjfb4pbmBIfypAu7VNQALBCz94yI2Y1If-aH-AzLoE5dQpMW7fd7ALc5PnoD-eefk1Q43Htu_KuBbEilNrYvNmZbFuz3p7EkYMCA,HyperX,Low,86.0,0.0,Excellent,Low,12.476649250079015,131.249375,12.476649250079015,High,387.0,0.0071394913826339015
gaming laptop,TUF Gaming A16 16” WQXGA 165Hz Gaming Laptop AMD Ryzen 7 260 Processor,1399.99,,4.5,0.0,Asus.Com,16.0,Unknown,,https://encrypted-tbn2.gstatic.com/shopping?q=tbn:ANd9GcTihiq3vLzjvtSO1XO79D-VgquuZJshMebLxxlvM0wWgwrYUfFwsYOPAHfc36oonLhMXt2zRaGqgVZKtdh3ZJ7ukGggW7u1pktGngMqn3YrtAYWDuPpMhbhkQ,TUF,Low,85.0,0.0,Excellent,No Reviews,0.0,1399.99,0.0,Medium,382.5,0.0
gaming laptop,Alienware 16 Aurora Gaming Laptop,1399.99,,4.4,243.0,Dell,17.0,Free delivery,,https://encrypted-tbn0.gstatic.com/shopping?q=tbn:ANd9GcQTfhf_ak1Jbh6pEqH8XI3YXKU5wRgFfeB8nggnv6Ye2-fw0LNTyKU6RHzVbWQgmSrSY1VGxEioNWzW9MHQVsUgPaVgCB7w8jyH_bJNBL4O4KAb7Y2tZAZUAA,Alienware,Low,84.0,0.0,Good,Low,24.18754019129009,5.737663934426229,24.18754019129009,Medium,369.6,0.17344877550874738
gaming laptop,"Laptop 15.6 FHD Gaming Laptop, AMD Ryzen 7 5700u, 16gb Ram, 512gb Ssd, Windows 11 Pro, Graphite, WiFi 6, Backlit KB, Gray",529.59,,3.8,21.0,Walmart - Nipogi Official Store,18.0,Free delivery by Wed,,https://encrypted-tbn2.gstatic.com/shopping?q=tbn:ANd9GcSO0EOHJ2HRKWZwy6K0F1Rx7993IGYRWznjDP7F1c41zc9J6zC3B7Vr_fnHo_kjXlk53_zBz5K4J4tLDOOmsJi1f5AAeOQgXqxmmeMXU56GU89FQtR8wNTv7Q,Laptop,Low,83.0,0.0,Average,Low,11.7459613227616,24.07227272727273,11.7459613227616,Medium,315.4,0.03957858233287472
gaming laptop,"Lenovo Legion 5a 15.3"" OLED WQXGA 165Hz Copilot+ PC Gaming Notebook AMD Ryzen 7 250 16GB RAM 512GB SSD NVIDIA GeForce RTX 5060",1499.0,,4.5,0.0,B&H Photo-Video-Audio,19.0,Free delivery by Wed,,https://encrypted-tbn3.gstatic.com/shopping?q=tbn:ANd9GcQ6r_zkX-Y2zFoEkOzf31inBZzpZld2w9nuRHok_kDEzmFsn18HjXwSosAlp4xgnckzFed0Zu3m_Rw5zRuLbXHRwcdM7eA6G5FGnsjVh8futqBEzquRg7a0,Lenovo,Low,82.0,0.0,Excellent,No Reviews,0.0,1499.0,0.0,Medium,369.0,0.0
gaming laptop,GIGABYTE Gaming A16 Gaming Laptop 165Hz 1920x1200 WUXGA RTX 5070,1599.99,,4.5,23.0,Best Buy,20.0,Free delivery by Thu,,https://encrypted-tbn1.gstatic.com/shopping?q=tbn:ANd9GcTOCLyjgZTh0M6jhrDu1BYwuk_YJ5Kn4jhUf4aOJP-2LxUpKemmzK4pwq-S_kG2bOkjLRq5DMhsr6KLGHbZVujTduBy37dy6aP3ym_FWKpjVaRImopEGEU4NA,GIGABYTE,Low,81.0,0.0,Excellent,Low,14.301242236565756,66.66625,14.301242236565756,High,364.5,0.014366110968838032
gaming laptop,"NIMO 15.6"" Light-Gaming-Laptop 8 Cores AMD Ryzen 7 Pro 6850U LPDDR5 RAM 1TB SSD",709.99,,3.9,25.0,Macy'S,21.0,Free delivery by Sat,,https://encrypted-tbn0.gstatic.com/shopping?q=tbn:ANd9GcRVWpNPfUyQmlhrZ2Za-vuZfyOV_6OXqqYEgyrKBluXOZoTNVDS4IHt4u0TzXp6-m-LpAXQ5vz8KQTxBsMj_1ffu5LwKh5IcXZakb0IuHI0QkUnUVHxchIe,NIMO,Low,80.0,0.0,Average,Low,12.70657649828378,27.307307692307692,12.70657649828378,Medium,312.0,0.03516223856875624
gaming laptop,"HyperX Hp OMEN Gaming Laptop PC 15.3"" AMD Ryzen 7 Windows 11 Home",1399.99,,4.5,0.0,Hyperx,22.0,Free delivery,,https://encrypted-tbn1.gstatic.com/shopping?q=tbn:ANd9GcSMb6JlZIl6TAQAs45GJA9x0QOpokyLZpfulNPbyD4LQpd1UBREtZgokuQecN8LP0aGdsCuE_-yAyNqgi_VCNhK7ZjbkHlPHr7KaZnwsQjsWl9urvESaCCZbk8,HyperX,Low,79.0,0.0,Excellent,No Reviews,0.0,1399.99,0.0,Medium,355.5,0.0
gaming laptop,ASUS TUF F17 17.3 144Hz Gaming Laptop NVIDIA GeForce RTX 3050,799.99,,4.5,0.0,Staples,23.0,Free delivery by Wed,,https://encrypted-tbn0.gstatic.com/shopping?q=tbn:ANd9GcQp-rsu5eCpz9bYnMboyLSFPot0e4wZgeZX6gD80NIi_VoSrCPE8QhuVuVvctH0_UACt0GYwZJ5Hx3QEyWP867tG_RyFOv1vxRFUsUVFfejELBlKQXThFeh,ASUS,Low,78.0,0.0,Excellent,No Reviews,0.0,799.99,0.0,Medium,351.0,0.0
gaming laptop,Alienware 18 Area-51 Gaming Laptop,3279.99,,4.5,0.0,Dell,24.0,Free delivery,,https://encrypted-tbn2.gstatic.com/shopping?q=tbn:ANd9GcTSyssaH-fGaObUpt8LOgYdSsriNYdjHe0b9SBudM9cQdGqaessxlyNAHBWv7QVzMGydc1ad4EQESCwao3KWUZrc_GLS3L_JtXtOShxOpaXerThmwW18ijbQQ,Alienware,Low,77.0,0.0,Excellent,No Reviews,0.0,3279.99,0.0,Very High,346.5,0.0
gaming laptop,"Acer Nitro V – 16"" WUXGA 165Hz Gaming Laptop Intel Core 7 240H 2024",1549.99,,4.6,17.0,Best Buy,25.0,Free delivery by Tue,,https://encrypted-tbn3.gstatic.com/shopping?q=tbn:ANd9GcRQknbsSHVyAgAgvcaHh5opy8boXAVNnnmPfW_lDyvFMUup1oVhswDegtblA5bqtIMpi8GQR5RWTSao15Imkcsp8y0fSgUMTMweg7O6cXiVDSvcStq78Cv7Dw,Acer,Low,76.0,0.0,Excellent,Low,13.295710086322355,86.11055555555555,13.295710086322355,High,349.59999999999997,0.010960741204005184
gaming laptop,"Lenovo Legion 5 15iax10 83f 15.1"" Gaming Notebook",1769.92,,4.2,47.0,Lenovo,26.0,Free delivery,,https://encrypted-tbn3.gstatic.com/shopping?q=tbn:ANd9GcR8EcnccRYkNqZQxZ_dDJxCgI-NyJg3DVqbxp0D2bIuHnV1z7FAAb8HgDhOyPvrPK79dx2m7Oi6xuP9eY2N42QiPHcNiyrJ,Lenovo,Low,75.0,0.0,Good,Low,16.259044245813143,36.873333333333335,16.259044245813143,High,315.0,0.026539877577756193
gaming laptop,"Gigabyte 16"" GAMING A16 CVH Laptop",1049.0,,4.5,24.0,Walmart,27.0,Free delivery,,https://encrypted-tbn1.gstatic.com/shopping?q=tbn:ANd9GcR08cpQQKRqdr2KSDjDx25wCWBYt8fhFtT06MAjgVU1pSjlwbAcVFRlvU7TO0U07Rv5EEejOcN9iIXfckJbyZr92kZ8ZEa2YPkr7b2YfFxOqG-nH4_UeggsCQ,Gigabyte,Low,74.0,0.0,Excellent,Low,14.484941211906902,41.96,14.484941211906902,Medium,333.0,0.022857142857142857
gaming laptop,"Lenovo 16"" Legion Pro 7i Gaming Laptop",4699.0,,4.5,0.0,B&H Photo-Video-Audio,28.0,Free delivery by Wed,,https://encrypted-tbn1.gstatic.com/shopping?q=tbn:ANd9GcRyMBD4gZCziZaLYQgPlY2tQ8lykDVvZSRgupGNEwlwMJTTSC1BJ7xle7uzmnSVX8UeqK_9oRa5GRmSdUCs79AId1X7O01G6t2NwkxyU-ej,Lenovo,Low,73.0,0.0,Excellent,No Reviews,0.0,4699.0,0.0,Very High,328.5,0.0
gaming laptop,"ASUS ROG Strix G18 18"" 2.5K 240Hz Gaming Laptop Intel Core Ultra 9 HX",3299.99,,4.4,328.0,Best Buy,30.0,Free delivery,,https://encrypted-tbn0.gstatic.com/shopping?q=tbn:ANd9GcQQ6R23EVD3V8i-DKesQwhDDensRWBtI-8JrTQryMbQp7CddDKUS_JPT-vA22Sq7Pol8m9bbtp33BPPcmNDwTS-4ed7oLjWvIUpHCXaKNAUhcsTNUClCDer,ASUS,Low,71.0,0.0,Good,Low,25.50265410336764,10.030364741641337,25.50265410336764,Very High,312.40000000000003,0.09936413015489293
gaming laptop,HyperX OMEN 15 inch Gaming Laptop PC 15-ga0762nr,1599.99,,4.5,0.0,Target,31.0,Free delivery,,https://encrypted-tbn1.gstatic.com/shopping?q=tbn:ANd9GcTfyECWjNOCE1wReVpWediiFY3sc7AXZta5A7s1hrEzLL4u2XVb8e25GhbElFP7ggQ9duFS9wBAWaWUj3EC8PMB4RDssaVA,HyperX,Low,70.0,0.0,Excellent,No Reviews,0.0,1599.99,0.0,High,315.0,0.0
gaming laptop,Acer Nitro V 16S Gaming Laptop Intel Core 7 240H,1699.99,,5.0,4.0,Acer Store,32.0,Unknown,,https://encrypted-tbn0.gstatic.com/shopping?q=tbn:ANd9GcRBzYInCyIXXaSJEPVYR2xOzqqWPgqax7vtZ3mOr7L7KmS_Cg5xzsxVJbDUPN8_9QfcGkA9JJVknQvxibfYw0FyB5GxW_RDhMoUaTUo0MBUdhHFN-EwPad8,Acer,Low,69.0,0.0,Excellent,Low,8.047189562170502,339.998,8.047189562170502,High,345.0,0.0023515717317562127
gaming laptop,"Nimo 17.3 inch Gaming Laptop, AMD Ryzen 7 7735hs (8c/16t, Up to 4.75GHz), 16gb Ddr5 Ram, 512gb PCIe 4.0 Ssd, 100w PD Fast Charging, FHD Display,",649.99,,5.0,1.0,"Walmart - Cleamol Co.,Ltd",33.0,Unknown,,https://encrypted-tbn0.gstatic.com/shopping?q=tbn:ANd9GcRm4MdYYXI14q88zFI1ICSp9tRLjoWl3wkpWeKAwq1PPwZZsaxPXFHqYXKdHxEszN_fNlHty2_r6AxyjHipXYqienS1-KTq0MY4LuVG9bWZ8b5mFmFiA04pgg,Nimo,Low,68.0,0.0,Excellent,Low,3.4657359027997265,324.995,3.4657359027997265,Medium,340.0,0.0015361219066345104
gaming laptop,Alienware 16X Aurora Gaming Laptop - w/ Windows 11 OS & Intel Core Ultra 9 - NVIDIA GeForce RTX 5070 Ti 12 GB GDDR7 - AI Capable,3379.99,,4.4,716.0,Dell,34.0,Free delivery,,https://encrypted-tbn1.gstatic.com/shopping?q=tbn:ANd9GcS6RSi4f5JOnPXxOvmbBjgV8e2o2DsLV7i2kK2KLM4sn63xeN4yQ8zMF8KVj-XmXNODM1M-yWoEy-LXtOyuPLRcp6QD1yizaTTYGN4_Db_u_1WVF6mosL3t7Q,Alienware,Low,67.0,0.0,Good,Low,28.930333698638332,4.7140725244072526,28.930333698638332,Very High,294.8,0.21177229154774194
gaming laptop,"ASUS ROG Strix G16 G615JMR-DS94 16"" Gaming Laptop Intel Core i9-14900HX",1899.99,,5.0,9.0,Best Buy,35.0,Unknown,,https://encrypted-tbn0.gstatic.com/shopping?q=tbn:ANd9GcTXxwGx42M97S8q8NAZSOSqg9aNrhWmy3O5x-hvpLpLrNMO6GBFRb5hCsMISDX0lO7QPsUhb7UL6H8iQcEfDa0O0-P42mq5XgEQ34kodltes9RNPFGO7Y_IRw,ASUS,Low,66.0,0.0,Excellent,Low,11.51292546497023,189.999,11.51292546497023,High,330.0,0.004734375246582044
gaming laptop,"ASUS ROG Flow Z13 GZ302EAC-XS99 Kojima Productions Edition 13.4"" 2-in-1 Laptop Computer",3699.0,,5.0,2.0,B&H Photo-Video-Audio,36.0,Free delivery by Wed,,https://encrypted-tbn3.gstatic.com/shopping?q=tbn:ANd9GcRg8rH3vKiy_Y3BPSHvJgVgEWWzwf0els4s6bojCDun-967IEcVoDZP0Tu2R0lfil7R40OzNTV603bUUFP9G1vVgIVg0xmXRYyzQQm0sFI_XquYkYVTo_XSFA,ASUS,Low,65.0,0.0,Excellent,Low,5.493061443340549,1233.0,5.493061443340549,Very High,325.0,0.0005405405405405405
gaming laptop,"Lenovo Legion Pro 7i 16"" OLED Gaming Laptop Intel Core Ultra 9 275HX",3079.5,,4.6,489.0,Lenovo,37.0,Free delivery,,https://encrypted-tbn0.gstatic.com/shopping?q=tbn:ANd9GcTSalUboSSan5nwbtswRu3NElKSh5-c6fGmMZp9zqfTeouTINpGLI-2sCwzJeimhTyHxNWa_-M5GKgrzeZRU0STrzi_bZfC,Lenovo,Low,64.0,0.0,Excellent,Low,28.49426479908149,6.28469387755102,28.49426479908149,Very High,294.4,0.15874046421035545
gaming laptop,"HP OMEN MAX Gaming Laptop 16 Windows 11 Home 16"" AMD Ryzen AI 9",2799.99,,3.6,22.0,Hyperx,38.0,Free delivery,,https://encrypted-tbn3.gstatic.com/shopping?q=tbn:ANd9GcTmMv3ZuEW2XNsNPrERMold3ceu_zoOocI0W2GC3gU4LXwfZEwECKc3oz73UGKrMC2CEtXocgV_6xtqbyY5Ao1wCRsG58ktkrAM-ETD-e2-gCchz_EkRYom-Q,HP,Low,63.0,0.0,Average,Low,11.28777917734494,121.7386956521739,11.28777917734494,High,226.8,0.007854365777814273
gaming laptop,"HP OMEN 16-an0027wm Slim Gaming Laptop 16"" 2K IPS 165Hz Display Intel Core Ultra 5 225h",1289.0,,4.5,58.0,Walmart,39.0,Free delivery,,https://encrypted-tbn3.gstatic.com/shopping?q=tbn:ANd9GcSvzONBl7_WnqVYFsFxARrt5uIlERay12Qcd35QULiFjDt45DiWlgqGRs2U0LqaJfzATYESVBmjYPoMPd9I7oEV6APNDuWHnHD-unxHPmE_5Y5vDwsz6yDeNQ,HP,Low,62.0,0.0,Excellent,Low,18.34891849757574,21.847457627118644,18.34891849757574,Medium,279.0,0.04496124031007752
gaming laptop,"Alienware 15.3"" 2K Gaming Laptop AMD Ryzen 200 Series R7 260 2026",2224.99,,4.4,34.0,Best Buy,40.0,Free delivery by Fri,,https://encrypted-tbn2.gstatic.com/shopping?q=tbn:ANd9GcRZXm9wKOfs2imEgV3NXgF9Y-Bbpj6FzxFPkwYICRr2wM5C1-jQl1KS2q2buuAeeqg3NzqBBXqsO-r6CbQA5zfYwBwgidL0IhTf8mXT4wDseoRHtpqlvNqi,Alienware,Low,61.0,0.0,Good,Low,15.643531470553421,63.57114285714285,15.643531470553421,High,268.40000000000003,0.015274102758772503
wireless earbuds,JLab GO Air Pop True Wireless Earbuds,19.74,,4.3,31000.0,Best Buy,1.0,Unknown,,https://encrypted-tbn2.gstatic.com/shopping?q=tbn:ANd9GcRr6MH5hAimLo2o-bi2HuttkRBkAQBfU_8YB-J8JdttIeNVmHm3L_7ijroiL2GKO5UUtp9SvHBnKSBOO1OiuGJr3B-oFsq21jMFQ7IKIVJ3,JLab,Low,100.0,0.0,Good,High,44.46963138634953,0.0006367536531079642,44.46963138634953,Low,430.0,1494.6962391513985
wireless earbuds,JBL Vibe Buds 2 Noise Cancelling True Wireless Earbuds,64.99,,3.6,417.0,Target,2.0,Free delivery by Sat,,https://encrypted-tbn0.gstatic.com/shopping?q=tbn:ANd9GcTRfCA465ogAUCgGN_3qzhQWvSg5zz514is1C1YBfv4GcA9f7c1j1fgR-L9Qg2kLsPUOascjD1MI7deP2a-_tm6ssUQXvnO,JBL,Low,99.0,0.0,Average,Low,21.727733157089123,0.15547846889952152,21.727733157089123,Low,356.40000000000003,6.319139263524777
wireless earbuds,JBL Vibe Beam 2 Noise Cancelling True Wireless Earbuds,38.0,,4.2,1400.0,Walmart,3.0,Free delivery,,https://encrypted-tbn1.gstatic.com/shopping?q=tbn:ANd9GcTiHOXeaeyhB8o6yYBsKADT9zIOPjXK-xZdgdW3HWT8hWsOi7CT_jwDWB0hPqkmB0XovFBfWIkkV9srGXz1h2kiHwgyFcgO,JBL,Low,98.0,0.0,Good,Medium,30.42875449461543,0.027123483226266953,30.42875449461543,Low,411.6,35.8974358974359
wireless earbuds,JLab Go Air Pop True Wireless Earbuds,24.99,,4.5,8900.0,Jlab,4.0,Unknown,,https://encrypted-tbn2.gstatic.com/shopping?q=tbn:ANd9GcQdVKuNghtU3MyHG3UDp-AqSFvub4ZSfpBnF8p8rv-8w1Dp2tocH5UER9OylB-Tm4iFWKZZTlP-baF4L8Af5IvZqghC_Y9g1JaeyYagbeJWgpH2LNVQVq3bqw,JLab,Low,97.0,0.0,Excellent,High,40.92263509031519,0.0028075497135153353,40.92263509031519,Low,436.5,342.43939976914197
wireless earbuds,Beats Solo Buds True Wireless Earbuds,69.99,,3.8,5700.0,Target,5.0,Free delivery by Sat,,https://encrypted-tbn0.gstatic.com/shopping?q=tbn:ANd9GcSEhAJv4_tlGIcABlxHIYSXFKCKkBESw6vbXOUXyft-DThmRoQ_W_VIE3Xr1SXfT87IA8yJUll6ltIJyt3-0DottlWHdz0I,Beats,Low,96.0,0.0,Average,High,32.863908132720006,0.012276793544992106,32.863908132720006,Low,364.79999999999995,80.29299901394563
wireless earbuds,JBL Vibe Buds True Wireless Earbuds,49.95,,4.1,1400.0,Best Buy,6.0,Unknown,,https://encrypted-tbn2.gstatic.com/shopping?q=tbn:ANd9GcTISDeQxFjwSApmvSe7iAfbT5QJyOECZrVBp55ij5IBWvLK0t9sXPJP2qCa4cwQ3sgTqtNmN6QGJcu6EXZpfcovpDWB28JegsKtwuUgvyE,JBL,Low,95.0,0.0,Good,Medium,29.704260339981726,0.03565310492505354,29.704260339981726,Low,389.49999999999994,27.47791952894995
wireless earbuds,Probuds V2 True Wireless Bluetooth Earbuds with Charging Case,19.98,,4.7,2200.0,Walmart,7.0,Unknown,,https://encrypted-tbn1.gstatic.com/shopping?q=tbn:ANd9GcS8rqBKrYsKp32QK8xPRfeoRZ4p4BUdYN7_TiFqYU3UHzhIZcBL85Hyhw-SzTW7aF0H1wOc8B_G75HcIuT1cn2YCS4YiYgP3oyjCQa4EixRdpVbD5Gztpkrdw,Probuds,Low,94.0,0.0,Excellent,Medium,36.17433528317437,0.009077691958200818,36.17433528317437,Low,441.8,104.86177311725453
wireless earbuds,True Wireless Bluetooth Earbuds,9.99,,4.2,22.0,Target,8.0,Free delivery on $100+,,https://encrypted-tbn0.gstatic.com/shopping?q=tbn:ANd9GcQ7_WejXPz67xyGMYSAzhktDgv-comGyEVRd3WM_yg5rq5wmi0BQAVppNIzBNSBQLqbSrSNynKTMCD_yTM0yanae9Pci8vx,True,Low,93.0,0.0,Good,Low,13.16907570690243,0.43434782608695655,13.16907570690243,Low,390.6,2.001819836214741
wireless earbuds,Bose QuietComfort Noise-Cancelling Wireless Earbuds,179.0,,4.2,4700.0,Pc Richard & Son,9.0,Free delivery,,https://encrypted-tbn0.gstatic.com/shopping?q=tbn:ANd9GcSu4y1iyfRa0OKTiX6t8zxa1lCLJHmY0C5rzOqQu7E_z-EGMSjaT6o4IrJZ2zOFsitPpkeCB934vPltycpx6sfEsXyPLYKhMa1DUQPm-g9p1cyV1LU8_M9Ezw,Bose,Low,92.0,0.0,Good,High,35.51322823030135,0.038077004892576045,35.51322823030135,Low,386.40000000000003,26.11111111111111
wireless earbuds,Samsung Galaxy Buds Core True Wireless,49.99,,4.7,5600.0,Micro Center,10.0,Unknown,,https://encrypted-tbn1.gstatic.com/shopping?q=tbn:ANd9GcSnpJMoTeg2ScrpKs0xSbHtpLGhVtOMDClVFrM5bhpn9bRfIkd5kjFKwYXRKUWcBKhVeh0Z8YCqfgoGgz-r4K4qWbZoDi82AA,Samsung,Low,91.0,0.0,Excellent,High,40.56429203138621,0.008925191930012498,40.56429203138621,Low,427.7,109.82545597175917
wireless earbuds,AirPods 4 Apple,99.0,,4.4,31000.0,Walmart,11.0,Free delivery,,https://encrypted-tbn3.gstatic.com/shopping?q=tbn:ANd9GcRJ-GCbsGjSLzeGUJZ7BDfkde8DSDF0WWWeTS_hC6kGLlH9_O4jx_eXUvScpiaxvSj39Ga8pPI76IEsflE4FMZIbpORCywNmEJTzo6yyRWc6711mSc-hQt6aw,AirPods,Low,90.0,0.0,Good,High,45.50380886045069,0.003193445372729912,45.50380886045069,Low,396.00000000000006,310.0
wireless earbuds,Sony WF-C510 Truly Wireless Earbuds,49.99,,4.7,6600.0,Target,12.0,Free delivery by Sat,,https://encrypted-tbn2.gstatic.com/shopping?q=tbn:ANd9GcQixok7TRUJP2Rk2S9-NCVAxDj8kL8-4j9FMMW8eDy2qeDeUWUrWTpUzVevidHNnPUeppOunZ2E7JFKZDNwhkATHmyMnTe3dghu9mWQZU9Yr8GpVS46LlSnRg,Sony,Low,89.0,0.0,Excellent,High,41.33638922893722,0.0075730949856082416,41.33638922893722,Low,418.3,129.43714453814474
wireless earbuds,JLab Go Air Sport True Wireless Earbuds,24.74,,4.1,17000.0,Best Buy,13.0,Unknown,,https://encrypted-tbn3.gstatic.com/shopping?q=tbn:ANd9GcQbYOg-FRgjXJadHXiAHY9iChVCxE8Bz45Fg6eKodclWCfoFGAXE8B8KW-E81_A8yvojWRYqLhLcQE36f_GBsr9TZ-T81J2ndZ4uiy-dZ0,JLab,Low,88.0,0.0,Good,High,39.938212523834686,0.00145520851714605,39.938212523834686,Low,360.79999999999995,660.4506604506605
wireless earbuds,Jbl Vibe Flex 2,39.88,,3.8,456.0,Walmart,14.0,Free delivery,,https://encrypted-tbn0.gstatic.com/shopping?q=tbn:ANd9GcQtzVgOJ5b_vkCPTdURiWBt1dQ9maC8gdjDBHfp6yCNpCs3b-NvNEiaNkNfNfTb0-qM1TZ21KvvXRd8Oku1G2_Y0rHXSh7s4kn9SPlrzWK4TPR9jXDoJyZbR1M,Jbl,Low,87.0,0.0,Average,Low,23.273796885397978,0.08726477024070023,23.273796885397978,Low,330.59999999999997,11.154598825831702
wireless earbuds,JLab Go Air True Wireless Earbuds,29.99,,3.8,3800.0,Target,15.0,Free delivery on $35+,,https://encrypted-tbn1.gstatic.com/shopping?q=tbn:ANd9GcQHRsdpb-c2rxohnjaJ9_DEgBRcgFyjr9oBbghrFwf9kyNNXsS4tapjxB_HCzq0rIJj5428rJ5Rxgdd0zj8iicNb291dNsJmg,JLab,Low,86.0,0.0,Average,High,31.323473982159147,0.007890028939752696,31.323473982159147,Low,326.8,122.62020006453696
wireless earbuds,Soundcore P31i Wireless Earbuds with Immersive Adaptive ANC,36.99,,4.8,1500.0,Soundcore Us,16.0,Free delivery,,https://encrypted-tbn2.gstatic.com/shopping?q=tbn:ANd9GcTi9MFuIJzLIN1XL80gljn8zrSSgrXH49-SoeHLn9xGTDBL9srHuC2GLl7mKA8OqMAetixGQaCOdjmabmltW-4__edA1ITAGY_PM41ughK7Tr-n6Dn3iP3Ycw,Soundcore,Low,85.0,0.0,Excellent,Medium,35.106656791840614,0.0246435709526982,35.106656791840614,Low,408.0,39.48407475651487
wireless earbuds,Skullcandy Dime 3 Wireless Earbuds,24.99,,4.2,6700.0,Best Buy,17.0,Free delivery on $35+,,https://encrypted-tbn1.gstatic.com/shopping?q=tbn:ANd9GcRN_d4cJP5jglykDC-eKBGAfWOazs3vhGasHlCbsCu__-7JUMd3wDv3EsrygyYzev3QnqxexC81bOlk7r3ZroGzaF4dvt-miVacB71lpY4,Skullcandy,Low,84.0,0.0,Good,High,37.00205060148732,0.003729294135203701,37.00205060148732,Low,352.8,257.7914582531743
wireless earbuds,"Egymen Bluetooth 5.0 Wireless Earbuds with Charging Case, Ipx4 Waterproof, HiFi Stereo Sound, Noise Cancelling, for Sports & Gym, Size: 1XL",4.49,,4.5,0.0,Walmart - Mellowspace,18.0,Unknown,,https://encrypted-tbn1.gstatic.com/shopping?q=tbn:ANd9GcSbeFXoxbQOfqy6GM5R4M1q2sT_-FoSC3hyMpzzyIDR2RF8Y5Qp21hcJT_N6vrhrleBEyRAgnf7DxQZiBcBck7ZsxB-sZop9w,Egymen,Low,83.0,0.0,Excellent,No Reviews,0.0,4.49,0.0,Low,373.5,0.0
wireless earbuds,Beats Powerbeats Pro 2 Wireless Earbuds,249.99,,4.2,3900.0,Beats By Dre,19.0,Free delivery,,https://encrypted-tbn1.gstatic.com/shopping?q=tbn:ANd9GcQoyhXDJKEelh2CshnlaalHT1I172pnhJoLMV6-C82ys47NGpCXTxdt9siqJ8hs3pChFjixMbTG7uVn4bil1OunfS7_6ABSYb2cR-4_Plxp-MWWdYjpJwP2HQ,Beats,Low,82.0,0.0,Good,High,34.72975047992796,0.06408356831581646,34.72975047992796,Low,344.40000000000003,15.538467668034583
wireless earbuds,JLab Go Pop+ True Wireless Earbuds,24.99,,4.5,8900.0,Jlab,20.0,Unknown,,https://encrypted-tbn0.gstatic.com/shopping?q=tbn:ANd9GcTZPTHPslc5-vUNLt6eOWpGwrzyRcmzAYavjSSn1T0RtnHti0yZvzrNLRzQocJLPOFTxn870g2Xd_juZ9gygCrZjq1jAZ2c2oWZZx6mw8mnCetrxiQ8wBTMPA,JLab,Low,81.0,0.0,Excellent,High,40.92263509031519,0.0028075497135153353,40.92263509031519,Low,364.5,342.43939976914197
wireless earbuds,Skullcandy Dime Evo Wireless Earbuds,36.99,,4.2,551.0,Best Buy,21.0,Free delivery by Thu,,https://encrypted-tbn0.gstatic.com/shopping?q=tbn:ANd9GcRqzVQ_t0Ow0U2uD2BQT58N2b9Tnpn6TUYYRydxu01X3uKRGn5iWYTHjj-Nr-GK3KXsTiU4wHCdVCFgjtfEicQodRVUeAASiAb3U62puDw,Skullcandy,Low,80.0,0.0,Good,Low,26.5169017943638,0.0670108695652174,26.5169017943638,Low,336.0,14.50381679389313
wireless earbuds,JLab Flex Open Earbuds,39.99,,4.3,4200.0,Target,22.0,Free delivery by Sat,,https://encrypted-tbn3.gstatic.com/shopping?q=tbn:ANd9GcQW5WfmeNvI5RBWVvjyNImXheVF8Ub6tpL-LZT9nZ3u3RA_cWwoHVxtdK7TWCIA0vFEq3FslUZEIqNf-4Ig3VvVSf3aG_XU,JLab,Low,79.0,0.0,Good,High,35.87523484602835,0.009519162104260891,35.87523484602835,Low,339.7,102.46401561356429
wireless earbuds,Onn Wireless Mini-Earbuds with Wrist-Strap,9.88,,4.3,76.0,Walmart,23.0,Unknown,,https://encrypted-tbn0.gstatic.com/shopping?q=tbn:ANd9GcQjGAxr0C1alhQ_wxavCIN_MeD6T_wSDkBB56GEMc-qPC9rCszfGqeVkv0o05ndNwtff8G_cnKz3j9Pai5PxC2L9u1REivkYyT4KYkV2_JrZ08x_0qQWPNzQQ,Onn,Low,78.0,0.0,Good,Low,18.67836331397084,0.12831168831168832,18.67836331397084,Low,335.4,6.985294117647058
wireless earbuds,Soundcore by Anker P20i True Wireless Earbuds 10mm Drivers with Big Bass,39.99,,4.4,6200.0,Soundcore Na,24.0,Free delivery,,https://encrypted-tbn3.gstatic.com/shopping?q=tbn:ANd9GcQ24YH6yxUk77F3MPFl8_Q4rwvASQZrRcTRryKVRir-rsQuFtaQar5HNlVveNtJiBUYAqdX34y0_K-LwIs8yM9aIFR8r_cMgXkZiTxyQGGjmLr6zW2gbI825A,Soundcore,Low,77.0,0.0,Good,High,38.42284973273947,0.006448959845186261,38.42284973273947,Low,338.8,151.25640400097583
wireless earbuds,Bose Ultra Open Wireless Earbuds,199.0,,4.2,10000.0,Lenovo,25.0,Free delivery,,https://encrypted-tbn2.gstatic.com/shopping?q=tbn:ANd9GcT4UZsc3sLHgWwQ56p1I_TQq7EX3XUee10Uo9hKs5gcb6GjnTIlg17btTPmfNjgTCj2L5qwlBmMrOdDHFQT3SKGPNAUkbBX,Bose,Low,76.0,0.0,Good,High,38.68384954130137,0.0198980101989801,38.68384954130137,Low,319.2,50.0
wireless earbuds,Google Pixel Buds 2a Wireless Earbuds,129.0,,4.5,457.0,Best Buy,26.0,Free delivery by Tue,,https://encrypted-tbn3.gstatic.com/shopping?q=tbn:ANd9GcSZ_aDwBhMqmTNlalKeNtViQRABqnzQQ3mlilTM6gciCaVKkYPhImPJ6ZOzMVExtemr3Yexht3jEOnGwvjeEtZYdsZV1QjsmWjQMWyMcAJS,Google,Low,75.0,0.0,Excellent,Low,27.570911328513834,0.2816593886462882,27.570911328513834,Low,337.5,3.5153846153846153
wireless earbuds,Blackout TWS Earbuds with Bluetooth and Enhanced Noise Cancellation,249.99,,4.5,0.0,Akt1 Sport,27.0,Free delivery,,https://encrypted-tbn1.gstatic.com/shopping?q=tbn:ANd9GcRJ-lgLDvsjy71fGulMjq8EpoY-HyHFFMNLonumJ8eybWK4st_n8-gVeJOdsnpMZFe7lH216kdvqBpp51bN1inxT3Qngq3gIcoAiVhSRbIlyBXG2rqZmXypf2w,Blackout,Low,74.0,0.0,Excellent,No Reviews,0.0,249.99,0.0,Low,333.0,0.0
wireless earbuds,"Veat00l Wireless Earbuds Bluetooth Headphone Sport, Bluetooth 5.4 Earbud, 72Hrs Earphone with Earhook, Noise Cancelling Mic, IP7 Waterproof Headset",20.99,,4.1,1100.0,Walmart - Oke,28.0,Unknown,,https://encrypted-tbn1.gstatic.com/shopping?q=tbn:ANd9GcSNp8n7q1NFvQ0D4KskpDXTkcybpbpvNSK_PIRnb7sYVvRaol8IJGB2t08HFfdGTIlQjUsgLtggKrmPmyb2eOhlvdhQoUcYG2zwPbWQV81fvLDI85-Ow7CCbA,Veat00l,Low,73.0,0.0,Good,Medium,28.716293960562986,0.019064486830154402,28.716293960562986,Low,299.29999999999995,50.022737608003645
wireless earbuds,JLab Go Pop ANC True Wireless Earbuds,29.99,,4.5,5700.0,Target,29.0,Free delivery on $35+,,https://encrypted-tbn2.gstatic.com/shopping?q=tbn:ANd9GcQD7Ihfpi5LyX-8pox3mClSXmBMY_2y4weHGt7t77elZovYnSaLQfHTRmKZbQVWruPVoRyqBNdbYJYzW8VQktOqMLTOyubi,JLab,Low,72.0,0.0,Excellent,High,38.91778594664212,0.005260480617435537,38.91778594664212,Low,324.0,183.93030009680544
wireless earbuds,The Open Ear Wireless Earbuds - Black,59.99,,4.8,1000.0,Statik,30.0,Free delivery,,https://encrypted-tbn1.gstatic.com/shopping?q=tbn:ANd9GcTakWKuSdOiwi6tnqlZ16Nn2ehQI9E110xybKbVDwoWnysAFIusnv2VNTyAdn-7YIQJua1dwaJEh7wqqtQiu2b_ySq6A1r2TUU8uzFl-puUpdDYIsiPYBDb,The,Low,71.0,0.0,Excellent,Medium,33.16202294071306,0.05993006993006993,33.16202294071306,Low,340.8,16.396130513198884
wireless earbuds,Beats Fit Pro True Wireless Earbuds,177.99,,4.1,4200.0,Best Buy,31.0,Unknown,,https://encrypted-tbn0.gstatic.com/shopping?q=tbn:ANd9GcQGUDnQ92AP5s7sQ-dcmKd3iNb3n5ZGfiobzLXUL0ErWONem_YgAUWA49DEMUhVkEMqJM2d-ikL2RrXP-QGc8g-hdbnIh8yXccC4OAspgg,Beats,Low,70.0,0.0,Good,High,34.206619271794466,0.042368483694358486,34.206619271794466,Low,287.0,23.464998044583496
wireless earbuds,Nothing Ear Open,99.0,,4.6,206.0,Nothing Us,32.0,Unknown,,https://encrypted-tbn2.gstatic.com/shopping?q=tbn:ANd9GcTwSxAFtuzXCcG3O6r67ggo6LW9QI0VJ36BWCg-5Qr23mmH4WzbZkWICcZjRGOuwNgQ26S8qpUi07y1_SDYsqk5yprgOFZ16hW9ksIYEqaTVbEwXdyqRQcRCA,Nothing,Low,69.0,0.0,Excellent,Low,24.530506449020695,0.4782608695652174,24.530506449020695,Low,317.4,2.06
wireless earbuds,Fnochy Bluetooth Wireless Earbud Mini Wireless Earbud Bluetooth V5.1 in Ear Headphone with 3 Hours Music time Headset with Mic for Smartphones,3.4,,4.5,0.0,Walmart - Fnochy Discountstore,33.0,Unknown,,https://encrypted-tbn0.gstatic.com/shopping?q=tbn:ANd9GcSm6GOUJTx2Zr_DXkVY-7J-VDsThj2l1H-80X5v-yQLBfxXKc0UP_5TwVGVzNWFmEgwghaE9sfSNxiHoMfKp6wuJP4ka5aLEg,Fnochy,Low,68.0,0.0,Excellent,No Reviews,0.0,3.4,0.0,Low,306.0,0.0
wireless earbuds,JLab Go Pods ANC True Wireless Earbuds,29.99,,4.5,6700.0,Jlab,34.0,Unknown,,https://encrypted-tbn3.gstatic.com/shopping?q=tbn:ANd9GcQQd-RB9dWFEDByZlycwj8Mw-a5K00Y0FKXS8bhG8GWscnhfLM85TlLp-WJXWRITYbDUOUe3ihxXmxU23t8wI_ShxdIICyQwF5qeJXpt5hJfB6oE83O17Pw,JLab,Low,67.0,0.0,Excellent,High,39.64505421587927,0.0044754514251604234,39.64505421587927,Low,301.5,216.19877379799937
wireless earbuds,Apple AirPods Pro 3,199.99,,4.7,21000.0,Target,35.0,Free delivery by Sat,,https://encrypted-tbn0.gstatic.com/shopping?q=tbn:ANd9GcTusJ6k0rtBT4SAOK6MmIMTSg8KifL0mKbQtMhPQpBGn8sohnetFozM4CilUsAJ90W_LTatJc3-emzO6VtThlJPjxE4b1y5,Apple,Low,66.0,0.0,Excellent,High,46.77592907271131,0.009522879862863674,46.77592907271131,Low,310.2,104.48281009005423
wireless earbuds,Sony WI-C100 Wireless In-Ear Headphones,24.99,,4.6,12000.0,Best Buy,36.0,Free delivery on $35+,,https://encrypted-tbn1.gstatic.com/shopping?q=tbn:ANd9GcSGDetqEC_6q5cWFCgRj6vmmTJVYwKsFkek_ggY645X6AsnUt6s8aKkRdbQmYF0Kcrd7yK6OsVCSFmesmIs3QrwwqXbfoAyYLcSUvalRIk,Sony,Low,65.0,0.0,Excellent,High,43.206628189704624,0.0020823264727939336,43.206628189704624,Low,299.0,461.716044632551
wireless earbuds,EarFun Air Pro 4 Wireless In-ear headphones,53.99,,4.9,2300.0,Earfun,37.0,Free delivery,,https://encrypted-tbn1.gstatic.com/shopping?q=tbn:ANd9GcQLkUmn1w9Jw3U2NrYwYrd-Vj5wWstQw5ueCvLPk3u93QU5rRBPlkEQ52CkzC4Ni_FtYzMesropA2a9G-1GLaacIJNE5dLp_wBxcgWfHBbRPF3BrOVm54Yb,EarFun,Low,64.0,0.0,Excellent,Medium,37.9313855411733,0.023463711429813124,37.9313855411733,Low,313.6,41.82578650663757
wireless earbuds,Sentry True Wireless Earbuds w/ Chrg Case Wh,24.99,,3.3,14.0,Boscov'S,38.0,Unknown,,https://encrypted-tbn3.gstatic.com/shopping?q=tbn:ANd9GcQdqSrJVQzzo04iLVZIrToR9PVa4tmzGQXYl2urqrMVRR-Uaf8-OySmRw1fEoVdSnCOJAKvXF-NDLmaO9V7Vyp7gygHaqoYqIoZDhj5bVjkhFeUdOlaq1PByg,Sentry,Low,63.0,0.0,Average,Low,8.936565663637293,1.666,8.936565663637293,Low,207.89999999999998,0.5386687187379762
wireless earbuds,"Beats Solo Buds Bluetooth Earbuds- Ivory, MFN44LL/A",69.0,,3.8,5700.0,Walmart,39.0,Free delivery,,https://encrypted-tbn0.gstatic.com/shopping?q=tbn:ANd9GcRBiCUDAYHuH9N28w_7Z11qYY8HSupcZvbVxn7yVeGVfBSOyZ9FmA0A5dpXECylm2Ni3tJh6PsexP9v-jVCG9L9XjPgnFDq0UzG3NpR4X1a2HafzvOEO2ugMQ,Beats,Low,62.0,0.0,Average,High,32.863908132720006,0.012103139800035082,32.863908132720006,Low,235.6,81.42857142857143
wireless earbuds,Anker Soundcore Space A40 Noise Cancelling Wireless Earbuds,59.99,,4.3,508.0,Soundcore Us,40.0,Free delivery,,https://encrypted-tbn0.gstatic.com/shopping?q=tbn:ANd9GcSN4dE0yscmRzSRCOu6UHc21VPw4yR8m1PfM4O5eN8Hublk4loRpJFkUWQObb0F5CEU8YB8guwfzFSg7RZQrnHMUHO_D3HVTSzeGrgqGpoYnwznpRDoL45IHFs,Anker,Low,61.0,0.0,Good,Low,26.799526471167244,0.11785854616895874,26.799526471167244,Low,262.3,8.329234300705034
Bluetooth speaker,JBL Charge 6 Portable Waterproof Bluetooth Speaker,149.95,,4.8,8600.0,Brandsmart Usa,1.0,Unknown,,https://encrypted-tbn0.gstatic.com/shopping?q=tbn:ANd9GcTzNuxH79cRXiWnZ7E3wujiKxsTtsQfXM8oyQfvHvJ8PFCbv-TxW8spQZ1t5yC895rE2KU1vEPBPrnaxPw-R-ST7Pf6IRmK,JBL,Low,100.0,0.0,Excellent,High,43.4862420218471,0.017434019300081385,43.4862420218471,Low,480.0,56.97250745279894
Bluetooth speaker,Bose SoundLink Flex Portable Bluetooth Speaker,129.0,,4.8,6100.0,Sweetwater,2.0,Free delivery by Thu,,https://encrypted-tbn1.gstatic.com/shopping?q=tbn:ANd9GcTObJBw0WQbaR8_li0XKzf1ZFCiuTquFNpl7vXtpjayzduGS6KO3VA6ABhA6svehCheyuI5J0GI8xYQn20MOG5O7FCoMwtmOQ,Bose,Low,99.0,0.0,Excellent,High,41.837798261528896,0.021144074741845598,41.837798261528896,Low,475.2,46.92307692307692
Bluetooth speaker,Anker Soundcore Boom 2 Bluetooth Speaker,69.99,,4.8,902.0,Woot,3.0,Unknown,,https://encrypted-tbn1.gstatic.com/shopping?q=tbn:ANd9GcTZtMnx_uI5aT_901sqKaNbNv296kSVERIlyQn6EejD9zveciX_y9F7jYgZ5fnfPIptWJd-c5NfJtfrTFmv0Eb_0hHPZH1V,Anker,Low,98.0,0.0,Excellent,Low,32.66746825640153,0.07750830564784053,32.66746825640153,Low,470.4,12.706014931680519
Bluetooth speaker,JLab Go Party Bluetooth Portable Speaker,24.74,,4.8,2600.0,Best Buy,4.0,Unknown,,https://encrypted-tbn0.gstatic.com/shopping?q=tbn:ANd9GcRddPCQ4AZwsBDu5uD1y-lwIsZ7RZJfLR1q036J6-QbYE0ckXjlzAkSKDFNf-HrGdilcFS4UcIxXslqn4jONrZNeWz377_H9do9gsTiKXqT,JLab,Low,97.0,0.0,Excellent,Medium,37.745526074153524,0.009511726259131104,37.745526074153524,Low,465.59999999999997,101.01010101010101
Bluetooth speaker,JBL Go 5 Bluetooth Portable Speaker,54.95,,4.9,2800.0,Dell,5.0,Free delivery by Fri,,https://encrypted-tbn0.gstatic.com/shopping?q=tbn:ANd9GcRIYBOy4yxn_Wc9h4EB6zDY7H6TL-yMJ-fE1wojqjy9y2JU0Cw-CNYl6NtHrTjcQj3mUciwSv3n73jrYCO2FOf-YgTBNMPn,JBL,Low,96.0,0.0,Excellent,Medium,38.89488569877454,0.01961799357372367,38.89488569877454,Low,470.40000000000003,50.04468275245755
Bluetooth speaker,Bose SoundLink Home Bluetooth Speaker,142.99,,4.6,255.0,Costco.Com,6.0,Free delivery,,https://encrypted-tbn0.gstatic.com/shopping?q=tbn:ANd9GcSmIlaED0D41K5875GWynAJW923H4AkjS_05i5va7A5gLf-m1aBeIsdKUSGNO_mMtJaZsZcFhbcRQGn2x6b4iLaaotwTodH,Bose,Low,95.0,0.0,Excellent,Low,25.507816244605984,0.5585546875,25.507816244605984,Low,436.99999999999994,1.7709563164108617
Bluetooth speaker,Sonos Move 2 Portable Speaker,399.0,,4.5,11000.0,B&H Photo-Video-Audio,7.0,Free delivery by Wed,,https://encrypted-tbn3.gstatic.com/shopping?q=tbn:ANd9GcRO51FE0XCNktTdQWNqPAUXF1BPOI3SSUsROfrv_p3cV7Q5uY3tEr6RTzw0oiwQdQPa9h6ANFB_6Efjr3TOENrD0V2Zgpjjz8g5AtBFJes,Sonos,Low,94.0,0.0,Excellent,High,41.87583655532746,0.03626943005181347,41.87583655532746,Low,423.0,27.5
Bluetooth speaker,Marshall Emberton III Portable Bluetooth Speaker,179.99,,4.9,3100.0,Sweetwater,8.0,Free delivery by Thu,,https://encrypted-tbn3.gstatic.com/shopping?q=tbn:ANd9GcT6WWeE5CrgPyBvPHhrWkw88kChk-jXdMcdJkb9_YDKW4zKv5aRfJMmjAGGZ5V0L6DCA-R0wlcd5YjDePLcN8qVyJmifbjx,Marshall,Low,93.0,0.0,Excellent,High,39.393451603592204,0.058042566913898745,39.393451603592204,Low,455.70000000000005,17.128018122548205
Bluetooth speaker,Sony XB100 Portable Bluetooth Speaker,53.0,,4.7,11000.0,Walmart - Focus Camera,9.0,Free delivery by Wed,,https://encrypted-tbn2.gstatic.com/shopping?q=tbn:ANd9GcRD1u72Rs9l8fvYFm2AJjBZftl8q4Jql7ENhn_LMaJe8kCpaG-2U1LqqweoKmBUI9okmgmcvcy-m-wG-zoaVjLhf7_hF3csUODj25GP3uKhLhbD6wzsTVY_9Q,Sony,Low,92.0,0.0,Excellent,High,43.73698484667535,0.004817743841468957,43.73698484667535,Low,432.40000000000003,203.7037037037037
Bluetooth speaker,Klipsch Detroit Portable Bluetooth Speaker,273.99,,4.7,125.0,Best Buy,10.0,Free delivery,,https://encrypted-tbn3.gstatic.com/shopping?q=tbn:ANd9GcSig6NjjUsEup6Qw5EMse7ozHNlMMclfApmjkL-WmMWvVsYZKJl0tMSeL6z96rHTR3Bv0ery6L3xLmaI9xJAVQYT7-lWgwTqSdwkFjS-etSq5t9QkaGD5cTZA,Klipsch,Low,91.0,0.0,Excellent,Low,22.730524962671947,2.1745238095238095,22.730524962671947,Low,427.7,0.45456198407214804
Bluetooth speaker,Portable Bluetooth Speaker Black - heyday S,19.99,,2.8,9.0,Target,11.0,Free delivery on $35+,,https://encrypted-tbn2.gstatic.com/shopping?q=tbn:ANd9GcTLG2OxCFooTpicr3U0PxydABJYJysCxYIwxaetc8LJLcd2J8b7NljQh9v1ptKLfeTxEvjvTXuXSf1uTcUKQBylL4w7kpQOew,Portable,Low,90.0,0.0,Poor,Low,6.447238260383328,1.9989999999999999,6.447238260383328,Low,251.99999999999997,0.4287756074321106
Bluetooth speaker,Ultimate Ears BOOM 4 Bluetooth Speaker,129.99,,4.6,545.0,Lenovo,12.0,Free delivery,,https://encrypted-tbn2.gstatic.com/shopping?q=tbn:ANd9GcRn8ESfRfZemQRxy25_ZlAkhZ0viMDkiPmqukhDsNgFsMJE7zaD8R4a2Mtr1XQx5awYa59LsjpmIBcj53fw0uEIoUzO0gB2KEePEFctP-ZTIBOSlsnUpH5dMw,Ultimate,Low,89.0,0.0,Excellent,Low,28.992047288426562,0.2380769230769231,28.992047288426562,Low,409.4,4.160622948316665
Bluetooth speaker,KEF MUO Wireless Bluetooth Speaker,249.99,,4.6,184.0,Crutchfield,13.0,Free delivery by Wed,,https://encrypted-tbn1.gstatic.com/shopping?q=tbn:ANd9GcQrcHvNCscW0GpnpZHQMygsODkr4vJSFbdQoSRONX3HOueRD8hVbUMNHPTU3r2qFsblSnDYwy4o9DZniS1oyZsw_aWjLF5zcdscOWC5as2J,KEF,Low,88.0,0.0,Excellent,Low,24.01363679536029,1.3512972972972974,24.01363679536029,Low,404.79999999999995,0.7330969361329136
Bluetooth speaker,Bang & Olufsen Beosound A1 Portable Bluetooth Speaker 3rd Gen,399.0,,4.6,236.0,Over The Moon,14.0,Unknown,,https://encrypted-tbn2.gstatic.com/shopping?q=tbn:ANd9GcTS7ony3LuIA3ee2tncIJLarRx7UvOCUUV77Xsgj_PJAFtJvetCuo1ZZxYyswUAkcRN3DLGfYMoIkeNp22emC0rjv2_MBrx2P6r-_EIYyqiQGER5rpLrPoyDg,Bang,Low,87.0,0.0,Excellent,Low,25.153076649221603,1.6835443037974684,25.153076649221603,Low,400.2,0.59
Bluetooth speaker,JBL Go 4 Portable Bluetooth Speaker,39.99,,4.8,20000.0,Best Buy,15.0,Unknown,,https://encrypted-tbn1.gstatic.com/shopping?q=tbn:ANd9GcQxWEq3O8EQoywMO9s31svNIYgCaeZjB-aKrpCJ_2jXzvdrUbRhHuOdp3-bsEbgWFKGUw6e9tEgjYs6N47HW8xVaXwx-HHHnrtnegkrolJsPBNCxsxVSfBU,JBL,Low,86.0,0.0,Excellent,High,47.53698024617362,0.0019994000299985003,47.53698024617362,Low,412.8,487.92388387411563
Bluetooth speaker,TRIBIT StormBox Lava Portable Bluetooth Speaker,129.99,,4.9,182.0,Xtremeinn.Com,16.0,Unknown,,https://encrypted-tbn1.gstatic.com/shopping?q=tbn:ANd9GcTd2nIZQt2XQOQ-NI73hV2zsjkFUOlpH3YqBSr0oNSh0vkjmTiLGPyI-Qcxa6EsUt5wwRNe9fgi7fWViESaLh6TBjY44W-0yC8VeIH6xy4iV02kTmmwyCZqjw,TRIBIT,Low,85.0,0.0,Excellent,Low,25.526482148922966,0.710327868852459,25.526482148922966,Low,416.50000000000006,1.389419039621345
Bluetooth speaker,beFree Sound 15 Inch Bluetooth Portable Rechargeable Party Speaker,95.87,,4.0,31.0,Home Depot,17.0,Free delivery,,https://encrypted-tbn2.gstatic.com/shopping?q=tbn:ANd9GcTkIeepSFSSFT1cuGCdQ66uLO3HhRSuyYjxMNyS1SFLq-VlGd5Yc5y59MATR9VUuXbvPtxSt1D8y_9AR7WcDfuC11M1o8fGez70WZTY6jZgmnbNNbRSipYCwg,beFree,Low,84.0,0.0,Good,Low,13.862943611198906,2.9959375,13.862943611198906,Low,336.0,0.3200165169815216
Bluetooth speaker,TREBLAB HD77 Wireless Bluetooth Speaker,79.97,,4.5,118.0,Treblab,18.0,Free delivery by Fri,,https://encrypted-tbn2.gstatic.com/shopping?q=tbn:ANd9GcQjH7Hie-UKKJsQPtip-Ik0LrPIcaz_3EmEreap03Q4EGVEMHJwk-pWANrOpZWBbRA58E0v8Gu0fFQYkNCkVIZ4gqLM2Yh04chADyp01sMkZpyJUD-7k5cdoA,TREBLAB,Low,83.0,0.0,Excellent,Low,21.506055719001882,0.672016806722689,21.506055719001882,Low,373.5,1.4573298752624428
Bluetooth speaker,iLive Waterproof Bluetooth Speaker,14.99,,4.4,1900.0,Target,19.0,Free delivery on $35+,,https://encrypted-tbn1.gstatic.com/shopping?q=tbn:ANd9GcTvBlVG8OdHIeu57BBXJRIDgJSFLLq1GuHWRUqvP9rGk9UbzX26yKOfSk6Z3LVyvT5d02zJR_d3KMKRq6Ls7obgDx7IauL1Gw,iLive,Low,82.0,0.0,Good,Medium,33.22059550694909,0.007885323513940033,33.22059550694909,Low,360.8,118.82426516572858
Bluetooth speaker,JBL Grip Portable Bluetooth Speaker,69.95,,4.5,1000.0,Best Buy,20.0,Unknown,,https://encrypted-tbn3.gstatic.com/shopping?q=tbn:ANd9GcSXTSDrEqlhUIbSoi-l0v-HE7ylIrncBFqRX7m7uw1eY_DqkAvjwS9stRFmhMcLLpPQoT-K6t0ZH007rxHvk7fWBT8nXE8v_E-I-RMlWwU,JBL,Low,81.0,0.0,Excellent,Medium,31.08939650691849,0.06988011988011988,31.08939650691849,Low,364.5,14.09443269908386
Bluetooth speaker,Bose SoundLink Max Bluetooth Portable Speaker,329.0,,4.8,3200.0,Lenovo,21.0,Free delivery,,https://encrypted-tbn1.gstatic.com/shopping?q=tbn:ANd9GcS2ikWmrfkwvfprhQDPPGTPDbL99_708POsVNOHN29GA3XKjTT2I_VU7cXAnMKStHffpiEU-fWIhDSGHiAHBgFkeNC_7VjQ,Bose,Low,80.0,0.0,Excellent,High,38.74184899185534,0.10278038113089659,38.74184899185534,Low,384.0,9.696969696969697
Bluetooth speaker,Soundcore Boom 2-Plus Bluetooth Portable Speaker,169.99,,4.8,535.0,Soundcore Us,22.0,Free delivery,,https://encrypted-tbn2.gstatic.com/shopping?q=tbn:ANd9GcSbQuD4FEorj0Q443ny21fgSnRABehUmjOqePTtQdjYsu0oSJM4r4sCe_taBId67AXNvUZyxL2MrMtcNiBf5Rgh9un8wGrB,Soundcore,Low,79.0,0.0,Excellent,Low,30.163843973139848,0.3171455223880597,30.163843973139848,Low,379.2,3.1288379437394
Bluetooth speaker,JBL FLIP 6 Bluetooth Portable Waterproof Speaker,84.99,,4.6,12000.0,"Newegg.Com - Simple Cell, Inc",23.0,Free delivery,,https://encrypted-tbn3.gstatic.com/shopping?q=tbn:ANd9GcQ1Dw1WAgszXCyZVGFN1cfUHh4hUTKksZpoSrREIgpj_yfHwnqmqIijUVsA1sxslXNn9ozOUa-Bu2h1I8Vd9OQZGoodXCWyKDUYuiVSaaLOwuCI4tcrGwaw,JBL,Low,78.0,0.0,Excellent,High,43.206628189704624,0.007081909840846595,43.206628189704624,Low,358.79999999999995,139.55111059425516
Bluetooth speaker,JBL XTREME 5 Portable Waterproof Speaker,399.95,,4.8,302.0,Nfm,24.0,Unknown,,https://encrypted-tbn1.gstatic.com/shopping?q=tbn:ANd9GcRxrtoPZIgm3DDSwQ8-aJy5hYHy8wTysxJI4QTJl0-iKP8LmeCmE8oXElh0K1sIWGpQRWLjpqroHINzqBQDhMvnsQc6PzxLI3KrkkZ22lb2C0KcfSqGTYEOIQ,JBL,Low,77.0,0.0,Excellent,Low,27.425917466444968,1.3199669966996699,27.425917466444968,Low,369.59999999999997,0.753211123581494
Bluetooth speaker,Beats Bluetooth Pill Portable Speaker Wireless,99.95,,4.6,5000.0,Best Buy,25.0,Unknown,,https://encrypted-tbn1.gstatic.com/shopping?q=tbn:ANd9GcTK8wA_OjTB8Fn1luQTh3iVCVwrYL6Q5OD00HXT-HOXL0Ee_v0H3mkCvco2sSJ3PlXCG5anhIglc2n34IebYUnZwCctuKQoEbRdm9MBltg,Beats,Low,76.0,0.0,Excellent,High,39.18000858852696,0.019986002799440114,39.18000858852696,Low,349.59999999999997,49.52947003467063
Bluetooth speaker,Marshall Middleton II Bluetooth Portable Speaker,329.99,,4.7,340.0,Sweetwater,26.0,Free delivery by Thu,,https://encrypted-tbn2.gstatic.com/shopping?q=tbn:ANd9GcSzo6drDwUKxs6Euk3fWNtJgtYPFvOFlLlpe7RNcoOA31gxvquXnEEiuOvemEI0lobzSHOtBVAbtjkdKmUcxiH29YKZkvPd2g,Marshall,Low,75.0,0.0,Excellent,Low,27.40984764323253,0.9677126099706745,27.40984764323253,Low,352.5,1.027221366204417
Bluetooth speaker,House of Marley Jammin Bluetooth Speaker,24.56,,4.6,14.0,Home Depot,27.0,Free delivery,,https://encrypted-tbn3.gstatic.com/shopping?q=tbn:ANd9GcR1LKWz1nqqWeKEiP0cZeg6yd4XQiO5DLYAh5Y-nDLtQA0kT4wH50Z5wMIU0LDeJRKcQBJrb1KZxKMS4NUYhcFfc-PTGOqNkPATvuiZFB9GVehXEx_jJs6S8SRM,House,Low,74.0,0.0,Excellent,Low,12.457030925070166,1.6373333333333333,12.457030925070166,Low,340.4,0.5477308294209703
Bluetooth speaker,Sonos Roam 2 Portable Bluetooth Speaker,179.0,,4.2,7800.0,Wichita Furniture & Mattress,28.0,Unknown,,https://encrypted-tbn3.gstatic.com/shopping?q=tbn:ANd9GcRHg1mlWdqEr4ML5omhFNZW8LDoAziG6JlxOH6cEfNZJgDflWIEu1NNdiL91PedmWX8CybHNcvKcjbV_v8ihsRd8fs39eKZUA,Sonos,Low,73.0,0.0,Good,High,37.64043028027091,0.0229457761825407,37.64043028027091,Low,306.6,43.333333333333336
Bluetooth speaker,Anker Soundcore Select 4 Go Bluetooth Speaker,23.99,,4.9,8000.0,Target,29.0,Free delivery on $35+,,https://encrypted-tbn2.gstatic.com/shopping?q=tbn:ANd9GcTrpgQ_rLm9vkMosGQYd0xIihBoyN_YRn3w5NER6mSsGHbOi-kqERCH2hbwysUHCOXE_ooktGuAySmy8PllmsepUVm1eKjJ,Anker,Low,72.0,0.0,Excellent,High,44.03787688296561,0.0029983752030996124,44.03787688296561,Low,352.8,320.1280512204882
Bluetooth speaker,JBL CLIP 5 Portable Bluetooth Speaker,74.95,,4.8,8400.0,Best Buy,30.0,Unknown,,https://encrypted-tbn1.gstatic.com/shopping?q=tbn:ANd9GcT6vishX8RS7LasH8RTngl5b1PN5BRl0Yysy4ui0omRT3S3ZzAWIevDmRMd2HxLDmp0iz6ZKVMi4XFumAzl-pl1cr7G568W0MVn7vNS4RA,JBL,Low,71.0,0.0,Excellent,High,43.37330892175126,0.008921556957505059,43.37330892175126,Low,340.8,110.59907834101382
Bluetooth speaker,Logitech Z407 Bluetooth Computer Speakers,129.99,,4.5,2900.0,Dell,31.0,Free delivery by Fri,,https://encrypted-tbn1.gstatic.com/shopping?q=tbn:ANd9GcSgFfm4y41updgUVUpEWGFjEWII8wBSsMEzQErZSjs0uQp1sGG8i6zyZ1we-b5zM1r_Fx8YtFumN4S80dTAh82Nc_Q_eR9u,Logitech,Low,70.0,0.0,Excellent,Medium,35.87764852854632,0.044808686659772494,35.87764852854632,Low,315.0,22.13909458737308
Bluetooth speaker,IKEA KALLSUP portable Bluetooth speaker,9.99,,4.5,398.0,Ikea,32.0,Unknown,,https://encrypted-tbn2.gstatic.com/shopping?q=tbn:ANd9GcQVJSNnUxqMPU89a-t_LlYsuhgQSwnaheW59F_bgQJeHnbaEfPTIdVXjXsPDYMnbZzSJ687jG8HQEo5rbniAiqkWfkzL3Ik8jcLcP3cksRYToYpdKkcvT71,IKEA,Low,69.0,0.0,Excellent,Low,26.950326376004387,0.025037593984962407,26.950326376004387,Low,310.5,36.2147406733394
Bluetooth speaker,Onn Rugged Speaker with LED Lighting,34.88,,4.4,1500.0,Walmart,33.0,Unknown,,https://encrypted-tbn2.gstatic.com/shopping?q=tbn:ANd9GcSHHLhbQhPHZUjjAK5diwNv2ItBF0HmIb_gF0GiqgA5nTXrWv1fUnsijBiKO8y1suK13ywlzMFbkpThP3-xsZl3Nmie8kPyYvA5IhMKlUeH5JQuMeB4B51Y4g,Onn,Low,68.0,0.0,Good,Medium,32.18110205918723,0.023237841439040643,32.18110205918723,Low,299.20000000000005,41.80602006688963
Bluetooth speaker,Soundcore Motion Boom | Outdoor Bluetooth Speaker,109.99,,4.9,411.0,Soundcore Na,34.0,Free delivery,,https://encrypted-tbn3.gstatic.com/shopping?q=tbn:ANd9GcQwsXtHlSvIA2ovb1zwcfZqefP_84yJwHPFzN6KbA4sfk2Ur4VTL8sOoEyu-VksILBuvWN6mp9ow3GmMO3M80cZdE6Vj8xd,Soundcore,Low,67.0,0.0,Excellent,Low,29.503014411812682,0.2669660194174757,29.503014411812682,Low,328.3,3.7030363095774397
Bluetooth speaker,Edifier ES20 Portable Bluetooth Speaker,59.99,,4.9,396.0,Best Buy,35.0,Free delivery,,https://encrypted-tbn2.gstatic.com/shopping?q=tbn:ANd9GcTIdkoChRkfWRlPguutyH9lwn4OG-CTLGHBHuS9fHkzIvY_v-NoovnCEJRUe7U-0MZTHyXDAvawpnjBnxA_jnsS42sM3HTQdnxap0Co7PYo0n_GtRe_2ebM-Q,Edifier,Low,66.0,0.0,Excellent,Low,29.321287775367235,0.15110831234256927,29.321287775367235,Low,323.40000000000003,6.492867683226758
Bluetooth speaker,Sonos Era 100 Speaker,219.0,,4.5,25000.0,Listenup,36.0,Free delivery by Fri,,https://encrypted-tbn0.gstatic.com/shopping?q=tbn:ANd9GcTVTI7083YBUALcZNMbWLtvMj7H7qTjgDKAneZtT6beCEkoRzRSrUJrZSsnR1Zk05FqefdavjSo1D2vCvcm7m_HXGAb2Ax1iMG-J_pOm11ev3ej-BOt_hqy,Sonos,Low,65.0,0.0,Excellent,High,45.570019963726615,0.008759649614015439,45.570019963726615,Low,292.5,113.63636363636364
Bluetooth speaker,Klipsch The Three Plus Premium Bluetooth Speaker,299.99,,4.6,59.0,B&H Photo-Video-Audio,37.0,Free delivery by Wed,,https://encrypted-tbn1.gstatic.com/shopping?q=tbn:ANd9GcRhxYl7XghvKJcXiWCdLsXFKPtDCIQyLxJCBMGuQJjOt4-8OdbftONsAxpF_gXJJZQ_WAfWC-owKtQbL36AkHfvfRkXZTtIhEJgC6E7cGel,Klipsch,Low,64.0,0.0,Excellent,Low,18.83398498622166,4.999833333333333,18.83398498622166,Low,294.4,0.19601980132230307
Bluetooth speaker,Marshall Kilburn III Portable Bluetooth Speaker,379.99,,4.9,1400.0,Urban Outfitters,38.0,Free delivery,,https://encrypted-tbn2.gstatic.com/shopping?q=tbn:ANd9GcROmQWXcsBcj0KmOc5a7qeCH9v-dYhOfMw7s0hIpDh0mOa78NXhFNEeCPTY3G_VLPodXEtuBDqMx5qwaUpC-whjr7VUjMO5d387Ov78HMCMyPp6LREUuT2VNg,Marshall,Low,63.0,0.0,Excellent,Medium,35.50021357705133,0.27122769450392575,35.50021357705133,Low,308.70000000000005,3.6746371295834535
Bluetooth speaker,Divoom FlowToo All-Day Lifestyle Bluetooth Speaker,69.99,,5.0,2.0,Micro Center,39.0,Unknown,,https://encrypted-tbn0.gstatic.com/shopping?q=tbn:ANd9GcTJihGMMF-uNQBTyDRVxue6_seRjojk8j_8-VLmAJHA_e-iJ2EFMhWg86pzT6-8QKzNB-ueyQsC4YOadmguKSuTEDCSuRH9,Divoom,Low,62.0,0.0,Excellent,Low,5.493061443340549,23.33,5.493061443340549,Low,310.0,0.028172982110156362
Bluetooth speaker,Ultimate Ears WONDERBOOM 4 Bluetooth Speaker,74.99,,4.7,1600.0,Best Buy,40.0,Unknown,,https://encrypted-tbn0.gstatic.com/shopping?q=tbn:ANd9GcTikbdkT7kEVcAOzpsMFnjfrXb_82Am5_NYS_jl8QS-QLkbConZz24hdmfx1oh3KPs_A1CryXlvtmG6MPkqbVqm0eG_8NgoW8pcCCJbp6V3,Ultimate,Low,61.0,0.0,Excellent,Medium,34.678403451084556,0.046839475327920044,34.678403451084556,Low,286.7,21.055402026582446
camera,Kodak PIXPRO FZ45 Digital Camera,125.0,,4.1,1600.0,Best Buy,1.0,Unknown,,https://encrypted-tbn1.gstatic.com/shopping?q=tbn:ANd9GcSMUwJv-5S1_R9e_syZB3jNZWFV4nNC4TK33zWNytnos5vqvKM3iL5YHi8H8fJkkOUUEz7y0yJae_JeoPfhV8NNhzA7vMD1fwG4OmRw-gd2vxOW0ZWMmQDKmQ,Kodak,Low,100.0,0.0,Good,Medium,30.251373223286528,0.07807620237351655,30.251373223286528,Low,409.99999999999994,12.698412698412698
camera,Canon PowerShot ELPH 360 HS A Digital Camera,379.99,,4.5,222.0,Canon,2.0,Unknown,,https://encrypted-tbn2.gstatic.com/shopping?q=tbn:ANd9GcQA5723nqMt-85XFxa8mP21zE_Ck8-3Bo82rtzPUokQdQOO6a2XA-tMJCWlBS_hT03DNzW_Vy--vPwnusom01qwOukWsxuE,Canon,Low,99.0,0.0,Excellent,Low,24.332272971570536,1.7039910313901345,24.332272971570536,Low,445.5,0.5826924591196619
camera,DJI Osmo Pocket 3 Creator Combo,499.0,,4.8,6600.0,Walmart - Avc Photo & Video Specialty,3.0,Free delivery,,https://encrypted-tbn2.gstatic.com/shopping?q=tbn:ANd9GcQFXj41eFUirOTUpPaMGj1ci9UJWsKADATFnzHY-gPCL9FAHJIph-_j-ZFekq7mryYR2fZI71ngv7aTZYzazgMqgQM7uH-H18X8ybhpexoAE8o8aehnLYMg8A,DJI,Low,98.0,0.0,Excellent,High,42.2158868721061,0.0755946068777458,42.2158868721061,Low,470.4,13.2
camera,Nikon D7500 DSLR Camera,1050.0,,4.8,3500.0,Target,4.0,Free delivery,,https://encrypted-tbn0.gstatic.com/shopping?q=tbn:ANd9GcRd1XSyZITKuNke02yU6PidukguX0SiWbgtc1orNAyhEF-HuX0NtwVdMg-49ZKDANr3_g0Zaf0xshwi8sozCvtL3gt5VGqrOQ,Nikon,Low,97.0,0.0,Excellent,High,39.17185882058239,0.29991431019708653,39.17185882058239,Medium,465.59999999999997,3.330161750713606
camera,Sony a7 III Mirrorless Camera Body,1029.0,,4.7,4900.0,Mpb,5.0,Free delivery,,https://encrypted-tbn1.gstatic.com/shopping?q=tbn:ANd9GcSXeiqKAQVQEH2WJUU4Z6KFOnKEPzo3KBla99LfA-55DO58pPgIfLB6stCfthqXqcj5xevjQcK_zvkceHiWE25nhzW1mXv7IDr2WWJm-G1yC4I0gzjLjttrzw,Sony,Low,96.0,0.0,Excellent,High,39.93681436107487,0.20995715160171394,39.93681436107487,Medium,451.20000000000005,4.757281553398058
camera,Vivitar 4K Hybrid Optical Zoom Camera,179.99,,4.4,24.0,Best Buy,6.0,Free delivery by Tue,,https://encrypted-tbn3.gstatic.com/shopping?q=tbn:ANd9GcTtyQ0Ek0j1xpCiip2YRMbBxPzD6e5Wv7Y0F4P3MjGwO1SkpQ8lLwsJa9qsdCt5xknG2CyQGjByCWravnGWJDZSS98r7aeWtJE0n1Ahfso,Vivitar,Low,95.0,0.0,Good,Low,14.163053629420084,7.1996,14.163053629420084,Low,418.00000000000006,0.13260401127134094
camera,Canon PowerShot G7 X Mark III Digital Camera,879.0,,4.5,2500.0,Bedford Camera & Video,7.0,Free delivery,,https://encrypted-tbn2.gstatic.com/shopping?q=tbn:ANd9GcT8V1Vl3GAWpOA8-aXkUkE5zYuImRl2R68F_9w84PQvpPoTzRRq6feNv_U-Lp-rc5I27n07rpNF0Dpu5oZ0rTnZHNVHRfXclg,Canon,Low,94.0,0.0,Excellent,Medium,35.210006688949285,0.35145941623350657,35.210006688949285,Medium,423.0,2.840909090909091
camera,Kodak PIXPRO FZ55 Digital Camera,139.99,,4.6,2800.0,B&H Photo-Video-Audio,8.0,Free delivery by Wed,,https://encrypted-tbn0.gstatic.com/shopping?q=tbn:ANd9GcRpYIWA0rUKD7CaNzZ-zfZvvwN6yUCmpzOMDTdLTKGV7-GjF9ZlJMyKkkHaphqTB3xRxEIcVtQZ3yUbSO4F0i-uCfx0kFsR8xmY4rg0RaAp,Kodak,Low,93.0,0.0,Excellent,Medium,36.5135661661965,0.049978579078900395,36.5135661661965,Low,427.79999999999995,19.859564508121142
camera,"4k Dual-Lens Retro Digital Camera Portable Mini Vlogging Camera with Vintage Design for Travel, CCD Cameras with 16X Digital Zoom, Content Creators &",38.67,,4.5,0.0,Walmart - Qenashaing,9.0,Unknown,,https://encrypted-tbn2.gstatic.com/shopping?q=tbn:ANd9GcSeTa7agZG-FtTbkDJBOs46s4F-LH42jCwNWIZ_cAHK2MgeFKzWl1mxlBrSPXjEmLvTePQAoJp-cMjqMEJX7_d0b8TerWvOvdmz3H3zaVJHWLJVFQrEuDLSKQ,4k,Low,92.0,0.0,Excellent,No Reviews,0.0,38.67,0.0,Low,414.0,0.0
camera,Canon EOS Rebel T7 Camera,579.99,,4.7,8400.0,Lenovo,10.0,Free delivery,,https://encrypted-tbn3.gstatic.com/shopping?q=tbn:ANd9GcRlcOs0vuRRdy28oTZzsv9EfRterceXxZn04fMUtMcnV-X20C5jBXhqECLD4vLMiuf7lhPX1p_tTClDrzU1DwfToV2Sa63O,Canon,Low,91.0,0.0,Excellent,High,42.46969831921478,0.06903820973693608,42.46969831921478,Medium,427.7,14.458080173496962
camera,Kodak PIXPRO AZ425 Digital Camera,229.99,,4.3,252.0,Best Buy,11.0,Free delivery by Thu,,https://encrypted-tbn3.gstatic.com/shopping?q=tbn:ANd9GcSI6cUemva9-_ROtZMIvXTrISxfp_63_oRnwBMWmUINhEhgyAh5F3ZZaW93rxP32NKZNyig5BhlO2T7VfQKbaJ8SpMyPKX1OHe1K_cSpqc,Kodak,Low,90.0,0.0,Good,Low,23.793574801528337,0.9090513833992095,23.793574801528337,Low,387.0,1.0909563184553444
camera,Sony a6700 Mirrorless Camera with 18-135mm Lens,1898.0,,4.7,306.0,Macy'S,12.0,Free delivery by Sat,,https://encrypted-tbn3.gstatic.com/shopping?q=tbn:ANd9GcSlXseS8eT4D_qvOA7qIIVeuGCo7-i8vtp4ZMsvQPs-6LlaPu6fp0waMUNBE1sUwQ_AxHuMum7WxBXt4mZE_noTeU_yz9Ssildyr_8Otr_nTC3eWBdbK5Eb,Sony,Low,89.0,0.0,Excellent,Low,26.916184413659828,6.182410423452769,26.916184413659828,High,418.3,0.16113744075829384
camera,Canon EOS R50 V Mirrorless Camera with 14-30mm PZ Lens,799.0,,4.6,189.0,District Camera,13.0,Free delivery,,https://encrypted-tbn1.gstatic.com/shopping?q=tbn:ANd9GcTe84TSuGSUpJiHJDi2Ll6wqiN6sYUevHYxpTyZtLjRLc0NwqzmRAzPP27XDogwo3plyrFmK4niP6TKqLHLlN6n0OEMnSNDN-qIix_NJPfAANYx_xQEN1oGyQ,Canon,Low,88.0,0.0,Excellent,Low,24.136310731938234,4.205263157894737,24.136310731938234,Medium,404.79999999999995,0.23625
camera,Sony a6100 Mirrorless Camera with 16-50mm Lens,898.0,,4.9,247.0,Rockbrook Camera,14.0,Unknown,,https://encrypted-tbn3.gstatic.com/shopping?q=tbn:ANd9GcRvPdBdC0WCAuuM5g2CWdbgbaa8IXHDVWex1aeRiyK2L-7XE_oj73p8JXX-45g3XhfjlFtUq2ucMY102IxGU09MLCbx-2iGhlqKAPLz_nJ9lod60rJZYlzP_Q,Sony,Low,87.0,0.0,Excellent,Low,27.015800856208415,3.620967741935484,27.015800856208415,Medium,426.3,0.27474972191323693
camera,Olympus OM-D E-M1 Mark II Mirrorless Camera,644.0,,4.8,259.0,Mpb,15.0,Free delivery,,https://encrypted-tbn3.gstatic.com/shopping?q=tbn:ANd9GcQl3MLAr2ZgtKUqtbg8vam7vksgyXYKM0ZklLa-jseN2ZSq6L5aLZSapcg771SC-92QPr0ZQpjGL3ME3emjerOu7IqatY-02JwacG9H5rN-DZWaC7PxHsXvXh4,Olympus,Low,86.0,0.0,Excellent,Low,26.69127182887453,2.476923076923077,26.69127182887453,Medium,412.8,0.4015503875968992
camera,Canon EOS R100 Mirrorless Camera with 18-45mm Lens,549.0,,4.7,1200.0,Gigaparts.Com,16.0,Free delivery,,https://encrypted-tbn3.gstatic.com/shopping?q=tbn:ANd9GcQgda13vwUxjaI7oi9uaQJyZCKqnFJryqbCFNYBLaygW8tqsETC3R1Qe2kUhzDgBVYvb7ZQpcZi3tKXdXtKsFEQS1TyxfJa0gRpuFQGeARJusRplMoiHVRvgjs,Canon,Low,85.0,0.0,Excellent,Medium,33.32727616377593,0.4571190674437968,33.32727616377593,Medium,399.5,2.1818181818181817
camera,Nikon Z8 Mirrorless Camera,3596.95,,4.8,700.0,Best Buy,17.0,Unknown,,https://encrypted-tbn2.gstatic.com/shopping?q=tbn:ANd9GcR9rNafko4Xqw9vNzg4aDTGbkTs9gRXBMzWvIzzb7WFs-h6uygT8LY9CrlY0IBJ-URxjsCT_eIJuwkU0ImNFigzIfabzhfSNgkWnLXK7Ku1,Nikon,Low,84.0,0.0,Excellent,Low,31.45203785776603,5.1311697574893005,31.45203785776603,Very High,403.2,0.19455523284092333
camera,Xtra Muse Gimbal Action Camera,329.0,,4.8,253.0,Walmart - Airsnap Market,18.0,Free delivery,,https://encrypted-tbn3.gstatic.com/shopping?q=tbn:ANd9GcSxoXk2CS-CHtWCrqRJyHTI442ekH6rxLRUfvVNA-VPPMMwyG2gfNFhbIB9q4QncH3HX9CLQCbxa4NOzLdkFFLhJLQ96-b68x_n57wl4L3iDvn9wnQ6HFhhmA,Xtra,Low,83.0,0.0,Excellent,Low,26.579204481688976,1.295275590551181,26.579204481688976,Low,398.4,0.7666666666666667
camera,SONY ZV-E10 Mirrorless Camera,659.99,,4.6,1100.0,Deals All Year,19.0,Free delivery,,https://encrypted-tbn0.gstatic.com/shopping?q=tbn:ANd9GcTDnLZocl1kBO5cz2YOwJiNn9BdpKRXR5DShNO1JrwO_GKs6kCLK8XV69hD0DzxB-Ed_QUAxYOB8SO0434U-fDb4mEW-kOPYw,SONY,Low,82.0,0.0,Excellent,Medium,32.21828102892432,0.5994459582198002,32.21828102892432,Medium,377.2,1.6641704110500914
camera,Sony a6700 Mirrorless Camera,1364.24,,4.8,518.0,Excellentphoto.Ca,20.0,Unknown,,https://encrypted-tbn2.gstatic.com/shopping?q=tbn:ANd9GcT9ymSkv4qnmHJ9uSAWObRRuKccSzdhlsfwCmlywSY7YUHg3MNX7WFM6K9TAo_yM8dxTwXzplEAyVXT9iIOgNpjN7XzuFkTXA,Sony,Low,81.0,0.0,Excellent,Low,30.009138639196262,2.62859344894027,30.009138639196262,Medium,388.8,0.37942046819606806
camera,Leica M10 P Digital Rangefinder Camera,5179.0,,4.9,13.0,Mpb,21.0,Free delivery,,https://encrypted-tbn0.gstatic.com/shopping?q=tbn:ANd9GcSn0tfZveSjgdDp70vYGCrTUwnJokTswL9xRm4YyQcyfZ1mE3cjxDU09BXwto5mtSb39ItfiL6qI3rqTPDSisBik6FENZESnoo5mjgZqd2wv1BgcHOj57O6JA,Leica,Low,80.0,0.0,Excellent,Low,12.931380915114767,369.92857142857144,12.931380915114767,Very High,392.0,0.0025096525096525097
camera,Canon EOS R50 Mirrorless Camera,679.0,,4.7,2600.0,Macy'S,22.0,Free delivery by Sat,,https://encrypted-tbn0.gstatic.com/shopping?q=tbn:ANd9GcS6ra7yEKId4NQCwdgy__N47b7R-6QE4t8gIP1ir_ul_Wahcs9DsUyzkXgOfza651XIi75-DF_Q9XREuX_QnHsYDLqT44rQo81MC8vMS-A2ezsYt8m_02vPkQ,Canon,Low,79.0,0.0,Excellent,Medium,36.959160947608666,0.26105344098423683,36.959160947608666,Medium,371.3,3.823529411764706
camera,Sony a6400 Mirrorless Camera with 16-50mm II Lens,998.0,,4.7,122.0,Best Buy,23.0,Unknown,,https://encrypted-tbn1.gstatic.com/shopping?q=tbn:ANd9GcRfZDBnq6ELAqfJbPt9lFQ2kQy4PsmynTzhoUrdG8oYqIR4yWSVrgNRHmcyA0iUOZTSF2KcsMPHblk9LAUVzoc-8EsZL72GV_y3Vo-DQ_s,Sony,Low,78.0,0.0,Excellent,Low,22.61726647025036,8.113821138211382,22.61726647025036,Medium,366.6,0.12212212212212212
camera,Panasonic LUMIX G100D Mirrorless Camera with 12-32mm Lens and Tripod Grip,647.99,,4.5,53.0,Shop Panasonic Usa,24.0,Unknown,,https://encrypted-tbn1.gstatic.com/shopping?q=tbn:ANd9GcRmy2nkuVmyYx6hn3f2Pu86HLW4-YKP6uys80XDpMj7sywraS4I3YGig9dw--WaazxuYUEwZKueKMnYttn4cv4d8sO0cw7Wx4aMowbD68YSQTveGXzk1mMd,Panasonic,Low,77.0,0.0,Excellent,Low,17.950428209539236,11.999814814814815,17.950428209539236,Medium,346.5,0.08166535693924405
camera,"Dji Osmo Pocket 3 Creator Combo, Vlogging Cameras with 1'' Cmos, 4K/120fps Vlog Camera, 3-Axis Stabilization, Face/Object Tracking, Mic Included for",498.89,,5.0,8.0,Walmart - Milky Tech,25.0,Free delivery,,https://encrypted-tbn0.gstatic.com/shopping?q=tbn:ANd9GcRlZpdvX0Rn4DfCYBg9Xgyl4l51TTI40CZSLGbGOoeVyoaO9T-OdUTRzbBV4wWVbh5Cfx868vAmGr_jtNzBvJgS5SC3KF3vEA,Dji,Low,76.0,0.0,Excellent,Low,10.986122886681098,55.43222222222222,10.986122886681098,Low,380.0,0.016003520774570405
camera,Canon EOS R6 Mark II Mirrorless Camera,1999.0,,4.8,2000.0,Canon,26.0,Unknown,,https://encrypted-tbn3.gstatic.com/shopping?q=tbn:ANd9GcQ8ZzN-FAFH9P77UsxUmB1G7pnopZ6kvZHVXnXRMfJhIRJ83-ne-AT9HdDahr_bG_snIvvj0Aym19-zfitJleAu-DMqhO6t,Canon,Low,75.0,0.0,Excellent,Medium,36.48673120600192,0.999000499750125,36.48673120600192,High,360.0,1.0
camera,Canon Digital Rebel XT DSLR Camera with EF-S 18-55mm f/3.5-5.6 Lens,122.19,,4.7,97.0,Acephoto.Net,27.0,Unknown,,https://encrypted-tbn3.gstatic.com/shopping?q=tbn:ANd9GcSjQS58nZUirOXdY-Dk1qqsMnRc2JGLIgjYUnHKoZtxs4clLdIrnRl5hgd7ap66GbEeqkJ7FecjH5itpoOuaHCpdcPglX0oiQ,Canon,Low,74.0,0.0,Excellent,Low,21.54934714975169,1.2468367346938776,21.54934714975169,Low,347.8,0.7874015748031497
camera,"PRIMEPLUS Digital Camera, FHD 1080P Digital Point and Shoot Camera with 16X Zoom Anti Shake",89.99,,4.5,0.0,Best Buy,28.0,Unknown,,https://encrypted-tbn1.gstatic.com/shopping?q=tbn:ANd9GcSR66uaH1FG_Q2sm8HXOqVPhkTbgfxdiIj3BoBplKZtQ_fsLsLEBJ4x-Qr1jLqb3KY8KAPxUzDmOcgx6sZT0TweTGsMC7svq_Qn0d0u18OmG2uPd-jzr_Di0g,PRIMEPLUS,Low,73.0,0.0,Excellent,No Reviews,0.0,89.99,0.0,Low,328.5,0.0
camera,Insta360 X3 360 Action Camera,299.99,,4.7,2100.0,Bhphotovideo.Com,29.0,Unknown,,https://encrypted-tbn0.gstatic.com/shopping?q=tbn:ANd9GcR69ZcE-xREmLbR2iGNB1SgYQlM3BZIyXliPVxtScqevCrj8aApOsS6SsQ_mJYSqFmn7GDPCrB4CLtAUAZKJhgSSCIPLKUCSg,Insta360,Low,72.0,0.0,Excellent,Medium,35.955792893971505,0.14278438838648264,35.955792893971505,Low,338.40000000000003,6.976975979268414
camera,FUJIFILM X-S20 Mirrorless Camera Lens,1364.96,,4.8,300.0,Excellentphoto.Ca,30.0,Unknown,,https://encrypted-tbn2.gstatic.com/shopping?q=tbn:ANd9GcRT-WilaMm7MgwPr-YYHXhmYOxju81KsT7cWnll4t-w8Ct1jVnXnWaKOosolOuhpo6jJHSeE277K1L0MPVzZlATMoitedItAhpRjW-7cygTY4JNQdXCOOdoOA,FUJIFILM,Low,71.0,0.0,Excellent,Low,27.3941292707946,4.534750830564784,27.3941292707946,Medium,340.8,0.21962575770886408
camera,Sony Alpha a7R II Mirrorless Digital Camera,714.0,,4.7,1100.0,Mpb,31.0,Free delivery,,https://encrypted-tbn0.gstatic.com/shopping?q=tbn:ANd9GcQeijFIME5oW2TEetAHQY4FR6JCxxyxwhQERxb2PJwYC_FU81AG2-gdhAsjObkGg-5jHyELQPTbrR5BmUNgASl5PdqGwz3jMCNRHTMOJ3s,Sony,Low,70.0,0.0,Excellent,Medium,32.918678442596594,0.6485013623978202,32.918678442596594,Medium,329.0,1.5384615384615385
camera,Kodak PIXPRO C1 Compact Digital Camera,99.95,,4.5,491.0,Walmart - Redtagcamera,32.0,Free delivery,,https://encrypted-tbn0.gstatic.com/shopping?q=tbn:ANd9GcTXili_fXYSl2S43TY85GDUnkMfRIw3oDcqOi3e60jUKStJvwfAXvXxi8qO_2BORUwNr1FyasHhCMNiZR7M6S2FUPy7G1-YAc1eUpy9JIVM2-X_0-m6zWpmXpft,Kodak,Low,69.0,0.0,Excellent,Low,27.893154224215387,0.20315040650406505,27.893154224215387,Low,310.5,4.863793957404655
camera,Canon EOS R50 V Mirrorless Camera,569.0,,4.0,44.0,District Camera,33.0,Free delivery,,https://encrypted-tbn1.gstatic.com/shopping?q=tbn:ANd9GcRwzjtRyuxKSyzTDf3-0b43uX_txcv3q9GCkuul1UqVbEEhgeFg7vi8ZJMaNLCy2ueU8JKMriYO-bow07z58dVOjUbPFlw-5Q,Canon,Low,68.0,0.0,Good,Low,15.226649959081278,12.644444444444444,15.226649959081278,Medium,272.0,0.07719298245614035
camera,Sony Alpha a6400 Mirrorless Camera,898.0,,4.7,1200.0,Best Buy,34.0,Unknown,,https://encrypted-tbn0.gstatic.com/shopping?q=tbn:ANd9GcRRAl-HZ9PR6vqMISSbJYFtJnexU7PJdwn_CVUbZnkiIbBioIi-rjBP33ETeMu7zmtzZNbK4MejdrxOf68zlBLH9jnwjFX0UZaYxaaIlWFk,Sony,Low,67.0,0.0,Excellent,Medium,33.32727616377593,0.7477102414654455,33.32727616377593,Medium,314.90000000000003,1.3348164627363737
camera,Minolta MN4K40NV 4K Ultra HD 16x IR Night Vision Video Camcorder,199.0,,4.0,41.0,Macy'S,35.0,Free delivery by Sat,,https://encrypted-tbn2.gstatic.com/shopping?q=tbn:ANd9GcT6Ip6pOKJZzvbYFu5BSetKAMIjmCAcPAwlRH_uU6Kq-Tt7fkyGfC9p4VP57Q2CJTD3pihi0Czj9frGM7eyKtI3OOPYqJ_mDO8Eze4zYYxKzGGeWuFn06zqShCN,Minolta,Low,66.0,0.0,Good,Low,14.950678473133474,4.738095238095238,14.950678473133474,Low,264.0,0.205
camera,Sony a7 V Mirrorless Camera,2898.0,,4.9,186.0,Newegg.Com - Datavision,36.0,Free delivery,,https://encrypted-tbn1.gstatic.com/shopping?q=tbn:ANd9GcQ8NzV7Fa5LYmOM6zHfUx2YlU-FW2VEbq9Rk7Wfu6d2c2xgJYYPBhr-EDsA3wYoW-JVq7WfgFAs5nGrBwHpu_ibuNhlme_6kSIHOYcm2JhJDkl-THfHQItRZBM,Sony,Low,65.0,0.0,Excellent,Low,25.63243222258748,15.497326203208557,25.63243222258748,High,318.5,0.06416005519144533
camera,Canon EOS R8 Mirrorless Camera with RF 24-50mm F4.5-6.3 IS STM Lens,1549.0,,4.7,435.0,Fort Worth Camera The Print Refinery,37.0,Unknown,,https://encrypted-tbn0.gstatic.com/shopping?q=tbn:ANd9GcQjoZKIbQczDvNtCNloUULQQlNJqrCjPmvlo128Cw1sZaZyejgDeYJl4-mLlBN089kkOrE-5YbiuyJDiVtubhVIVwCOEDFW5L4usm9MvHFzU7D65tWHWKHj,Canon,Low,64.0,0.0,Excellent,Low,28.56491854374046,3.552752293577982,28.56491854374046,High,300.8,0.2806451612903226
camera,Nikon Z fc Mirrorless Camera with 16-50mm Lens,1146.95,,4.7,226.0,Focus Camera,38.0,Free delivery by Fri,,https://encrypted-tbn3.gstatic.com/shopping?q=tbn:ANd9GcSlItwSbwY_aYvRsVV8UTSHyUVykg9dL86xhCTKCF7w9VKUvn0SLnqxKC0DuF2OCUye9SCDEVrtiO6XLPiaV6DNo886vDAk_QIOuQsUKd89YgHNFCMQA8hAOA,Nikon,Low,63.0,0.0,Excellent,Low,25.497265082162595,5.052643171806167,25.497265082162595,Medium,296.1,0.19687268609259984
camera,Canon EOS Rebel T8i Camera Body,588.0,,4.4,36.0,Keh.Com,39.0,Free delivery by Thu,,https://encrypted-tbn3.gstatic.com/shopping?q=tbn:ANd9GcQRosfhxRf9VPqM_PJv60lbuVvefWKVWMsJYwYpSAqMNLgF4VYUA_I8zwIf0xv07Z6YW1b63RgTkMXD_g5HCooF1xvY3UBXcHNSawLWlVKeMDAXnEcuXyIQwQ,Canon,Low,62.0,0.0,Good,Low,15.888038815634589,15.891891891891891,15.888038815634589,Medium,272.8,0.06112054329371817
camera,Canon EOS R6 Mark III Mirrorless Camera with RF 24-105mm Lens,3149.0,,4.7,85.0,Best Buy,40.0,Free delivery by Thu,,https://encrypted-tbn1.gstatic.com/shopping?q=tbn:ANd9GcQDmfydGwbOXjpF3ttPKDKhzn5GGff2nPtWs5b185ICZssI1rR8LQuQN2oZdNXSa941R4fOg6YekW_2_gpeTAkm1OhgV0thRg1xxDrFI1EQ2blwqTgyjcRMM2w,Canon,Low,61.0,0.0,Excellent,Low,20.935432292391486,36.616279069767444,20.935432292391486,Very High,286.7,0.026984126984126985
smart TV,Pioneer Class LED 4K UHD Smart Roku TV,149.99,,4.7,1700.0,Best Buy,1.0,Free delivery by Tue,,https://encrypted-tbn1.gstatic.com/shopping?q=tbn:ANd9GcQkKDSewVGZp6AeMUJJ-Xcx751NMnZ6LrDlxt8ZhOVs3eG5OvO4UZ-Xck6tTbEEK0uH-FX6fAnhXCX5i8V7aISn0M5kQ__bHG2nqcG-Z5uOf0vuiqlDMmYb,Pioneer,Low,100.0,0.0,Excellent,Medium,34.963166484260555,0.08817754262198707,34.963166484260555,Low,470.0,11.259023776409032
smart TV,Insignia Ns-32f201na26,30.0,,4.4,2200.0,Serigrafia.Eus,2.0,Unknown,,https://encrypted-tbn1.gstatic.com/shopping?q=tbn:ANd9GcQBcrs2UzIIUc9GGaP2JIEbt1fZbH6xHWuW9Hhvryi1TI4RGU3VqcsRiBalxY_tyafmUGc2QfSHSTrkV6e-WaUq1A19yH_GzlFJMmcqX45Wy7OhsWhS9gyS,Insignia,Low,99.0,0.0,Good,Medium,33.865335158716434,0.013630168105406633,33.865335158716434,Low,435.6,70.96774193548387
smart TV,Vizio Class Quantum HD Qled Smart TV,77.0,,4.1,139.0,Walmart,3.0,Free delivery,,https://encrypted-tbn3.gstatic.com/shopping?q=tbn:ANd9GcTR-qqECFfJ8eubHLtkG8UlHpkSNU_AxAAyN2XFG8pGDAEkhaITpG2LnliIIgbPjMjNK2wN2rQvNE5Hz33Gf3Bs1zyKZB9O,Vizio,Low,98.0,0.0,Good,Low,20.260733932698145,0.55,20.260733932698145,Low,401.79999999999995,1.7820512820512822
smart TV,Roku Select Series HD LED Smart TV,129.99,,4.5,954.0,Roku,4.0,Free delivery,,https://encrypted-tbn3.gstatic.com/shopping?q=tbn:ANd9GcTBXpk6Mc0Q_j-aUB3A1SREZdGfL2MDccg3vRlQTwMJbogJdMWCSvkVhWbr-QCUCFiJK5E0-yfsgmQAnv4tV6f5Xql-jdbPv2nX1XC6sjyReFk95F1PPkDtbQ,Roku,Low,97.0,0.0,Excellent,Low,30.877701032163287,0.1361151832460733,30.877701032163287,Low,436.5,7.282998702191007
smart TV,LG C6 OLED evo AI Smart 4K TV,1499.99,,4.8,5500.0,Lg,5.0,Free delivery,,https://encrypted-tbn0.gstatic.com/shopping?q=tbn:ANd9GcTbPTez2JbJrZqw3Zz28r_zdGiBeD7f7bzl6CsW8SGsrIkKmJSSLYzJIqcGudtUEA4NaRYvtILgHYad8RetfGs93l6w6jG_0-Gc85id2Jvtt2yQk3Gh2mg8Xg,LG,Low,96.0,0.0,Excellent,High,41.3408888298022,0.27267587711325214,41.3408888298022,Medium,460.79999999999995,3.66424826281321
smart TV,Samsung OLED 4K S85F Smart TV,936.99,,4.7,2300.0,Quill,6.0,Unknown,,https://encrypted-tbn3.gstatic.com/shopping?q=tbn:ANd9GcSjMXU25-IMDB2rm_3CS--LK5zebsKYXU0nYTeBBhrXpbCfHcL4uL2LiwvynXBlmejiOS5SrdF13TJNo14ewDHxhPYo_E8892ojT27GyfVl,Samsung,Low,95.0,0.0,Excellent,Medium,36.38316572316622,0.40720990873533247,36.38316572316622,Medium,446.5,2.4520517276303586
smart TV,"Westinghouse 24"" 720p Roku Smart TV",79.99,,4.7,7800.0,Bj'S Wholesale Club,7.0,Free delivery,,https://encrypted-tbn2.gstatic.com/shopping?q=tbn:ANd9GcQWyVEVkvJ9tmbx-16PImZqL-_W2QFFd1u3G56gKm7tFXqwMMPB3SUC3Z3z4XgnQSka8pF_4wzGMdH19DXhCbC05yBgiAqiJwycXPEETBpHhgswtdSMFhwrv4A,Westinghouse,Low,94.0,0.0,Excellent,High,42.12143388506507,0.010253813613639277,42.12143388506507,Low,441.8,96.30818619582665
smart TV,Insignia Class F50 Series LED 4K UHD Smart Fire TV,149.99,,4.7,1700.0,Best Buy,8.0,Free delivery,,https://encrypted-tbn1.gstatic.com/shopping?q=tbn:ANd9GcQIAMTk8KwTq3s9_N5VJUB6jG3rjQiyiX-AN-WGB7aVMNJipmv6B50LT9KBIyBryTPjr3V91TdV7cOA9g5NIDrBEqu2Azor0jCnmGp2yPlM3OW_KgwzmDk38Q,Insignia,Low,93.0,0.0,Excellent,Medium,34.963166484260555,0.08817754262198707,34.963166484260555,Low,437.1,11.259023776409032
smart TV,Hisense 40-Inch Class H4 Series FHD Roku Smart TV 1080p Full HD LCD Screen,138.0,,4.0,11000.0,Walmart,9.0,Free delivery,,https://encrypted-tbn3.gstatic.com/shopping?q=tbn:ANd9GcTU41_QtpT46-m1Zy8rOderCCGe_1X_tv2J3veCxd6Chy2KIjxFO756Tzc47IktgLR0BdCPItLJgK6m16sveohvOhf3S0V8Y-F5AFD2jC3a-aAoFpgndjQq,Hisense,Low,92.0,0.0,Good,High,37.22296582695774,0.012544314153258795,37.22296582695774,Low,368.0,79.13669064748201
smart TV,TCL 4K UHD QM5 Series Mini LED Smart Roku OS TV,299.99,,5.0,1.0,Target,10.0,Free delivery by Sat,,https://encrypted-tbn1.gstatic.com/shopping?q=tbn:ANd9GcQuGPEG5fDQ8Ae5aKSopQ3J1ltySNhwRAFS6bdhj1VnXKGMDOsOjBsdZPr7BfSku7SFA65DOUr6-ky82d-0cGBX1P12DDqY,TCL,Low,91.0,0.0,Excellent,Low,3.4657359027997265,149.995,3.4657359027997265,Low,455.0,0.00332236951393734
smart TV,Sony BRAVIA 7 II True RGB 4K HDR Google TV with Gemini,2298.0,,4.5,147.0,Electronic Express,11.0,Free delivery,,https://encrypted-tbn1.gstatic.com/shopping?q=tbn:ANd9GcTFQLpiCQcW802kRlwuTpYs_UA6jHvJdcctcFL4e_AoOqj6IaLXh5oSMxHM8MbkWvUSRWvyxKZ4-6j24r87BXUEnklk7lbeS3xZ3FjIbtFQ,Sony,Low,90.0,0.0,Excellent,Low,22.487455231938515,15.527027027027026,22.487455231938515,High,405.0,0.06394084384515007
smart TV,Samsung S90H 4K OLED Vision AI Smart TV,1497.99,,4.8,576.0,Home Depot,12.0,Unknown,,https://encrypted-tbn2.gstatic.com/shopping?q=tbn:ANd9GcReGKZDg8jtbS2NnsZ04_a5SdsmXf9-Ord8CgC8MUTRze79bGaamr9wOjaKbjNmyh__2o-b0Wy_UKkecfiftnW5Z0yOsRlDxAmm1tTmUD06VyxTbjQCfDvZsQ,Samsung,Low,89.0,0.0,Excellent,Low,30.517642879238878,2.5961698440207974,30.517642879238878,Medium,427.2,0.384258734214371
smart TV,Onn Class 720p HD Powered by Vizio Smart Television,78.0,,4.0,8700.0,Walmart,13.0,Free delivery,,https://encrypted-tbn1.gstatic.com/shopping?q=tbn:ANd9GcQjqU6ACyIBb3eKFqxlIfVzI9QdPTa_agUBR-PTjdUlu08Jn-HHaYpQLu9yBbZucdLseuY_xEJqcp8Fglv1j6_KzNMTncvsqopo481gLsQ-qgePrjicKu3q,Onn,Low,88.0,0.0,Good,High,36.2847729622641,0.008964486840593035,36.2847729622641,Low,352.0,110.12658227848101
smart TV,"Pioneer 40"" Class LED Full HD Smart Roku TV",119.99,,4.7,521.0,Best Buy,14.0,Free delivery by Tue,,https://encrypted-tbn1.gstatic.com/shopping?q=tbn:ANd9GcQrvghC9V2husdDThJOVOGR6NHAk6pbGzJCimB6_KpD925CMPKrGFQdOADd-L9H4FVJhf_JdrXxlbd3U7k_PXVTgMcQ6O_l9c1cwB5K7AagNB_F3Yh2SyreGQ,Pioneer,Low,87.0,0.0,Excellent,Low,29.411037663048404,0.22986590038314175,29.411037663048404,Low,408.90000000000003,4.30614100338871
smart TV,LG Class Nano 4K UHD AI NU70 Smart TV,299.99,,4.7,95.0,Brandsmart Usa,15.0,Unknown,,https://encrypted-tbn0.gstatic.com/shopping?q=tbn:ANd9GcSFce_5vaKbUwcdDCB3a_2f_Tn8LvDczc6m1mwxiZe1-yYxoPmIb2mYyUiKKK8oi5mX45-BuMDQq5ljy1oGFVFwG4-gBBeQxw,LG,Low,86.0,0.0,Excellent,Low,21.45243649989883,3.1248958333333334,21.45243649989883,Low,404.2,0.3156251038240473
smart TV,Roku 43 Inch Class Select Series 4K LED Smart TV,179.99,,4.8,1800.0,Target,16.0,Free delivery by Sat,,https://encrypted-tbn3.gstatic.com/shopping?q=tbn:ANd9GcSXIm5T6QCfgynGe07eMe5MDZCheIkK26O8xY-dwrXUUfozhvntqUDXisMtr_19RTiAzxEk930uWx44GjuNzeKvaR7a0J6F,Roku,Low,85.0,0.0,Excellent,Medium,35.98126725684459,0.0999389228206552,35.98126725684459,Low,408.0,9.945300845350571
smart TV,Samsung M70H Mini LED 4K Smart TV,599.99,,4.5,852.0,Samsung,17.0,Free delivery,,https://encrypted-tbn2.gstatic.com/shopping?q=tbn:ANd9GcStUm8fKgjE2Q7o-iWYaYfl8O3N-2b06npAx6rDkrILVmWHHp9eqIa9Azq509WuHZVREsNiCTXDJsD9QoJg6fNzAXvk6UqSovpvW-MpeU_j9LGoYpN9nopx,Samsung,Low,84.0,0.0,Excellent,Low,30.369417963712557,0.703388042203986,30.369417963712557,Medium,378.0,1.4176608595816902
smart TV,Philips 32 inch Class HD Google Smart LED TV,148.0,,4.1,52.0,Walmart,18.0,Free delivery,,https://encrypted-tbn3.gstatic.com/shopping?q=tbn:ANd9GcQw8Cufztm3T8s_qoEIjiiOWXCb7ldB6rro8r52_lKC0pcN6nw1ukkklxanx7DJXYoAWwcs7HE2fN0Trg3xnt42OV0UayiC-1fUCVfyZeYXRz3B-svv23gW,Philips,Low,83.0,0.0,Good,Low,16.2781968455637,2.792452830188679,16.2781968455637,Low,340.29999999999995,0.348993288590604
smart TV,Samsung Class Crystal UHD U7900F 4K Smart TV,329.99,,4.4,15000.0,Best Buy,19.0,Free delivery by Wed,,https://encrypted-tbn3.gstatic.com/shopping?q=tbn:ANd9GcSN4Wd-hutmeAdIW8DLkYuLT5gwLOJN9wtCE2CbSEVrJ6jLxIv7Rve905uRyx8J2GNMDXQblGFck5gEbW6rHyGBli8bHwplbvgswY7O98C2bw9-b_XtPpKWLw,Samsung,Low,82.0,0.0,Good,High,42.309837435927115,0.02199786680887941,42.309837435927115,Low,360.8,45.31858968548899
smart TV,Westinghouse 4K UHD Xumo Smart TV,244.79,,4.8,34.0,Macy'S,20.0,Free delivery by Sat,,https://encrypted-tbn0.gstatic.com/shopping?q=tbn:ANd9GcTxTq51BdS9J9dBo7tbAGySknsMhbg9Set2G5fae0ID9D4HbG7dE6QxJ9sQCYA_Zpf_vJRVdwLWho47sOttQevyoRWpvmpkxxf0nl57eT4OZ8rgV9YbyYUk,Westinghouse,Low,81.0,0.0,Excellent,Low,17.065670695149183,6.994,17.065670695149183,Low,388.8,0.13832946824525003
smart TV,Hisense Class U8 Series 4K Mini-LED QLED UHD Smart Google TV,479.6,,4.7,698.0,Serigrafia.Eus,21.0,Unknown,,https://encrypted-tbn0.gstatic.com/shopping?q=tbn:ANd9GcQkHzrtP9CH02GvzkHP22iPDkcGGgP1F2vibMEJTvA4a5ymd5FLzbMm7LeG99hPq6I5UZBUts9djjag09VWIw7xHjSXkr94aczY8QwDFDrMiU1X4AqakJ3_EQ,Hisense,Low,80.0,0.0,Excellent,Low,30.78335848849891,0.6861230329041488,30.78335848849891,Low,376.0,1.4523512276321264
smart TV,Samsung M70H 4K Mini LED TV,330.35,,4.5,1400.0,Staples,22.0,Free delivery by Wed,,https://encrypted-tbn2.gstatic.com/shopping?q=tbn:ANd9GcSFzn-TBXxjlyhS5yLF9Lf-KTlc-UWCbmTKCmO0vfEDB0M8-Kn_5O366xIpODGdIMlnlWv-bZbfi8OxBaz6keIwtJFomEBts3o63323RXm2eOWIFaz9zNCMuw,Samsung,Low,79.0,0.0,Excellent,Medium,32.60223695851653,0.23579586009992864,32.60223695851653,Low,355.5,4.225139580503998
smart TV,"VIZIO 32"" HD Smart TV",78.0,,3.8,1700.0,Walmart,23.0,Free delivery,,https://encrypted-tbn2.gstatic.com/shopping?q=tbn:ANd9GcQ7sCdNZM90m0WQPtcR902jmO_xbIf96IqoIoVAjziJYfm_mj5DDElHzRzWz0x9SMatgN2PkCnsJb7bMzC4Q5wPgGR0Ez4SzQ,VIZIO,Low,78.0,0.0,Average,Medium,28.268092051104272,0.04585537918871252,28.268092051104272,Low,296.4,21.518987341772153
smart TV,TCL Class QM5K Series 4K UHD HDR QD-Mini LED Smart TV with Google TV,449.99,,4.7,2500.0,Best Buy,24.0,Free delivery by Wed,,https://encrypted-tbn2.gstatic.com/shopping?q=tbn:ANd9GcRx2bK8q7iNoMg5qPdxLNlvE_iKnSGhBxDLIFCn0-dJR9Fmzpaz6AyF9profZJaoXTBUqj-bspYJmHvF7QWGc_3w_R0PuuqMa1rVH6w4AB1tVHvCKmy6fTm,TCL,Low,77.0,0.0,Excellent,Medium,36.77489587512481,0.17992403038784485,36.77489587512481,Low,361.90000000000003,5.543360163196523
smart TV,"LG 24"" HD LED Smart TV Monitor with webOS",169.99,,4.5,635.0,Jetson'S Appliance,25.0,Unknown,,https://encrypted-tbn2.gstatic.com/shopping?q=tbn:ANd9GcRkHwvRV6t3SJ44T8JBJP14I_pgKCV-dHrR5EnZ9LQ9xS-J9Ts5gn9NwAV7F1176NhLM7mZQegCw7Y7lmzxZSkzS1J9VLpLZiGZqFzBv1WOObPkwwkzi6P3_Q,LG,Low,76.0,0.0,Excellent,Low,29.04839353503055,0.2672798742138365,29.04839353503055,Low,342.0,3.71366746593368
smart TV,Samsung S85H OLED 4K Smart TV,1199.99,,4.8,249.0,Samsung,26.0,Free delivery,,https://encrypted-tbn1.gstatic.com/shopping?q=tbn:ANd9GcRCSSC9YNoVwQa2wl66qDb4qdFIWD_JRIGfacuZUg9vRGQ5k-57p6AGyIey37nywjbpL17B-2Sdd27KwSBJrsen8TfiSKZpLGF81q53Wp89U6mzETlkQZBG,Samsung,Low,75.0,0.0,Excellent,Low,26.50301240573878,4.7999600000000004,26.50301240573878,Medium,360.0,0.20732895361326906
smart TV,"Samsung 50"" Class - U8000H Crystal UHD Series - 4K Smart TV",262.99,,4.9,15.0,Costco.Com,27.0,Free delivery,,https://encrypted-tbn1.gstatic.com/shopping?q=tbn:ANd9GcR8fHShvfvkhrZLNloVuScyyDokaQItIezHpqEuWoHV8hLQ49Pc-d_mnxyHfVnMwhCtoWSddBOksFN59B3ZxGwD9ZFMm1UF7A,Samsung,Low,74.0,0.0,Excellent,Low,13.585684738974928,16.436875,13.585684738974928,Low,362.6,0.056820334103564525
smart TV,Hisense M7 Mini-LED Qled 4K UHD Google Smart TV 75m7sg,568.0,,4.4,121.0,Walmart,28.0,Free delivery,,https://encrypted-tbn1.gstatic.com/shopping?q=tbn:ANd9GcTzgFljuQhmxlsW1dBFQjhviHPm--ZHDAlN3uFQ0BCO9KYpgv-LgCVqfPTcRTTxvV6O-r6TI7a369Z_OKWKgWiQo9gS4r_xUBHS4uA7uBl_4Uz_QdwNraq_,Hisense,Low,73.0,0.0,Good,Low,21.13769259682633,4.655737704918033,21.13769259682633,Medium,321.20000000000005,0.2126537785588752
smart TV,Insignia Class FE Series LED Full HD Smart Fire TV,79.99,,4.6,1500.0,Best Buy,29.0,Free delivery,,https://encrypted-tbn2.gstatic.com/shopping?q=tbn:ANd9GcTJTL2Cknpc0a1p2fw0SY_zSU_TcP6ZoV4ewZYMI8tHpsAIQeVpLFww3JYO4JAtA8X0uSwk_KL_C-6nxQ8kaJ_sRAktS5UV9OZ8Pnb0ETs-OOFXPHvaLx079Q,Insignia,Low,72.0,0.0,Excellent,Medium,33.64387942551392,0.053291139240506324,33.64387942551392,Low,331.2,18.52080503765897
smart TV,Samsung The Frame 4K Smart TV,597.99,,3.9,1300.0,Macy'S,30.0,Free delivery by Sat,,https://encrypted-tbn1.gstatic.com/shopping?q=tbn:ANd9GcQBNPOGcGUkNPRIkCQWZFkv_9b4eheQ4xp2w-UE0pqTdP3B7xsWcSBUpKV5GukxHCWj-uRKhfosbe8jx1QPpUVBnoP9fWoADDu134Umk_ZdDaAgrVt06lMKig,Samsung,Low,71.0,0.0,Average,Medium,27.96646506619877,0.45963873943120676,27.96646506619877,Medium,276.9,2.170320038731865
smart TV,"Samsung F6000F 40"" Full HD LED Smart TV",199.99,,4.5,8500.0,Staples,31.0,Free delivery by Wed,,https://encrypted-tbn1.gstatic.com/shopping?q=tbn:ANd9GcTChpYJfbI-UPFgPt8qLfKYdcI0v8XFHbSkyTBFFqV-gZaTKwt73cb4t9dgxGTlyzVueaVXeq0bDJGLnctbgXzj3-Q7iFWTY6feV4oqUCpC-rvao6FE50PL,Samsung,Low,70.0,0.0,Excellent,High,40.71572587177812,0.023525467592047995,40.71572587177812,Low,315.0,42.29066122692671
smart TV,Samsung Class M70HD Series Mini LED 4K UHD Smart Tizen TV,297.99,,4.5,726.0,Bj'S Wholesale Club,32.0,Free delivery,,https://encrypted-tbn2.gstatic.com/shopping?q=tbn:ANd9GcSFhXJwCocbYQPDCMLMImVpjJ3qQRs4xqqmyE6ff1j6EgsWf87LbL0BQBabow4_8zytC6e4XNBS6hkHspZWdu7vRmYPWj4OUZlQboxYMHRuva91spAJP-Mfvy4V,Samsung,Low,69.0,0.0,Excellent,Low,29.650169148900837,0.40988995873452544,29.650169148900837,Low,310.5,2.4281748553463327
smart TV,Samsung QLED Q7F 4K Vision AI Smart TV,347.99,,4.6,12000.0,Walmart,33.0,Free delivery,,https://encrypted-tbn0.gstatic.com/shopping?q=tbn:ANd9GcQSMOZHnsRYx0fhS0Fb8ohMT2DsWn4g2v-cuW7q8uFaS5F6nhP04EiU9WNG1ToIsZAV1jMh0Jtc7Ddh_TQ7GxzPpFJbrZHP7MB2KnJ7mXNXzhDWA2YgEFqg0Q,Samsung,Low,68.0,0.0,Excellent,High,43.206628189704624,0.028996750270810768,43.206628189704624,Low,312.79999999999995,34.38493939654431
smart TV,Roku Class Select Series 4K LED Smart TV,365.99,,4.7,2800.0,Best Buy,34.0,Free delivery by Wed,,https://encrypted-tbn1.gstatic.com/shopping?q=tbn:ANd9GcTdIgNEA-BBXVj20Vda2KkFg-pnbJKcvCgDqzdMtsgRyMFOnIg-n3r0Y__Es0QEAw0nAJcLhJVkbXGniC2X6uBl9iWgZueKN2eJwntfP7e-T1H6VFpTXekRIQ,Roku,Low,67.0,0.0,Excellent,Medium,37.30733934372251,0.13066404855408784,37.30733934372251,Low,314.90000000000003,7.629635684896046
smart TV,Hiro Roku TV 1080p Full HD Smart TV Flat Screen LED Television with Roku TV and Dolby Audio for Streaming,119.99,,3.5,220.0,Target,35.0,Free delivery by Sat,,https://encrypted-tbn1.gstatic.com/shopping?q=tbn:ANd9GcQiEdDcx2bnMNLBpqeLPH0KGaTuAloT-AcMMlgEqCWXytQyKNDHozr_V1Iucqo9zTDo2b1eBNUVjzoHwOf6yXvFOIfNvALe,Hiro,Low,66.0,0.0,Average,Low,18.893569455312132,0.5429411764705883,18.893569455312132,Low,231.0,1.8183320935614515
smart TV,Samsung R85H 4K Micro RGB Smart TV,1597.99,,4.8,456.0,Listenup,36.0,Free delivery by Fri,,https://encrypted-tbn2.gstatic.com/shopping?q=tbn:ANd9GcSgJXBeCfBV8p9dPZDdcZoWNPtWnoJwR3BMvNn7efUMaFWlmlgy0FlPMAGJRBt3I-_lMyMIUZd8apSkNFqc1n_Lr3KtyTuTvSjWJsB7Iip_mJYfnSZa3jom,Samsung,Low,65.0,0.0,Excellent,Low,29.398480276292183,3.496695842450766,29.398480276292183,High,312.0,0.28518001988755404
smart TV,Class LG OLED evo AI G6 4K Smart TV 2026 with Supplied Flush Wall Mount,2699.99,,4.8,3500.0,Lg,37.0,Free delivery,,https://encrypted-tbn1.gstatic.com/shopping?q=tbn:ANd9GcT4YMzgk3APbuUIlm0FW4PvwPZ_bxe8D1qVHuCcGNHJWPRrb5pojh8275PDQhKl7G4ridRVYspwUPO5qwa68rRz153bauo8PP8q_fv4SGGrd7OSM9eRb1UHog,Class,Low,64.0,0.0,Excellent,High,39.17185882058239,0.7712053698943159,39.17185882058239,High,307.2,1.2958211618702773
smart TV,Tcl Qm51l Series QD-Mini LED Qled 4K UHD HDR Smart Google TV 50qm51l,498.0,,4.4,25.0,Walmart,38.0,Free delivery,,https://encrypted-tbn3.gstatic.com/shopping?q=tbn:ANd9GcSTolraSfMW26Y1UbeqUgAMGBBIL40t5oCqeJTm9mj7kDuulUWQEEEq6FE4Ux5kIhjdxB5aICdZ7jZVqQiBLpNkhKQJrPP1fsABAYxv_VfMdtRX6Ih75THS,Tcl,Low,63.0,0.0,Good,Low,14.335624767294522,19.153846153846153,14.335624767294522,Low,277.20000000000005,0.050100200400801605
smart TV,Samsung The Frame Pro 4K Neo QLED Vision AI Smart TV,2397.99,,4.6,289.0,Electronic Express,39.0,Free delivery,,https://encrypted-tbn1.gstatic.com/shopping?q=tbn:ANd9GcRx0TWyAmpd-BZocNuQoGwh-VFcQmXsMNonnxf_4O73Wzr0zDRLLoVGsT-f1syZmMGHwa3Q7T9ucmPupVeQNvulFHwo4tbbPVn0q0AOFyNv,Samsung,Low,62.0,0.0,Excellent,Low,26.081452245710388,8.268931034482758,26.081452245710388,High,285.2,0.12046736334874261
smart TV,Sony BRAVIA 5 4K HDR Smart Mini-LED TV,1398.0,,4.5,574.0,Macy'S,40.0,Free delivery by Sat,,https://encrypted-tbn0.gstatic.com/shopping?q=tbn:ANd9GcTA8Of2jKP4FA_urJgFNB1gLGWHwTw-fwp3losFtDXyp8wEhMJh3jU7fyeo09M1jScMYT6QaTj95KnhPlgISvf5E0Vv8LJ7L8x4dtdJkWUUtChXx5xqm8HF,Sony,Low,61.0,0.0,Excellent,Low,28.594665183588077,2.431304347826087,28.594665183588077,Medium,274.5,0.41029306647605435
refrigerator,Frigidaire 7.5 Cu. ft. Refrigerator,218.0,,3.7,11000.0,Walmart,1.0,Free delivery,,https://encrypted-tbn1.gstatic.com/shopping?q=tbn:ANd9GcTikHSYOqvu61yUw7uuR-tALT49AX3F11dTEnJ4Dlgh3ZnrLGWmJMYxqUwSAICMEHXoDv17u87N93F-mjIShYqHyfGvyXww2ann8hrOSJVOBTui8Mcp6v3t,Frigidaire,Low,100.0,0.0,Average,High,34.43124338993591,0.019816380329060995,34.43124338993591,Low,370.0,50.22831050228311
refrigerator,GE 16.6 Cu ft Top Freezer Refrigerator,599.0,,4.3,4000.0,Home Depot,2.0,Unknown,,https://encrypted-tbn3.gstatic.com/shopping?q=tbn:ANd9GcQtDxTpBfUBkw68BDrbs7JnQsgPixCsTMOwGq8O9uRxSwQYsy_xQIuMeysJdZxFcS-TDq3R4SdihPduJSFP6i4DY0kujNmjBOpZ1SkQGpPZqdMd_3b3vVdR4w,GE,Low,99.0,0.0,Good,High,35.66548831808611,0.14971257185703574,35.66548831808611,Medium,425.7,6.666666666666667
refrigerator,Insignia 30 in. Wide 18 Cu. Ft. Top-Freezer Refrigerator with ENERGY STAR Certification,499.99,,4.5,2900.0,Best Buy,3.0,Unknown,,https://encrypted-tbn0.gstatic.com/shopping?q=tbn:ANd9GcQ6dYHqoUgfaMH82R_t7s5j4r75AESs4RNku_3U6aQICH5kxztlSFHZte-UfNR7K9yRecYF1UhNynzrJ4Ilth_73t8jeEwSlU4IBDAAdB8z,Insignia,Low,98.0,0.0,Excellent,Medium,35.87764852854632,0.172350913478111,35.87764852854632,Low,441.0,5.7885386933870935
refrigerator,Mainstays 7.2 cu. ft. Energy Star 2-Door Refrigerator/Freezer with LED Lighting,244.0,,1.3,3.0,Walmart,4.0,Free delivery,,https://encrypted-tbn2.gstatic.com/shopping?q=tbn:ANd9GcQPD-t4iTNYmF03-Xg38Toe24CdsDpnVetCiATgT2dck-eSOf_NPeGm1SrLXhwbNKFClUTHPgoEXYjgGUFy9NHhqZExzyLUpdG_6BOY2bBnQiEbQVKH6bBdkQ,Mainstays,Low,97.0,0.0,Poor,Low,1.8021826694558578,61.0,1.8021826694558578,Low,126.10000000000001,0.012244897959183673
refrigerator,Vissani 7.2 cu. ft. Top Freezer Refrigerator,369.0,,3.5,196.0,Home Depot,5.0,Unknown,,https://encrypted-tbn1.gstatic.com/shopping?q=tbn:ANd9GcTlnxANFSLQPDwFFY_sU8z07KOjbH34Hk9H5TR5CLoomSukU9gc0Icx3iiM2Cfyg_e5yIG7KdDIRi-wftcq2-CnlV7_boxWzA,Vissani,Low,96.0,0.0,Average,Low,18.49121305058296,1.8730964467005076,18.49121305058296,Low,336.0,0.5297297297297298
refrigerator,Whirlpool Side-by-Side Refrigerator,1019.4,,3.9,24000.0,Overstock Corner - Appliance Store,6.0,Unknown,,https://encrypted-tbn0.gstatic.com/shopping?q=tbn:ANd9GcTLcYt05xEfwee__k_71aDDFXBu9fl7oExIbc124kN44yigph6e2eYSZBQj2aLbCiqsVX7nIzLC6SaAZe_u10uP4LZX_W5p,Whirlpool,Low,95.0,0.0,Average,High,39.33481802300199,0.04247323028207158,39.33481802300199,Medium,370.5,23.520188161505292
refrigerator,Hamilton Beach 17.9 cu. ft. French Door Refrigerator hz4051,487.72,,3.5,31.0,Serigrafia.Eus,7.0,Unknown,,https://encrypted-tbn1.gstatic.com/shopping?q=tbn:ANd9GcTxX5N7u3QXgQU_1zQOu2QQeQVNGzwi0f7TbeQxa6vlAb-tI84-Q1Nf_FB9r1TNbuB2v5sFfZLvY3RKqSwsdZJ1o3RD2SaQ9yMhgeeASv8ztyzW7-VgXL24RA,Hamilton,Low,94.0,0.0,Average,Low,12.130075659799044,15.24125,12.130075659799044,Low,329.0,0.06343100343755115
refrigerator,KitchenAid 25.8 Cu. ft French Door Refrigerator,2499.99,,3.8,10000.0,Best Buy,8.0,Unknown,,https://encrypted-tbn2.gstatic.com/shopping?q=tbn:ANd9GcQEtcou6wnII5E742qA9GHTCYQd0YkWTxtBBkJ3P68D-etIEIOhAkaWF859CHf5QtcZuoBs7nai_ideb4ti0N99oScDONa2ZD_AVBxO-ZY,KitchenAid,Low,93.0,0.0,Average,High,34.999673394510765,0.24997400259974,34.999673394510765,High,353.4,3.998416627015702
refrigerator,Vissani 30 in. 18.4 cu. ft. Standard-Depth French Door Bottom Freezer Refrigerator in Fingerprint Resistant,899.0,,4.2,19.0,Home Depot,9.0,Unknown,,https://encrypted-tbn3.gstatic.com/shopping?q=tbn:ANd9GcR20YGnGYa902cWLf4LX5DwZyONN--mg47uSYuPFJ9Ah4s5e05YemkSWfh52HoyCozar_cJ3ZE4JSP9xUxLus751OHvFwmPYAKqqkEGIuqZ39RT0iks4kZj,Vissani,Low,92.0,0.0,Good,Low,12.582075548926761,44.95,12.582075548926761,Medium,386.40000000000003,0.021111111111111112
refrigerator,Mainstays 3.2 Cu ft 2-Door Compact Refrigerator with Freezer,148.0,,4.2,750.0,Walmart,10.0,Free delivery,,https://encrypted-tbn0.gstatic.com/shopping?q=tbn:ANd9GcQFsBnEgSVfBX4MPARyVx-hKE5xZyOpwP4-fd70eM2dDJPzKW861-aYDEZKiAUi--vxZV6hIUt60u2ib2M8DLqQQlgakvWI5cbpF_tbAOBb3DkZ2THCxfAg,Mainstays,Low,91.0,0.0,Good,Low,27.809903737409364,0.1970705725699068,27.809903737409364,Low,382.2,5.033557046979865
refrigerator,"Frigidaire 25.6 Cu. Ft. 36"" Standard Depth Side by Side Refrigerator",839.4,,4.3,19000.0,Overstock Corner - Appliance Store,11.0,Unknown,,https://encrypted-tbn2.gstatic.com/shopping?q=tbn:ANd9GcQ0R5ZoN5xmMq-ZofPKLYbThhSgLOUMYWSyo3wzVKpMniPQA_Fa8H8PQDBVkZRp9lpV7cXrbteWBwJ0kJvuszL0yGUP5gAjKw,Frigidaire,Low,90.0,0.0,Good,High,42.364661619872884,0.04417662228303773,42.364661619872884,Medium,387.0,22.608281770585435
refrigerator,LG 27 Cu. Ft. Side-by-Side InstaView Refrigerator,1879.0,,4.1,3300.0,Lg,12.0,Free delivery,,https://encrypted-tbn2.gstatic.com/shopping?q=tbn:ANd9GcRrKcRBoQZsNSrl0nViZjTDl4sbBf2SnJA2FhUrh-HWLXG-HZYg2AbJEhbj99DDTla1sQBTnYCzXEtY2G9IpneIHzn200IS0xGg5UE94jW8Li12u3zHKEmF5g,LG,Low,89.0,0.0,Good,High,33.21812100059809,0.5692214480460467,33.21812100059809,High,364.9,1.7553191489361701
refrigerator,Vissani 14.2 cu. ft. Top Freezer Refrigerator,549.0,,3.7,49.0,Home Depot,13.0,Unknown,,https://encrypted-tbn0.gstatic.com/shopping?q=tbn:ANd9GcSjy-bFG-_zzZGpHCvDOH7VWv07WX7EhXnCjZGM4e7qfyLiiPrFiYoWdB3_jtwXXiH5pDQWVHN6bs31k3umY3vkXT1HEY6xl1Yj08j062NDbDNNcK9Hyt7qzw,Vissani,Low,88.0,0.0,Average,Low,14.474485120084141,10.98,14.474485120084141,Medium,325.6,0.0890909090909091
refrigerator,KitchenAid 26.2 Cu. Ft. French Door Refrigerator,3599.99,,4.2,1500.0,Best Buy,14.0,Unknown,,https://encrypted-tbn2.gstatic.com/shopping?q=tbn:ANd9GcSCoPS8Z5V2UiZnOXcBCExvJlMkBza5KzSZ7-0FsmxCBeEz9NT24ND-uLFNGzrKgK3LH0mFz3JehbCLyhzkWN_NtGTITTiWMLEMwmP-nOWZMeHjBg71DV2S,KitchenAid,Low,87.0,0.0,Good,Medium,30.71832469286054,2.398394403730846,30.71832469286054,Very High,365.40000000000003,0.41655211483508703
refrigerator,Hisense 17.2-cu ft Counter-depth Bottom-Freezer Refrigerator ENERGY STAR hrb171n6abe,799.0,,4.2,3800.0,Lowe'S,15.0,Unknown,,https://encrypted-tbn3.gstatic.com/shopping?q=tbn:ANd9GcQ966zP5tazjhXqLdUoL9JSdGfa6O2FK2PfEGT-YQhg7EXc0_swp4bSl8P7KKq1tx3N8ubIOLNz32hhYyQqN4O3xbaEGTx1ai3_zOVI2EUIC0WVDjEMrn7JMw,Hisense,Low,86.0,0.0,Good,High,34.62068176975485,0.2102078400420942,34.62068176975485,Medium,361.2,4.75
refrigerator,Frigidaire 21 in. 7.5 Cu. ft. Retro Top-Freezer Refrigerator,298.0,,3.4,309.0,Walmart,16.0,Free delivery,,https://encrypted-tbn2.gstatic.com/shopping?q=tbn:ANd9GcQKeh7uUj67quy304eE7h13yAdwt9M8argo26pUSN7DqmFekfd4wM9pPsMbR3OlbbyAGDs4tCr-YYjX7MfRl_AE-RuTgpdU0p4b9WPIzCpPxQHPBE8sSRnG4eo,Frigidaire,Low,85.0,0.0,Average,Low,19.504345811429253,0.9612903225806452,19.504345811429253,Low,289.0,1.0334448160535117
refrigerator,Midea 24.5 Cu. Ft. Counter-Depth Side-by-Side Refrigerator with AUT,899.99,,4.5,0.0,Brandsmart Usa,17.0,Unknown,,https://encrypted-tbn2.gstatic.com/shopping?q=tbn:ANd9GcTd2cuXeIR8gwBMGSm7ctyBHT6Z-MW9rzHgEJYCKMDKHNznTCuoc671FKZwKau9uXf5G3akGG0dHDGq8l-hWZk1o3a0zo1IIQ,Midea,Low,84.0,0.0,Excellent,No Reviews,0.0,899.99,0.0,Medium,378.0,0.0
refrigerator,Frigidaire Gallery 26 Cu. Ft. Standard-Depth 4-Door French Door Refrigerator,1849.0,,2.9,66.0,Home Depot,18.0,Unknown,,https://encrypted-tbn1.gstatic.com/shopping?q=tbn:ANd9GcRNluHhTAdkFRNZnHiU9piZ6UsBPfMdxRC37iYjSZ9bhu1pr-VxbnfT5_6hRBBhhVrc5kqOePJ_NprxZMuVCLozLWR65vYBx8DoUq8Wh3Tm,Frigidaire,Low,83.0,0.0,Poor,Low,12.1936085962338,27.597014925373134,12.1936085962338,High,240.7,0.03567567567567568
refrigerator,Samsung 18 cu. ft. Stainless Steel Smart Counter Depth 3-Door French Door Refrigerator,1199.95,,4.0,3200.0,Albo Appliance,19.0,Unknown,,https://encrypted-tbn3.gstatic.com/shopping?q=tbn:ANd9GcR98i76usiL91sTWBwB7jZcStCZvnWbz7il60TOmKpnZHHDaRKg8UxMOMB4tMcVC4Q3-KbGGZHAzxBglmHEEnpsLFBCiu_XdQldxh-JgUk0nqMXeqJ8DT6u,Samsung,Low,82.0,0.0,Good,High,32.28487415987945,0.3748672289909403,32.28487415987945,Medium,328.0,2.664557225529789
refrigerator,Whirlpool 3.3 cu ft Dorm Refrigerator with Freezer,133.99,,3.4,105.0,Target,20.0,Free delivery by Sat,,https://encrypted-tbn2.gstatic.com/shopping?q=tbn:ANd9GcRgOL_Y5ANIGY_O2-NJlbVe3F0078EiPJMp_W-QalkspZoNovdCvxTn0nND3dV94rnA2uFOxJXEdseLqJov8N4bncg6mq7N,Whirlpool,Low,81.0,0.0,Average,Low,15.855692919981028,1.264056603773585,15.855692919981028,Low,275.4,0.7778353952144603
refrigerator,"LG 28 Cu.Ft 3 Door French Door, Ice and Water",1799.99,,4.3,2500.0,Best Buy,21.0,Unknown,,https://encrypted-tbn3.gstatic.com/shopping?q=tbn:ANd9GcRYjqCskSPAL8f8L-EXlfhPO027bJy5gwxFswmqluwGGlIsyS_I3nfn3kk3aRCl7j6i75YLkoaXqbDE6rzud8SdqVTqTrMaejVsMQ0Z-Ew,LG,Low,80.0,0.0,Good,Medium,33.645117502773765,0.7197081167532987,33.645117502773765,High,344.0,1.3881254199079396
refrigerator,Hamilton Beach 17.7 cu. ft. Bottom Freezer French Door Refrigerator in Stainless Steel Look,869.0,,3.2,165.0,Home Depot,22.0,Unknown,,https://encrypted-tbn2.gstatic.com/shopping?q=tbn:ANd9GcSdfKSgdGHGRkpmvgCSk_AT9iG8KZnR2sBc-A8Jk2nTVkKAIR3ekgSAfF7FmDaTpA1zC2GW5OhEuSVbj-f8G1R9tlw90MDW35-caVfkc84V3vlAA0fPH9s0,Hamilton,Low,79.0,0.0,Average,Low,16.35836092274094,5.234939759036145,16.35836092274094,Medium,252.8,0.1896551724137931
refrigerator,Big Chill Classic Fridge Color Brushed Brass,5995.0,,4.5,0.0,Big Chill,23.0,Unknown,,https://encrypted-tbn3.gstatic.com/shopping?q=tbn:ANd9GcStZjmGsh-wLd2fl2RaBr4mbrEuM53mSQ3urYIiWNRrTGhSRC_EUsvaVBv1xfIr1QOSCU4ZAzg4Ai2g23iCYO_Qn21e5HKk_xT4ANviw857NYXQxxJPamh6,Big,Low,78.0,0.0,Excellent,No Reviews,0.0,5995.0,0.0,Very High,351.0,0.0
refrigerator,"Whirlpool 36"" 24.5 Cu. ft French Door Refrigerator",2179.0,,4.0,1900.0,Walmart - Empire Appliances,24.0,Free delivery,,https://encrypted-tbn2.gstatic.com/shopping?q=tbn:ANd9GcQoonXM-IUnqT9JdC9g6mwP_ej3bzdPQKU40XebYkbF5wtQZo-csIMSS0Y71CtWXifMS-MNeTbE2kFQI38LInFlwVOGzQsj1YWUMRLEjgPyqs4RewTpegK-NA,Whirlpool,Low,77.0,0.0,Good,Medium,30.200541369953715,1.1462388216728039,30.200541369953715,High,308.0,0.8715596330275229
refrigerator,GE 17.5 Cu. ft Top Freezer Refrigerator,854.0,,4.4,157.0,Home Depot,25.0,Unknown,,https://encrypted-tbn3.gstatic.com/shopping?q=tbn:ANd9GcRs2gO16FFFjazgQAGP18b3-KNf7KhIvfzHWFFj-N5uF_qtiySNxtHzNXS6974kf3infJyxX8n5DQ3Wmox3bp_wKh_Jt6lzIpgWyIv5hQk7yMiw9-nfV21i,GE,Low,76.0,0.0,Good,Low,22.275418145318657,5.405063291139241,22.275418145318657,Medium,334.40000000000003,0.18362573099415205
refrigerator,LG 3-Door French Door Refrigerator 25 Cu. ft,999.99,,4.3,571.0,Brandsmart Usa,26.0,Unknown,,https://encrypted-tbn3.gstatic.com/shopping?q=tbn:ANd9GcQq15wQ8GUfhan5JC5jsKqCYzkxNVkPbHcnmFbCl-RTAj_DaGLS7vmbET4Bud8i-eYOLrPPkvDKlEgRo74N02GGk3UkJeTmcA,LG,Low,75.0,0.0,Good,Low,27.30129766293313,1.7482342657342658,27.30129766293313,Medium,322.5,0.5704352690836072
refrigerator,"KitchenAid 36"" 28.74 Cu. ft French Door Refrigerator with Exterior Water and Ice and FreshChill Full-Width Refrigerated Drawer",2799.0,,3.1,37.0,Lowe'S,27.0,Unknown,,https://encrypted-tbn0.gstatic.com/shopping?q=tbn:ANd9GcSeCBNBRPAdZ723CKQdWzE4grlD20w1pt333MTGnjPmKGu91Ft40NirNUNGY_g2LukXWsxb2XxOst0TPxjl87DaZQPP0etOzbVSZHzXti0LyMu8aMoDv9y3Tg,KitchenAid,Low,74.0,0.0,Average,Low,11.276517095151796,73.65789473684211,11.276517095151796,High,229.4,0.013214285714285715
refrigerator,Frigidaire 19 Cu. Ft. Garage Ready Top Freezer Refrigerator,679.0,,4.4,1700.0,Home Depot,28.0,Unknown,,https://encrypted-tbn0.gstatic.com/shopping?q=tbn:ANd9GcTSw0119cFI1SR_yDWlqx2WgjuXVHCzsiHITlvmGQVimxjKrGW_9kMuj3XiS3-Dy-p9grdwrr3SDXBltZEZoIg5BznvydTdzGHcBVJfF2c,Frigidaire,Low,73.0,0.0,Good,Medium,32.73147500654179,0.3991769547325103,32.73147500654179,Medium,321.20000000000005,2.5
refrigerator,"Maytag 30"" 19.3 Cu. ft Garage Ready Top Freezer Refrigerator",899.1,,3.8,30.0,Mike’S Appliance Center,29.0,Unknown,,https://encrypted-tbn1.gstatic.com/shopping?q=tbn:ANd9GcRZarYquARqMwi2F8FjoSEB06UR6pFusfa5qS_8gJNhV96eCmcv3z4wGSMPrHqNeZl_WtUK-hyq9zhzSuuAh-rYGvF5gvIcwUB1guVzAzI,Maytag,Low,72.0,0.0,Average,Low,13.049151377043556,29.003225806451614,13.049151377043556,Medium,273.59999999999997,0.03332963004110654
refrigerator,Mainstays 3.3 cu ft Compact Single Door Refrigerator Mini Fridge,138.0,,3.4,246.0,Walmart,30.0,Free delivery,,https://encrypted-tbn3.gstatic.com/shopping?q=tbn:ANd9GcRUG5APc9TnaH5r5bqwSG7M-V-hhcezCGCb35fLgZ9qJB_LspilVHHidvcCFQjCs019GNKzVKqPqLqddHxiWKRcEwnNFNsYsNnTvSXCck23DlIKvMQ-I5mp,Mainstays,Low,71.0,0.0,Average,Low,18.731920344535123,0.5587044534412956,18.731920344535123,Low,241.4,1.7697841726618706
refrigerator,LG 24 Cu. Ft. Top Freezer Refrigerator,979.99,,4.1,2000.0,Best Buy,31.0,Unknown,,https://encrypted-tbn0.gstatic.com/shopping?q=tbn:ANd9GcQt9F9DGUwZbWiUWUTP7Dm5ePL_h__c-SSqEc0cw0EpJactWOm61H0Pbo4f82UQZ4Ua4oSmc84YyL5wU_nHtqo1R99giE5w9owdeaCv-XPW,LG,Low,70.0,0.0,Good,Medium,31.165749571793302,0.48975012493753123,31.165749571793302,Medium,287.0,2.0387567661240173
refrigerator,"Whirlpool 36"" 28.9 Cu. ft French Door Refrigerator with Flexible Temperature Drawer",2499.99,,3.5,10.0,Warners' Stellian Appliance,32.0,Free delivery,,https://encrypted-tbn3.gstatic.com/shopping?q=tbn:ANd9GcS_UEhGAY3xhndKaKxwwynZHIDVrR6eig5gIsgvPWjI_odEyr8dYZ-bVNSVJSuuAHwrS_8g6oUH2bEVFWIzTMfjilqMCSKdtvyWD6Cuh2H7QcvITx9tS6oZ,Whirlpool,Low,69.0,0.0,Average,Low,8.392633454794296,227.27181818181816,8.392633454794296,High,241.5,0.003998416627015702
refrigerator,Samsung 27.4 Cu.Ft Stainless Refrigerator Side by Side,1199.0,,4.2,7400.0,Famous Tate Appliance & Bedding Centers,33.0,Free delivery,,https://encrypted-tbn0.gstatic.com/shopping?q=tbn:ANd9GcTyMnpgUx8i0legAAUbLiP3w3r8DLiw-PkNwn5xoKJpvSHDttMnGlr2TwLtDoJHnQ7EQjkX-Ru6TK1sAWPL3fOUsoxRQJQJ226EM_ZZ8l4EqDFUgXcEs5W_,Samsung,Low,68.0,0.0,Good,High,37.41935570182936,0.16200513444129172,37.41935570182936,Medium,285.6,6.166666666666667
refrigerator,RCA 2 Door Apartment Size Refrigerator with Freezer,421.92,,3.8,1100.0,Home Depot,34.0,Unknown,,https://encrypted-tbn3.gstatic.com/shopping?q=tbn:ANd9GcQurjMwicjhILsK0wmaM9ypIP8Lw8bhYtmQ_Cp-6u-89vkSsoY4ckiopxOIGeuBIvhR1txiKziHuhcTgm6BJXx-AM-peRL8WNedNEIljNFK-aj0PHzR9GInFQ,RCA,Low,67.0,0.0,Average,Medium,26.615101719546182,0.3832152588555858,26.615101719546182,Low,254.6,2.6009647214603233
refrigerator,Bosch 800 Series French Door Bottom,4149.0,,4.4,4000.0,Bray & Scarff,35.0,Unknown,,https://encrypted-tbn3.gstatic.com/shopping?q=tbn:ANd9GcSx5hZrA4v70HF7qzn31treurzWZQx0vOLSZBDM0UzzP5vgCms0rBD6OqajFHf68kQ0CT3gWfKEBKHCsfK5l0jKsK0jQVxf_f2QnYDnkBk,Bosch,Low,66.0,0.0,Good,High,36.49491827897184,1.036990752311922,36.49491827897184,Very High,290.40000000000003,0.963855421686747
refrigerator,"Unique Appliances 36"" 21.4 Cu. Ft. Summer Mint Green Counter Depth French Door Refrigerator",3999.0,,3.6,10.0,Walmart - Unique Appliances,36.0,Free delivery,,https://encrypted-tbn0.gstatic.com/shopping?q=tbn:ANd9GcT617s47siUHnFTpHf92DyFMLydnOi2kBXjD7pQwK30XbDX_NLD8e2AmNwCo80fwIWO2Jx-7iw71xfSCqWIg1xY_S9Hgk8ryWbd8S_e-EvFP_iYSmmuogcoGp2p,Unique,Low,65.0,0.0,Average,Low,8.632422982074134,363.54545454545456,8.632422982074134,Very High,234.0,0.0025
refrigerator,"ZLINE Autograph Edition 60"" 32.2 Cu. ft Stainless Steel Built-In French Door Refrigerator",13949.99,,4.2,53.0,Lowe'S,37.0,Unknown,,https://encrypted-tbn2.gstatic.com/shopping?q=tbn:ANd9GcQEdbTl6GJnfQXEqH7I8VSP9FeN_fFvZl2j13sErzRBHQyD2R_sLI32fffaJrkAKWrMK_N2ARnEIbcRjWSB_ZOzqp_fYwzTp-dwABluPBRBZwd3Ns3MERI-zw,ZLINE,Medium,64.0,0.0,Good,Low,16.753732995569955,258.33314814814815,16.753732995569955,Very High,268.8,0.0037990135467088717
refrigerator,GE 17.5 Cu ft Top Freezer Refrigerator,899.0,,4.4,5500.0,Home Depot,38.0,Unknown,,https://encrypted-tbn2.gstatic.com/shopping?q=tbn:ANd9GcSEleNGtFkE9W6gsLnHwKcxmUkHZy5ZiIRYzMY7_FfqbnkJ5V3xDh5itmeKdB3rNT6bnJKgjHJu54m6rSR6QR1Q7GxgssATgA,GE,Low,63.0,0.0,Good,High,37.89581476065202,0.16342483184875478,37.89581476065202,Medium,277.20000000000005,6.111111111111111
refrigerator,Thermador Freedom 20.8 Cu. Ft. Stainless Steel French Door Refrigerator,5299.0,,4.1,102.0,Home Design Appliances,39.0,Unknown,,https://encrypted-tbn2.gstatic.com/shopping?q=tbn:ANd9GcQMzFUIPQWw3Ze97m2aZAiQAsXuHUX1DMal6CCWp1wveC-wUb-U4YICC21p44KtYsgmy1f6RvWtLD2dT_VOGiOTM4lkLh6eiw,Thermador,Low,62.0,0.0,Good,Low,19.002388851741504,51.44660194174757,19.002388851741504,Very High,254.2,0.019245283018867923
refrigerator,Café 28.7 Cu. Ft. Stainless Steel French Door Refrigerator,4139.1,,4.5,852.0,2 Bald Guys,40.0,Unknown,,https://encrypted-tbn1.gstatic.com/shopping?q=tbn:ANd9GcRpWsLjOdrzeySkbjC5jle_B9x0NGmjPyfNX_8KoWDrkWKa-NzKth_v0S0ToemNIPBEcMQ4S8Lr8_z9ct0zZbpDY1cg0R5F,Café,Low,61.0,0.0,Excellent,Low,30.369417963712557,4.852403282532239,30.369417963712557,Very High,274.5,0.20579213062486412
keyboard,Best Buy essentials Full-size Wired Membrane Keyboard,11.99,,4.8,204.0,Best Buy,1.0,Free delivery by Sat,,https://encrypted-tbn3.gstatic.com/shopping?q=tbn:ANd9GcQV9Cd5o4QFoBXBNnRkDVkuSJSODnrraWxgbKXdqoIcAOvN6iokDUtEinqM-fwupinUhuI3RDQYsEwrKKheeXohy-fvkXjD6KkWzgdjm08,Best,Low,100.0,0.0,Excellent,Low,25.55044789986436,0.058487804878048784,25.55044789986436,Low,480.0,15.704387990762125
keyboard,Razer Huntsman Mini 60% Optical Gaming Keyboard,99.99,,4.7,2100.0,Target,2.0,Free delivery by Sat,,https://encrypted-tbn2.gstatic.com/shopping?q=tbn:ANd9GcTNO9oq-SK3q73YeU-TBc-CMQ9TgCOmv3RdXRbk0L6KINNkBgfU8tFkAyBnqcjkniuS5OAv9nRvK_ZZt4IlSEVeQfW0tkia,Razer,Low,99.0,0.0,Excellent,Medium,35.955792893971505,0.04759162303664921,35.955792893971505,Low,465.3,20.794138033468663
keyboard,GravaStar Mercury K1 Pro 75% Wireless Mechanical Gaming Keyboard,170.96,,4.7,497.0,Gravastar,3.0,Unknown,,https://encrypted-tbn3.gstatic.com/shopping?q=tbn:ANd9GcQYZNvfws96Jx4PNFIaVliXQo1RN1vG7O5qzJ4rUaUOiSrR3yQTqda7HOo62bG6kshc-fXQgkL4UpZ6k6yTxyqEo4C8iHUU-mBPEv1yXynBneAXSlVrUGklIA,GravaStar,Low,98.0,0.0,Excellent,Low,29.18982036201587,0.3432931726907631,29.18982036201587,Low,460.6,2.890207024889509
keyboard,SteelSeries Apex 3 Gaming Keyboard,49.99,,4.7,4600.0,Lenovo,4.0,Free delivery,,https://encrypted-tbn1.gstatic.com/shopping?q=tbn:ANd9GcSUza-wDgf-mBdpHGF8htC8cyJtUa_dJZx2aTC_uRP6amF_Mg2Crcl0AZsraazdWjb6l5IGUTy0quSjcMITpoRnoOfOvcxSEg,SteelSeries,Low,97.0,0.0,Excellent,High,39.6399360657307,0.010865029341447513,39.6399360657307,Low,455.90000000000003,90.2137674053736
keyboard,Keychron K2 Wireless Bluetooth 5.1/Wired USB Mechanical Keyboard for Mac Layout,59.99,,4.4,1100.0,Keychron.Com,5.0,Free delivery,,https://encrypted-tbn3.gstatic.com/shopping?q=tbn:ANd9GcSIxdzs6Va41pVhOFBHw2hP0kqFbQIDY9CsWOZOvyJUcoTJJYAp3YtAipp2m9HwYH5WT5Xm747Yc1oPs9Z4oHTip9dRDu8Qw2XTh0YJxHKoNp3B4kVnsvtP,Keychron,Low,96.0,0.0,Good,Medium,30.817486201579793,0.054486830154405086,30.817486201579793,Low,422.40000000000003,18.03574356451877
keyboard,keydous nj98 Wireless Custom Mechanical Keyboard with Screen Knob 96% Hot Swappable RGB Keyboard Mac Windows,114.39,,4.5,0.0,"Zhuhaishi Qiannuo Technology Co.,Ltd",6.0,Free delivery,,https://encrypted-tbn1.gstatic.com/shopping?q=tbn:ANd9GcQOiUXfH5anZX10yNXCtl1fLxFfnDdxKJQe25SuTI1Fl5MV5fRgMJgAffVnBbdN0otXpYn9WuROtZowAhIIyxjbOr-QQVuC9zkfsVwdvF2doMWBIUk6d0qu,keydous,Low,95.0,0.0,Excellent,No Reviews,0.0,114.39,0.0,Low,427.5,0.0
keyboard,heyday Full Size Bluetooth Gradient Keyboard,19.99,,4.1,11.0,Target,7.0,Free delivery on $35+,,https://encrypted-tbn1.gstatic.com/shopping?q=tbn:ANd9GcSpP8qPCayw4KPIGiTlmHm-XZptCZqqP7hxZrsuf1bolvvyzMmQ8XOHXGnu1g4v-WNUOHu841rnOrKmtQ2lu10NKriRWmO-,heyday,Low,94.0,0.0,Good,Low,10.1881172641308,1.6658333333333333,10.1881172641308,Low,385.4,0.5240590757503574
keyboard,Redragon K521-R 104-Key Wired Membrane Gaming Keyboard,24.99,,4.9,97.0,Best Buy,8.0,Unknown,,https://encrypted-tbn0.gstatic.com/shopping?q=tbn:ANd9GcRnBcO5kn_3MABoin3VjfQhcHFqpi7FFwA77b0hJ6I6CdzMCbwg6NwvdhrKUR2qpgH2Cu5e4cKbcMoAfroCss_2wVc489bX5wFopn4ppEaC,Redragon,Low,93.0,0.0,Excellent,Low,22.466340645485808,0.255,22.466340645485808,Low,455.70000000000005,3.7322046941131206
keyboard,Logitech MX Keys Mini Wireless Keyboard,89.99,,4.6,4200.0,Logitech,9.0,Free delivery,,https://encrypted-tbn1.gstatic.com/shopping?q=tbn:ANd9GcQVH_Z_Kq3BnDu51IPRw6G0cK17yUHvPR3ZQdA8KgHEBBWquy_EJDQbvKOeIwBd1qzc8RbSHY3LjrookPxj73lSF7agEWZ7qohuqxkIUQ2_Rju5QPAxrzma,Logitech,Low,92.0,0.0,Excellent,High,38.37815820737916,0.02142109021661509,38.37815820737916,Low,423.2,46.15891856247939
keyboard,Corsair K65 Plus Wireless 75% RGB Mechanical Gaming Keyboard,179.95,,4.7,619.0,Apple,10.0,Free next-day delivery,,https://encrypted-tbn2.gstatic.com/shopping?q=tbn:ANd9GcTPp5qpMYw3DnyavFCFEV2KF0PgWy4F-SuWrDq-SZfijcE5MQzjQwQJ2q87IK6WJhbiqq2FBc5JWFHdSzbglf0rW_8d9sADA-N4wsdLKZ3ZNATuDT3RqOEz2A,Corsair,Low,91.0,0.0,Excellent,Low,30.21968154678395,0.29024193548387095,30.21968154678395,Low,427.7,3.420834484664272
keyboard,Dell Wired Keyboard KB216,14.99,,4.7,1200.0,Dell,11.0,Free delivery by Fri,,https://encrypted-tbn0.gstatic.com/shopping?q=tbn:ANd9GcSGxgvpZsjpZGWnAcIw2DOnxEMBETfKEPFGjypdKQh7eGY9ZeztRm_3CH5fpWMHXtL-H6s45y-KmgR2iDMGAwcwGGz962xD,Dell,Low,90.0,0.0,Excellent,Medium,33.32727616377593,0.012481265611990009,33.32727616377593,Low,423.0,75.046904315197
keyboard,Womier M68HE PRO 60% Magnetic Switch Mechanical Gaming Keyboard,58.99,,3.0,2.0,Womier Keyboard,12.0,Unknown,,https://encrypted-tbn1.gstatic.com/shopping?q=tbn:ANd9GcQmcRCuEJElR3kxq9EdVBShXsA4ucG3Khvb17jeFYP8DA701KjiLsrSFl2vbnkf8FovueKoxds-jETgiiVn51Df6v-nGSmmJDGJcUgH2MMjUJtb7JY1Syh3,Womier,Low,89.0,0.0,Average,Low,3.295836866004329,19.663333333333334,3.295836866004329,Low,267.0,0.03333888981496916
keyboard,Razer Ornata V3 X Low Profile Gaming Keyboard,39.99,,4.6,2100.0,Target,13.0,Free delivery by Sat,,https://encrypted-tbn0.gstatic.com/shopping?q=tbn:ANd9GcRfrg68g7UJdjBsGTpnF_K1kZ_0UI39dSA4GvghFqpN4ujvtKYnzhFw_mUKL2q1TMkC2ZrcUgj0BSmNrqzP3fPPnYH6azR813W7R76tHy8,Razer,Low,88.0,0.0,Excellent,Medium,35.190776023887,0.01903379343169919,35.190776023887,Low,404.79999999999995,51.23200780678214
keyboard,Kinesis mWave Mechanical Keyboard for Pc,119.99,,4.0,9.0,Office Depot,14.0,Free delivery,,https://encrypted-tbn1.gstatic.com/shopping?q=tbn:ANd9GcSyMjXnE-ijYrxPTEyObF0tKoIgmRsqdj36Dop-oZpOkfakfQ90-dbq-mmJDqv5wrFVV4Z28y6agI0rYDDpV3JuQFNu2Cll,Kinesis,Low,87.0,0.0,Good,Low,9.210340371976184,11.998999999999999,9.210340371976184,Low,348.0,0.07438631291842301
keyboard,"Aula 99-Key Tri-Mode Gaming Keyboard, Bluetooth/2.4GHz/USB-C, RGB Backlit, Numpad, Media Knob, Mechanical Feel, Green",39.99,,4.5,0.0,Best Buy,15.0,Unknown,,https://encrypted-tbn2.gstatic.com/shopping?q=tbn:ANd9GcQXreSZd1SAV-Eabp0lVqNOPShc0W_NKzNb7tDDaj6w-QLU42X8qa_K-_lwXzttEe1iLeZmTmb6DkvBW-en4yPRqcd1BzPF-sExf7UhvyoBuO2Bq1xbYuLLpg,Aula,Low,86.0,0.0,Excellent,No Reviews,0.0,39.99,0.0,Low,387.0,0.0
keyboard,Ducky Origin Vintage Double Shot PBT Mechanical Keyboard Cherry MX,79.0,,4.8,92.0,Mechanical Keyboards,16.0,Free delivery,,https://encrypted-tbn1.gstatic.com/shopping?q=tbn:ANd9GcSY85oFec0dYEoRdWUVeGq6PVi6GpGLi78TwKPHDV8rW3YtKS2WqlYlhVQwsfLK9U_p-x2Nb60jBwZbHzUSvogjhlXs4H5rsCtKAqEvw5AImJj7rLgLF4M,Ducky,Low,85.0,0.0,Excellent,Low,21.75647756713563,0.8494623655913979,21.75647756713563,Low,408.0,1.15
keyboard,Geeky Gk61 SE 60% Mechanical Gaming Keyboard 61 Keys Multi Color RGB LED Backlit for PC/Mac Gamer,19.52,,4.4,37.0,Walmart - Hkinternationallimited,17.0,Unknown,,https://encrypted-tbn3.gstatic.com/shopping?q=tbn:ANd9GcRB_1Xh4P5l5enwqbBQwiWas522ADgddlq4Jdi8GQpcXX1s911CV7y9VVc2Nbl6jQwe91tuJJ0i9M_h61MSmVf_SJOZz6YkuopksSwtqNFikYh2qb1JGyBn,Geeky,Low,84.0,0.0,Good,Low,16.0053791027961,0.5136842105263157,16.0053791027961,Low,369.6,1.8031189083820662
keyboard,GravaStar Mercury V60 Pro Hall Effect Magnetic Wired Gaming Keyboard,188.06,,4.6,278.0,Gravastar,18.0,Unknown,,https://encrypted-tbn0.gstatic.com/shopping?q=tbn:ANd9GcRmM91IwKwdU4BV726wCR7GTQnnE4lIvRFOlTqO-rvbaj5mvXtk9D3oBXXKZXgKkkeR_OZesHx2yrtDPY6hSWyyCGP6qVw1qH6Pv0udQbZsM0FlnYXnA058,GravaStar,Low,83.0,0.0,Excellent,Low,25.90357419637828,0.6740501792114696,25.90357419637828,Low,381.79999999999995,1.4704326668782397
keyboard,LOFREE Switches Silent Mechanical Keyboard,169.0,,4.5,0.0,Lofree Official,19.0,Free delivery,,https://encrypted-tbn3.gstatic.com/shopping?q=tbn:ANd9GcQNbA29GpWwJlJY_Wwf8wTsOfxzSAX0IePVbhql4kpDX7CckKYWkmSdOYB_RJ1GzwC2AYb57d6tvuo-vS_qVo0MEhTOBG2-aF6yjzgMAmS661hrk4-p252Uow,LOFREE,Low,82.0,0.0,Excellent,No Reviews,0.0,169.0,0.0,Low,369.0,0.0
keyboard,JLab Nightfall Wired Gaming Keyboard,33.99,,4.8,11.0,Target,20.0,Free delivery on $35+,,https://encrypted-tbn3.gstatic.com/shopping?q=tbn:ANd9GcQSrBQ2hCwC78Sk0DS3aeBj2ayolBbrUS15h2rInOPuyxqJmutYScixEKVNo7JCVgMaiNp9-5mUgZM6Egsv4z18QZt7xeHC,JLab,Low,81.0,0.0,Excellent,Low,11.9275519189824,2.8325,11.9275519189824,Low,388.8,0.31437553586739064
keyboard,Logitech G316 X 98 Wired Gaming Keyboard Switches,119.99,,4.4,10.0,Best Buy,21.0,Free delivery by Tue,,https://encrypted-tbn0.gstatic.com/shopping?q=tbn:ANd9GcRtlBlqj-4zZhl9YEFRMtVasT-LOsUiFNK2zBxAlDIog6qUmEFff4xIQTr7TK03Ym2goqkjCLwIVBwhNSkRit5ilDj36cGghl9x0YqIDx0,Logitech,Low,80.0,0.0,Good,Low,10.550739200312831,10.908181818181818,10.550739200312831,Low,352.0,0.0826514587982478
keyboard,Turtle Beach Command Series KB7 TKL Wired Hall-Effect Keyboard,199.99,,2.8,17.0,Micro Center,22.0,Unknown,,https://encrypted-tbn1.gstatic.com/shopping?q=tbn:ANd9GcRM47AyN9NGW4wkb3292-xCTA5IUVEPwXlw8RI-Dep2J4S31Dw3Joai_I5l2ZJi4PwTab8zPbl2Dfmu4GZRkeKgMjdtvhdl,Turtle,Low,79.0,0.0,Poor,Low,8.09304092210926,11.110555555555557,8.09304092210926,Low,221.2,0.08458132245385343
keyboard,F68 60% Foldable Low Profile Mechanical Keyboard,49.99,,4.4,38.0,Rk Royal Kludge,23.0,Unknown,,https://encrypted-tbn1.gstatic.com/shopping?q=tbn:ANd9GcQCfQWg4jWke4PhZeKO5h_GzZ1My9s_60heKWd7gp3w3nlV49Fier0BSr27svVOtGhwVWdZcLKcwbSmFx6z82ACgSy6nkRuk-8ZB8T7wCFZHbtdkzStLvNU,F68,Low,78.0,0.0,Good,Low,16.119671242970444,1.281794871794872,16.119671242970444,Low,343.20000000000005,0.7452441655226515
keyboard,Razer Huntsman Mini Gaming Keyboard,119.99,,4.6,1700.0,Razer.Com,24.0,Free delivery,,https://encrypted-tbn2.gstatic.com/shopping?q=tbn:ANd9GcRe7yEQ1ZC3wqdrCfMnaZDeG2MJUtVcqtkMF9DsXj1aNycaJiQsSq4vpO8iPF2osbPMcDflED5_jiEpTk6W_gw1egoWeY6g,Razer,Low,77.0,0.0,Excellent,Medium,34.21926932502096,0.07054085831863609,34.21926932502096,Low,354.2,14.050747995702125
keyboard,Keychron B6 Pro Ultra-Slim Wireless Keyboard,44.99,,4.7,590.0,Keychron.Com,25.0,Free delivery,,https://encrypted-tbn1.gstatic.com/shopping?q=tbn:ANd9GcSMhcuSf6zQje3RFJQpEhOiBUCfpXjaQGo-aIauVyQXEpe1cgaTH4TY8jj7LzWQTlUXGgfhOe4z0aK8-YPbxLM5VTMIian9r2MysyI4oSUiDHIQSWmLnRLp,Keychron,Low,76.0,0.0,Excellent,Low,29.994535281808663,0.07612521150592216,29.994535281808663,Low,357.2,12.828875842574472
keyboard,Redragon Terraflare Pro K762 Wireless Mechanical Gaming Keyboard,69.99,,4.9,83.0,Redragon,26.0,Free delivery,,https://encrypted-tbn2.gstatic.com/shopping?q=tbn:ANd9GcTehtqhptHKCkexZEdH-_yG8CS12Y2bVdybfFOZdbX6FRnpHk5TB8letxyWwZHOqmPboBohQRdWqWR7TLGCxa7pLWOb6dBAZ7A9E56HElx6kzsGK2lTgcm2Og,Redragon,Low,75.0,0.0,Excellent,Low,21.711002314332237,0.8332142857142857,21.711002314332237,Low,367.5,1.169178757571489
keyboard,Logitech MK470 Slim Wireless Keyboard Mouse Combo,39.99,,4.6,9400.0,Target,27.0,Free delivery by Sat,,https://encrypted-tbn0.gstatic.com/shopping?q=tbn:ANd9GcR1a1fLcjwJsC9CpV8P0VeRas_rZ4UjRb7sgN30nSgJH16SwGlnmg48Kkm1B3n8d2iDAHbDxT40xCfWEIQekEopBUDLS9ruy9orai8U9PQr,Logitech,Low,74.0,0.0,Excellent,High,42.08342818966133,0.00425380278693756,42.08342818966133,Low,340.4,229.32422542083435
keyboard,ProtoArc EK01 Advanced Ergonomic Split Keyboard,79.99,,5.0,2.0,Protoarc,28.0,Free delivery,,https://encrypted-tbn3.gstatic.com/shopping?q=tbn:ANd9GcQUX-iPQc3WQYTnQjbboSkp_m8amJizx1MP3Jp03vcJdw7NANw2n4ShmTfu2gKP_I1WUYpFq8o3WX6aTxQsmsPKfPibvkYT76vizp8-TSohIXyTUvUNnietvlg,ProtoArc,Low,73.0,0.0,Excellent,Low,5.493061443340549,26.66333333333333,5.493061443340549,Low,365.0,0.024694406716878628
keyboard,ASUS - ROG Strix Scope II 96 96% Wireless Mechanical Gaming Keyboard with Hot-Swappable ROG NX Snow Switches - Black,131.99,,4.8,102.0,Best Buy,29.0,Free delivery by Tue,,https://encrypted-tbn2.gstatic.com/shopping?q=tbn:ANd9GcQ-vBSPclQny_i1s4_YI1XMQfk24Rf-Il_UamFQaRqLGYNL75Y4liP9L_tvtGJoYqEv6kp49O3uU-CRMygP_YLdWsokgbDHXPVlllLwx-8,ASUS,Low,72.0,0.0,Excellent,Low,22.24669914350225,1.2814563106796117,22.24669914350225,Low,345.59999999999997,0.7669749605233476
keyboard,Logitech POP Keys Wireless Mechanical Emoji Keyboard,99.99,,4.7,1100.0,Dell,30.0,Free delivery,,https://encrypted-tbn1.gstatic.com/shopping?q=tbn:ANd9GcQsflq4dBlbY7VNUMwurIrxKK05NP6dhBK9oO6dc8DR9SW6aEZFI2e_rw6VNVQPg9RuSd0cBPbunVXWWJxPPR6FqKkwu1dt,Logitech,Low,71.0,0.0,Excellent,Medium,32.918678442596594,0.09081743869209809,32.918678442596594,Low,333.7,10.892167541340728
keyboard,Huo JI E-Yooso Z-88 Mechanical Gaming Keyboard Red Switches,59.99,,4.5,0.0,Walmart - Huo Ji,31.0,Free delivery,,https://encrypted-tbn3.gstatic.com/shopping?q=tbn:ANd9GcRNNPC06LW2LBiUX4e1-iC0SDs3GToGGePWjKyKv57ctgjIp4WownII4oJhhwbPHbUMUXtQsxIEVoSv86IRCMloD8INuxaT,Huo,Low,70.0,0.0,Excellent,No Reviews,0.0,59.99,0.0,Low,315.0,0.0
keyboard,Gravastar Mercury K98 Pro Phantom Black,222.26,,4.8,42.0,Gravastar,32.0,Unknown,,https://encrypted-tbn2.gstatic.com/shopping?q=tbn:ANd9GcRB2RPBCartxNMJ1926OJVTWyM7FmxmV2Bu32xmy11XBIwUppoKDVafvhttug8RI9L0n1gpcBS87HJsxmDfIaSVAVWWEOTYeQlh-QMZwepF,Gravastar,Low,69.0,0.0,Excellent,Low,18.0537605553291,5.168837209302326,18.0537605553291,Low,331.2,0.18812147272238647
keyboard,New Glorious GMMK 3 PRO 75% Wired Mechanical Gaming Keyboard,349.99,,4.6,72.0,Glorious,33.0,Free delivery,,https://encrypted-tbn3.gstatic.com/shopping?q=tbn:ANd9GcRhXYlXvAEQMeUb7pBQ0Nqq-570NSWKjTbUxfxCbn9zgSng78D0-LaSkXiKAUthr3VNj8A6hgUB3v9OtdImTNXzdoVFrVjuLShKsdHMYja0zerwsG01_Vmxfg,New,Low,68.0,0.0,Excellent,Low,19.736113429282597,4.794383561643836,19.736113429282597,Low,312.79999999999995,0.20513404940311689
keyboard,MelGeek MADE68 Ultra V2 AI Gaming Keyboard,239.0,,4.6,16.0,Melgeek,34.0,Unknown,,https://encrypted-tbn0.gstatic.com/shopping?q=tbn:ANd9GcQMMweJv-yDqkC9LHCMTkANtvMX6wrC-Esk3m5_4Z8M1QL9igXDbiEMdPyiTrEehoRHWPNcO_73UzQQ6sMsYwgsbLFkZ68uF_ZI-_Shzypr3zUJ6tac1_nuRA,MelGeek,Low,67.0,0.0,Excellent,Low,13.032781382658593,14.058823529411764,13.032781382658593,Low,308.2,0.06666666666666667
keyboard,Kensington Pro Fit Ergo Wired Keyboard k75400us,39.99,,3.7,39.0,Lenovo,35.0,Free delivery,,https://encrypted-tbn0.gstatic.com/shopping?q=tbn:ANd9GcSStqPoPnKsCsucms6WXE26YRCo3UAgrFS4rgAhdSzwcIpaxUICrjxyeq96L04iy-k-fF6gmRuxo6p7Oo1o2Dv8MDTegZp0q3sUQ0jiBD1xAOgcNQxdA2Rniw,Kensington,Low,66.0,0.0,Average,Low,13.648853980221565,0.99975,13.648853980221565,Low,244.20000000000002,0.9514515735545255
keyboard,Adesso Tru-Form 150 3-Color Illuminated Ergonomic Keyboard,62.24,,3.2,81.0,Best Buy,36.0,Unknown,,https://encrypted-tbn0.gstatic.com/shopping?q=tbn:ANd9GcSAYsDMVv9DG6Yb4ND1GY7JpZtcQd0zZYM7yXJcO01PAssFtGr4Jnt7zGkINjjg2vchYvdVWF5VBuuShGiptOf2nslHbbN-,Adesso,Low,65.0,0.0,Average,Low,14.101501591245611,0.7590243902439024,14.101501591245611,Low,208.0,1.2808349146110056
keyboard,HyperX Alloy Rise 75 Gaming Keyboard,84.99,,4.7,112.0,Target,37.0,Free delivery,,https://encrypted-tbn2.gstatic.com/shopping?q=tbn:ANd9GcQw-hy2QH-QVFC9BpSQIOoqrvvlSawvgo5kxWLiC3tpNJZWMkNC4J7A6Uh_lcZvRxZjTfGGaZqiTbqAIirSXCK_O86GF1g74g,HyperX,Low,64.0,0.0,Excellent,Low,22.218722747948004,0.7521238938053096,22.218722747948004,Low,300.8,1.3024770322130481
keyboard,Razer Huntsman V3 Pro Tenkeyless,219.99,,4.4,36.0,Razer.Com,38.0,Free delivery,,https://encrypted-tbn2.gstatic.com/shopping?q=tbn:ANd9GcTPFNMzzI8HPIH6OI4KPqy2CFFvUWNcVtQWH2WfrHLwYtYNTnayfp9S41cURgZY0MX50nYxX1ENrTAd_qHKjZO4lsaXFovC,Razer,Low,63.0,0.0,Good,Low,15.888038815634589,5.945675675675676,15.888038815634589,Low,277.20000000000005,0.16290329879180052
keyboard,HP 125 Wired Keyboard,7.49,,5.0,16.0,Adorama,39.0,Unknown,,https://encrypted-tbn3.gstatic.com/shopping?q=tbn:ANd9GcSf_GXBtz0lMV8hHw7uGCWxs8CwwUS8GZCXvF7a6KanpH_ftIIkVD9LXh-THoZSminp8K1gqQqdHvjWwTMHe7ymAysGuT7bmYqN0xHptck,HP,Low,62.0,0.0,Excellent,Low,14.16606672028108,0.44058823529411767,14.16606672028108,Low,310.0,1.884570082449941
keyboard,Logitech MX Mechanical Wireless Illuminated Performance Keyboard,152.99,,4.4,1600.0,Nfm,40.0,Unknown,,https://encrypted-tbn2.gstatic.com/shopping?q=tbn:ANd9GcQoJliCD6dgCYes831l-zD4OfVUPWk1TjM63zJxYRSiAKfk3vq__z-tnw5C-USZ49SYJ0AvlkHmsbFrTqB6CojlBm4bn3papW6QqXxkJeWWkX1rFs1QXsX3,Logitech,Low,61.0,0.0,Good,Medium,32.46488833718555,0.09555902560899439,32.46488833718555,Low,268.40000000000003,10.390285083446976
mouse,Logitech M100 Mouse Optical USB,9.99,,4.7,6700.0,Best Buy,1.0,Free delivery by Thu,,https://encrypted-tbn3.gstatic.com/shopping?q=tbn:ANd9GcSXKotDjwlCKs0ek3ZvTy7hlGT5VIcIWGv4Rt86qvBhdlc5RuH7Gl4Uxs4kmJH3Eqos0FZ-yxt2jPgdDAuMdbh0jRkn9QQqRozXz1ExnEF5B131DJU7CesW,Logitech,Low,100.0,0.0,Excellent,High,41.407056625473906,0.0014908222653335324,41.407056625473906,Low,470.0,609.6451319381256
mouse,Onn Wired USB Mouse,7.88,,4.4,148.0,Walmart,2.0,Unknown,,https://encrypted-tbn2.gstatic.com/shopping?q=tbn:ANd9GcS8W6CdqDrhXR4qQV9zoEqvd2fsrNSHKR_DX4pKuhBLrKTIjZirGkZKzEUojyBCYqwI5zw4b-FGPVpriqsKp_WmeBo9xm5xZIboQcayXhk,Onn,Low,99.0,0.0,Good,Low,22.017363746160022,0.05288590604026846,22.017363746160022,Low,435.6,16.666666666666668
mouse,Razer Basilisk V3 Wired Optical Gaming Mouse,39.99,,4.8,326.0,Best Buy,3.0,Free delivery by Tue,,https://encrypted-tbn0.gstatic.com/shopping?q=tbn:ANd9GcRRUZ6khgTBRF4XSIGJxNCAfmNzXBEOdUkTVu_vm1yhZz9SHmhzoYRAD1MNpMl99yUzzDeCaWIiYvkdvvd01iw1kP6pPzhkGVx968dB9HER5YMnXt_VH7lDEg,Razer,Low,98.0,0.0,Excellent,Low,27.791808820306816,0.12229357798165139,27.791808820306816,Low,470.4,7.953159307148084
mouse,dealworthy Wireless Mouse,7.99,,3.7,60.0,Target,4.0,Free delivery on $100+,,https://encrypted-tbn0.gstatic.com/shopping?q=tbn:ANd9GcQFzbraR4u0UO7_D4_XaoBxsd6YupobAGAKSNQCICdHSY34xxh-UTiGXWZ6G3rMcQib0mMMOU53IN-v546Rw16gUpt39KjznA,dealworthy,Low,97.0,0.0,Average,Low,15.210233297441253,0.13098360655737706,15.210233297441253,Low,358.90000000000003,6.674082313681868
mouse,SteelSeries Aerox 3 Wireless Gaming Mouse,109.99,,4.6,3200.0,Micro Center,5.0,Unknown,,https://encrypted-tbn3.gstatic.com/shopping?q=tbn:ANd9GcTF0sJ1gXzsAQNMy5tq2zeYl2jnHizQ64B82o7eKB0mWcgmSXRDe3Rv4K0ykPC4RMQKhttXrBAahuGyCIaTLVnoJjv8zm4T,SteelSeries,Low,96.0,0.0,Excellent,High,37.127605283861364,0.0343611371446423,37.127605283861364,Low,441.59999999999997,28.831426254617533
mouse,Redragon M607 Griffin Wired RGB Gaming Mouse,16.99,,4.8,896.0,Best Buy,6.0,Free delivery on $35+,,https://encrypted-tbn0.gstatic.com/shopping?q=tbn:ANd9GcTHajmzTemLtS6tejpyLxmOpt-ZWTeEDg_oR4FKuGvlbwNhBjhjzqOwIrkkoAsB96knSbIBta32BSNXT28IWP0zDJIebjDTs4CwfEQrfPL0POPizOi-Qo5azA,Redragon,Low,95.0,0.0,Excellent,Low,32.63546813788222,0.018940914158305462,32.63546813788222,Low,456.0,49.80544747081713
mouse,Logitech G305 Lightspeed Wireless Gaming Mouse,29.99,,4.6,8300.0,Target,7.0,Free delivery on $35+,,https://encrypted-tbn0.gstatic.com/shopping?q=tbn:ANd9GcRxkJ0m_7nmu4auytZ3kbWGmIVArxmUHPf4oxgh3IqupqpQGHSFNms2aw3NDA21_Dn73QG9MgXq4wgn4mM-U3wG0169v48yWw,Logitech,Low,94.0,0.0,Excellent,High,41.51100383489316,0.0036128177328032763,41.51100383489316,Low,432.4,267.82833171990967
mouse,Logitech M220 Silent Wireless Mouse,13.83,,4.8,44000.0,Walmart,8.0,Unknown,,https://encrypted-tbn2.gstatic.com/shopping?q=tbn:ANd9GcQSq6y-HCWbucmbkwoeidxM8uJT63IJXlJDTU-QlMG1dnZP9UKRAdLPTY5n2DGcDUJi1SAgLWrNjcO3phHRFesD6qrn3Q3qjkS3Hj2-klWWigPrMrk95rG6Bg,Logitech,Low,93.0,0.0,Excellent,High,51.321444671591344,0.00031431103838549124,51.321444671591344,Low,446.4,2966.95886716116
mouse,World Market Wireless Computer Mouse,16.19,,4.5,4.0,World Market,9.0,Unknown,,https://encrypted-tbn3.gstatic.com/shopping?q=tbn:ANd9GcRt6zmIn-Tjn1iJNB_-rgxqC8cm1GIDzooly7Kp3UQdj2WMsngpbzWKwHRRZnT9jSC3IYlb8OfIADxQ_G_UzhPNUquQQsnstEbaSFTKvYbcT_hgDRBvSk8P,World,Low,92.0,0.0,Excellent,Low,7.242470605953451,3.2380000000000004,7.242470605953451,Low,414.0,0.23269342641070387
mouse,Glorious Model O Eternal Ultralight RGB Gaming Mouse,34.99,,4.7,68.0,Best Buy,10.0,Unknown,,https://encrypted-tbn1.gstatic.com/shopping?q=tbn:ANd9GcTK8gqdVmz9RtWK-hC8Lv4VQL5fDVNwYMVblu1ypBQA8lRT4xn-cdVtcQBUUUZxlrrUmMk0pYewM2WwF5P6zEadzMkVi7zEEhRZ3SBwzD-rVS3Yc-SubNnzCg,Glorious,Low,91.0,0.0,Excellent,Low,19.900300571607122,0.5071014492753624,19.900300571607122,Low,427.7,1.8894137260350097
mouse,Dragonfly V3 PRO Wireless Mouse,14.98,,4.6,50.0,Atk Gaming Gear,11.0,Unknown,,https://encrypted-tbn0.gstatic.com/shopping?q=tbn:ANd9GcQMVDTUPtU-VqItsn9TBKNeRmPHUWVFCzLaBCy0XTgDFaLD02QMpOiekTZN2Rw20nhXk0g_7Q13LXLe8E-wcP1S7PdNe46fIllSpGGvtLttF56rw3JgJIEjRg,Dragonfly,Low,90.0,0.0,Excellent,Low,18.086397910531897,0.29372549019607846,18.086397910531897,Low,413.99999999999994,3.1289111389236544
mouse,Ijoy Wireless Bear Glitter Mouse,9.88,,4.6,12.0,Walmart,12.0,Unknown,,https://encrypted-tbn3.gstatic.com/shopping?q=tbn:ANd9GcT9UaL1ruduI91Y2pU9G8a3_QbeUIs_ZUn2aNGqogE51vWPcxQ-Mq_AA3zybX-_YwqJGUMkhXOkqjUfdwg9QgHjuho19M8UyDpI7mXS0uId2y1vCUGakG0T2w,Ijoy,Low,89.0,0.0,Excellent,Low,11.798767044323068,0.76,11.798767044323068,Low,409.4,1.102941176470588
mouse,Razer Cobra Minecraft Edition Lightweight Wired Gaming Mouse,59.99,,4.9,74.0,Razer.Com,13.0,Unknown,,https://encrypted-tbn1.gstatic.com/shopping?q=tbn:ANd9GcQr4PbAHq_dC2y-OesRAkOKpHlg2-LNHSN9aoyIBz0S130lZGaXR07vQXfksWmUXcVczCeYPbVVSzea0Tg0NhCPxahmy2i9,Razer,Low,88.0,0.0,Excellent,Low,21.155691756327922,0.7998666666666667,21.155691756327922,Low,431.20000000000005,1.2133136579767174
mouse,Logitech PRO X2 SUPERSTRIKE LIGHTSPEED Wireless Gaming Mouse,179.99,,4.8,937.0,Best Buy,14.0,Unknown,,https://encrypted-tbn0.gstatic.com/shopping?q=tbn:ANd9GcTS0XCN6TqoDv6qwPJvmd2d4eCrOUwr3lDqOZvTrN4pwC8kdTiR_tmF2gzaWqMHtbi6E0me_ZgSQfNb4ARD5vQn_4iuqTvgM6eyLtaer5aE8Zzkrk6QIz7yng,Logitech,Low,87.0,0.0,Excellent,Low,32.849999755229874,0.19188699360341152,32.849999755229874,Low,417.59999999999997,5.177081606718603
mouse,Dell WM126 Wireless Mouse,14.99,,4.4,7200.0,Dell,15.0,Free delivery by Fri,,https://encrypted-tbn2.gstatic.com/shopping?q=tbn:ANd9GcQ84U7xIATyy7WgQRVOHlEbu0fufN9e5O1ifqRWk3YHiaaieaq-W6ucdLv3ov4hfWdNfCtIMJiI4UO7m-V9NdBFxRcW4Cub,Dell,Low,86.0,0.0,Good,High,39.08069081069502,0.0020816553256492155,39.08069081069502,Low,378.40000000000003,450.281425891182
mouse,Wireless Gaming Mouse 1200DPI 2.4GHz Optical USB Receiver Mice for PC Laptop,6.31,,4.0,2100.0,Walmart - Seller,16.0,Unknown,,https://encrypted-tbn0.gstatic.com/shopping?q=tbn:ANd9GcSfhTd0tF7kcxNpeZshj3kyDvoe5XlmUV_OkuK8SqcKt_3b3NJuVt9FFoToqsQusHJ6nmOh7e2Pa8aewyNyMfRc_Yw152R5xg,Wireless,Low,85.0,0.0,Good,Medium,30.600674803380002,0.003003331746787244,30.600674803380002,Low,340.0,287.2777017783858
mouse,Logitech Signature M550 Wireless Mouse,19.99,,4.8,1900.0,Target,17.0,Free delivery on $35+,,https://encrypted-tbn0.gstatic.com/shopping?q=tbn:ANd9GcTKkv1l8AhX-5_eTraFzaDA25cwGnm_YzNXBEvVlFnm-DdjwsUnIDlj6gXk_a0qMmhqBdX2j0Yn_JBp5jT-yU92qfZZqg23aw,Logitech,Low,84.0,0.0,Excellent,Medium,36.24064964394446,0.010515518148342977,36.24064964394446,Low,403.2,90.51929490233445
mouse,Wireless Vertical Ergonomic Mouse — Bluetooth + 2.4GHz,29.99,,4.5,0.0,X9 Performance,18.0,Unknown,,https://encrypted-tbn3.gstatic.com/shopping?q=tbn:ANd9GcRFi74aLI3Nu12mbbkd0n1ToGBX9PNgHlO5aKO7aYaqG1fykOJpgh-G53fi_xYIhGkU1helo2S5vbwAvB_ur-sga8jqhZc1nsEYMiLy1c0i7ErF91hFXnSX,Wireless,Low,83.0,0.0,Excellent,No Reviews,0.0,29.99,0.0,Low,373.5,0.0
mouse,Razer Basilisk V3 Gaming Mouse,44.95,,4.7,6500.0,Best Buy,19.0,Unknown,,https://encrypted-tbn1.gstatic.com/shopping?q=tbn:ANd9GcS_VzcZa3c_xg1hOLUbFkKM9aUnjh3ijTmFLNlWaG2mDPQ3KXT0fP2Lo3nGGRFpLnRtP90Rh4s4FsZmr8XOkbLnqEIopypHANS0WydjrHZQNDumAnR6NOrBkA,Razer,Low,82.0,0.0,Excellent,High,41.264643063961,0.006914320873711737,41.264643063961,Low,385.40000000000003,141.45810663764962
mouse,Logitech Silent Wireless Mouse,13.83,,4.2,237.0,Walmart,20.0,Unknown,,https://encrypted-tbn2.gstatic.com/shopping?q=tbn:ANd9GcQCJFdILRaxHPHp6bD8W6pBFfoBe1obFdjD6nbRsKf8gnrE5b5zAqAt09wgYrNufThzo78re4pB0slTggD4MUKtGHfYUHoKBWL4gEKNZIGfmjAv07pfPp0u,Logitech,Low,81.0,0.0,Good,Low,22.983536829420196,0.05810924369747899,22.983536829420196,Low,340.2,15.98111935266352
mouse,Logitech Mobi Fold Mouse,79.99,,4.7,135.0,Office Depot,21.0,Free delivery,,https://encrypted-tbn1.gstatic.com/shopping?q=tbn:ANd9GcRPEJ7fyx8T9v5b2XdxetW4Gli1r9Yvj3Gm-sT0xHMi_ZSkL6MESlnCQpSBwTnKFH9AujkT8pZwj91nflNZura5ApI4dEqXXQ,Logitech,Low,80.0,0.0,Excellent,Low,23.089477962959446,0.5881617647058823,23.089477962959446,Low,376.0,1.6668724533893073
mouse,Belkin Wired Ergonomic Mouse,13.48,,4.5,56.0,Staples,22.0,Free delivery on $35+,,https://encrypted-tbn1.gstatic.com/shopping?q=tbn:ANd9GcTLBcOfF3bBqc9AaJWbtFL7m37zGyMKP64xR0_v2C0EbcH7nviXeaA3jlgeGhUkvxNuMTNEgWqRTovH6GhQTTot7hZi2a8_QDTMH1HjxttxvpbdYo1KiGdIPg,Belkin,Low,79.0,0.0,Excellent,Low,18.193730705255476,0.23649122807017545,18.193730705255476,Low,355.5,3.867403314917127
mouse,CORSAIR IRONCLAW WIRELESS SE Gaming Mouse,59.99,,4.6,73.0,Best Buy,23.0,Free delivery by Tue,,https://encrypted-tbn3.gstatic.com/shopping?q=tbn:ANd9GcRFZLrx3UofDppUPT3atqpx1bBZMEHr5V20tZvVgDaAdrsG-UGN19TSUUKvPOrABVjTRbtT0IpRZZGtwuSLiZuKon-XSfxFQCdQLuNZc6xgpfC-uYI3040Vhw,CORSAIR,Low,78.0,0.0,Excellent,Low,19.79869942873918,0.8106756756756757,19.79869942873918,Low,358.79999999999995,1.1969175274635186
mouse,2.4GHZ Wireless Gaming Mouse 6 Keys USB Receiver Pro Gamer Mice For PC,7.99,,3.9,71.0,Walmart - Houyin He,24.0,Free delivery,,https://encrypted-tbn1.gstatic.com/shopping?q=tbn:ANd9GcS-Zx5S4ickrQZwRsoti8au7BLMIITuZOdYMORc4nYv2H0QhehhBJWZg1ey6_XtGZgRhYizewGeIJRuMMN5FQGCAnoH9TXLIDEi1ipCGQjPpDzNr2ccd22KPg,2.4GHZ,Low,77.0,0.0,Average,Low,16.678997864162614,0.11097222222222222,16.678997864162614,Low,300.3,7.897664071190211
mouse,G502 Lightspeed,59.99,,4.3,48.0,Dell,25.0,Free delivery by Fri,,https://encrypted-tbn0.gstatic.com/shopping?q=tbn:ANd9GcRAZRwf7iUcl4ljY0QDaNBMTuyBXpL3OSUtK4OT3Mez2vCtuSdjRt1E6ZGlejhVzMBu3DuBtotuBpw0-dFqC2SDl82dugFl,G502,Low,76.0,0.0,Good,Low,16.734827281875692,1.2242857142857144,16.734827281875692,Low,326.8,0.7870142646335465
mouse,Razer Viper V3 Pro Wireless Esports Mouse,119.99,,4.9,113.0,Razer.Com,26.0,Free delivery,,https://encrypted-tbn3.gstatic.com/shopping?q=tbn:ANd9GcQMoDEaS8yvU4RPdEA3njpQwKgtberZAVeVN5hdL_NUVkFeML6bt2XSSxWV7rfR9IP5qWt5OVUZnVc8vMcDbLxVRepwFEhWvA,Razer,Low,75.0,0.0,Excellent,Low,23.20737239713303,1.0525438596491228,23.20737239713303,Low,367.5,0.9339614844202001
mouse,G502 HERO Logitech Gaming Mouse,73.99,,4.6,18000.0,Best Buy,27.0,Unknown,,https://encrypted-tbn3.gstatic.com/shopping?q=tbn:ANd9GcRacnQX8aKOY6fICPvuDsF0lI9rKDWBQYdjrgOvXacDihlRGb4aPEGLRq4jTrLCDSJKDp2mJSFhQaRAdwqXbBsT1mZ0tU4EW5PtipER9mY,G502,Low,74.0,0.0,Excellent,High,45.07163991809723,0.0041103272040442194,45.07163991809723,Low,340.4,240.03200426723564
mouse,Adesso iMouse M6-TAA Optical Scroll Mouse,6.07,,3.0,2.0,Tiger One Coffee,28.0,Unknown,,https://encrypted-tbn3.gstatic.com/shopping?q=tbn:ANd9GcQTXLIjwW_S0XsOzhlzVeXh6_VmxD65c5fdbg3LKymzMdabUMQuvZzqzmrxe1vXbEkvopbhPjYTB_Lqpl957k2T1_6yNSirqUtgAIaVcuuT427NUgAeKj6rRQ,Adesso,Low,73.0,0.0,Average,Low,3.295836866004329,2.0233333333333334,3.295836866004329,Low,219.0,0.2828854314002829
mouse,Onn Silent Wireless 5-Button Mouse with 1600 dpi,9.88,,4.5,66.0,Walmart,29.0,Unknown,,https://encrypted-tbn0.gstatic.com/shopping?q=tbn:ANd9GcQUe53hf_9Ue3qUNZ5Hck1USNBwbKYngh80XWiAptNyNOEIWG_XsWGdEFGxLtzBSlFDsKNYGJUA67t7gADIRT4w0OJwHeRXk94C92rUfsGgSMZ3yDYb3oaLyg,Onn,Low,72.0,0.0,Excellent,Low,18.921116787259347,0.1474626865671642,18.921116787259347,Low,324.0,6.066176470588235
mouse,Logitech MX Master 4 Wireless Mouse for Mac,144.42,,4.5,210.0,Govconnection,30.0,Unknown,,https://encrypted-tbn0.gstatic.com/shopping?q=tbn:ANd9GcRZjSZ8sdR4v_6mxNWEQnFQKySc8v2owFX824_efU006eZhX08MNqMSjpGpGmdyymeKNwzbp7iL11vXKXZkbIeo_NCeFFvdVW1hBQbO0UVYCSJ8h00R_MBSpg,Logitech,Low,71.0,0.0,Excellent,Low,24.0833616006423,0.6844549763033175,24.0833616006423,Low,319.5,1.4440929720808693
mouse,Best Buy essentials Wireless Optical Standard Ambidextrous Mouse with USB,9.99,,4.6,1300.0,Best Buy,31.0,Free delivery by Sat,,https://encrypted-tbn0.gstatic.com/shopping?q=tbn:ANd9GcRSFjuXa9iIGF30R6Y0abfEe01L9pkqM30xOCVQ5AYrg70AmtrarmYI00siy06KOLElD64fA20bgpMoGEtorBowrbmiWHNBu2uQExFwLVw,Best,Low,70.0,0.0,Excellent,Medium,32.98608700115752,0.007678708685626441,32.98608700115752,Low,322.0,118.28935395814376
mouse,Logitech Ergonomic Lift Vertical Wireless Mouse,69.99,,4.7,8100.0,Logitech,32.0,Free delivery,,https://encrypted-tbn1.gstatic.com/shopping?q=tbn:ANd9GcQyuY08suf4c9qax7zvCHiJPPolSrG_RulWhSevf17YG30DM0ANa_bKM-SwKLhyvVRDhrsLv0ouTJzKJnSeyjJjI7LYgLxwn6fRQ17g-UJ_2V9aLv_ycM4_Ug,Logitech,Low,69.0,0.0,Excellent,High,42.29879111220331,0.008639674114306875,42.29879111220331,Low,324.3,114.10057754613327
mouse,Glorious Model O Classic Wireless Mouse,89.99,,4.5,0.0,Glorious,33.0,Unknown,,https://encrypted-tbn3.gstatic.com/shopping?q=tbn:ANd9GcTki_jUzfHYxOQ2YLoln05fPO68foZiU9G3v-8Iisp7RNI6d_PcIr8majErcqudIEfq7-M7kOfmwtU62yoYm94mmNX8K2RhrMMCuPje4Ym1T1uIO1qOX3usx_4n,Glorious,Low,68.0,0.0,Excellent,No Reviews,0.0,89.99,0.0,Low,306.0,0.0
mouse,Logitech MX Vertical Advanced Ergonomic Mouse,84.99,,4.5,6800.0,Walmart - Globeimport Us,34.0,Free delivery,,https://encrypted-tbn1.gstatic.com/shopping?q=tbn:ANd9GcRbJcW6HxHDHp168v1dLa-gg_g3hfL4nTQ6EO0FsYyVUlh_UD-YHkNrawiBr5yRpgRXVUtdtgilPiRhNFGTz2OXgb7y9tknCaZmUIMfV7IUv7AXOmAK5P0U9Ck,Logitech,Low,67.0,0.0,Excellent,High,39.71171222629037,0.012496691662990736,39.71171222629037,Low,301.5,79.07896267007791
mouse,Redragon M612 Predator RGB Gaming Wired Mouse,24.99,,4.7,190.0,Redragon,35.0,Unknown,,https://encrypted-tbn0.gstatic.com/shopping?q=tbn:ANd9GcTPvxym9qoHOR5nuEp8SDOJhiSB_cK_03IwMvVDT8lNljMI1mPrdMqUSJDYpzxgMF1eqrJvqQY1abZ2NCMSC-r_ZEjajzt7NCCE4avzF_-p_M2Ad2Akqclz30U,Redragon,Low,66.0,0.0,Excellent,Low,24.68568511181916,0.13083769633507852,24.68568511181916,Low,310.2,7.310504040015391
mouse,Logitech G703 Lightspeed Wireless Gaming Mouse,68.99,,4.6,2000.0,Best Buy,36.0,Free delivery by Tue,,https://encrypted-tbn1.gstatic.com/shopping?q=tbn:ANd9GcSrguKW9ih7FpXPVasBUyda83YW57zZtToHzNtWZD2wZckrGsOV0tljyOSJmiSJHjlkh2MECBDIISHYlAriccOQqA6_9b-WScOEG6wIWsA,Logitech,Low,65.0,0.0,Excellent,Medium,34.96645073908517,0.03447776111944028,34.96645073908517,Low,299.0,28.575510787255325
mouse,Keychron M3 Mini Wireless Mouse,59.49,,4.0,37.0,Keychron.Com,37.0,Free delivery,,https://encrypted-tbn2.gstatic.com/shopping?q=tbn:ANd9GcSt1q8k9m9_jNaoh0VWCJzKPa73CS-5anGsVxH3jTTU5gWJb_4fVftKR76GEz_osgdIgvaM56Z8DtayEp70ML5LlH12Q_ttYjuzbMkQqkPxZXm7yBDLI99Pag,Keychron,Low,64.0,0.0,Good,Low,14.550344638905543,1.5655263157894737,14.550344638905543,Low,256.0,0.6116713506364688
mouse,Goldtouch Comfort Bluetooth Wireless Mouse KOV-GTM-BTD,59.0,,5.0,1.0,Human Solution,38.0,Free delivery,,https://encrypted-tbn2.gstatic.com/shopping?q=tbn:ANd9GcR6UlfdS1lRIp4ULEiI_WZzFq8fqydn00HXQhpSCegroryN3TuOXocy6EU6Sk_1uxu3EXXIVzKTPWzCsoSXNsk0k8TYovsDwGcq2bD_L_poeVddayNOqSLI2g,Goldtouch,Low,63.0,0.0,Excellent,Low,3.4657359027997265,29.5,3.4657359027997265,Low,315.0,0.016666666666666666
mouse,Logitech G502 X Gaming Mouse,74.99,,4.5,1700.0,Lenovo,39.0,Free delivery,,https://encrypted-tbn2.gstatic.com/shopping?q=tbn:ANd9GcS5vKs6NOcYzyCC5jqdFK47MKUHNldG3WlCP7D0BimUZhihu7NQwV-mvtElS3RwyvlQoyduBWHkPIH8VC3Pmz7wJbch5jC7,Logitech,Low,62.0,0.0,Excellent,Medium,33.47537216578138,0.04408583186360964,33.47537216578138,Low,279.0,22.371364653243848
mouse,Oefntac Wireless Mouse Computer Mouse Bluetooth Mouse Rechargeable Silent Bluetooth Dual Mode Wireless Mouse,5.97,,4.5,0.0,"Walmart - Abpwly Clothing Co., Ltd",40.0,Unknown,,https://encrypted-tbn0.gstatic.com/shopping?q=tbn:ANd9GcSIuwbTEQflUWDneUuMDDoVIf2hMM1E9xEG0M2AbgMCyGsCGp4-w4y7RTTgaqquZgLBvV8lkvOEscldtTy6RLLTqNd3PEr_,Oefntac,Low,61.0,0.0,Excellent,No Reviews,0.0,5.97,0.0,Low,274.5,0.0
monitor,Onn. VGA HDMI 60hz FHD Monitor,74.0,,3.9,1100.0,Walmart,1.0,Free delivery,,https://encrypted-tbn0.gstatic.com/shopping?q=tbn:ANd9GcS4mezKoxEPiYjV_GLw2W_ElAeOOYSWgeJF3JWl38ydmecda8KON8S1POdxhSMRU5EQGH7_Pm36,Onn.,Low,100.0,0.0,Average,Medium,27.31549913321845,0.06721162579473206,27.31549913321845,Low,390.0,14.666666666666666
monitor,Samsung S3 FHD IPS 100Hz Monitor,79.99,,4.7,1700.0,Micro Center,2.0,Unknown,,https://encrypted-tbn2.gstatic.com/shopping?q=tbn:ANd9GcSZtdOenY2GnrAw60jAe0hqfXPVGzbiUrg8ED3FzqEOZXYqM2QOTW3i8aLY5u-pxanLP_LN4ncu,Samsung,Low,99.0,0.0,Excellent,Medium,34.963166484260555,0.04702527924750147,34.963166484260555,Low,465.3,20.990245709346834
monitor,Samsung Odyssey G3 Full HD Gaming Monitor,199.99,,4.7,2000.0,Best Buy,3.0,Free delivery by Tue,,https://encrypted-tbn1.gstatic.com/shopping?q=tbn:ANd9GcSg6hDeeu3-1bGygyHdhw07VcykoB44QZz4m4cGMkZiBuGh9nC3ShDEzThCVNSkv49nmh0irtp8,Samsung,Low,98.0,0.0,Excellent,Medium,35.72659097254355,0.09994502748625687,35.72659097254355,Low,460.6,9.950743818100403
monitor,Onn 25 inch FHD 200Hz 1ms AMD FreeSync Gaming Monitor with Cables,70.0,,4.0,5.0,Walmart,4.0,Free delivery,,https://encrypted-tbn2.gstatic.com/shopping?q=tbn:ANd9GcSbsiQvic-4Eg5jGdiPO3V0A0U9ys45jd9TLJAFivf7qdciwrM,Onn,Low,97.0,0.0,Good,Low,7.16703787691222,11.666666666666666,7.16703787691222,Low,388.0,0.07042253521126761
monitor,"Acer 22CV1Q 21.5"" Full HD 100Hz LED Monitor",49.99,,4.5,0.0,Bj'S Wholesale Club,5.0,Free delivery,,https://encrypted-tbn2.gstatic.com/shopping?q=tbn:ANd9GcQtFmY4qyiMggp0L9MabxEMuBTpQqTrQiAWINhojKUyb7J5Pqk22T6OpVF5szS12DewslstugAn,Acer,Low,96.0,0.0,Excellent,No Reviews,0.0,49.99,0.0,Low,432.0,0.0
monitor,"ASUS TUF Gaming 24"" FHD IPS 200Hz 0.3ms Gaming Monitor with G-SYNC/FreeSync Premium",109.99,,4.8,249.0,Best Buy,6.0,Free delivery by Tue,,https://encrypted-tbn3.gstatic.com/shopping?q=tbn:ANd9GcRCpPCPySqXsxrXQnTj3Bk3aEOcWFmY1qRQWYbcFHAXxmLchWypwhLYpXKQYA,ASUS,Low,95.0,0.0,Excellent,Low,26.50301240573878,0.43995999999999996,26.50301240573878,Low,456.0,2.243445355437427
monitor,Alienware 27 240Hz QD-OLED Gaming Monitor n0xj0,349.99,,4.7,249.0,Dell,7.0,Free delivery by Fri,,https://encrypted-tbn0.gstatic.com/shopping?q=tbn:ANd9GcTv6_V5otXMnsyW78d6mQ8Pnd2DAOnUg1etlf2a0Sw6741MerMGqkYdV3ONFORMEkKSj99SxTxu,Alienware,Low,94.0,0.0,Excellent,Low,25.950866313952556,1.39996,25.950866313952556,Low,441.8,0.7094219208524459
monitor,Samsung S3 Curved FHD 100Hz Monitor,119.0,,4.6,1200.0,Walmart,8.0,Free delivery,,https://encrypted-tbn0.gstatic.com/shopping?q=tbn:ANd9GcRxHhUgSzqnfiv6aY3pEtmeae1wSTdWV03tQ0qaa9Fx-7oLtIhLej8ocLqaqCbo7PunLPCIdKE,Samsung,Low,93.0,0.0,Excellent,Medium,32.618185181567924,0.09908409658617819,32.618185181567924,Low,427.79999999999995,10.0
monitor,HP Series 5 FHD Height Adjust Monitor,149.99,,4.7,1100.0,Best Buy,9.0,Free delivery by Tue,,https://encrypted-tbn2.gstatic.com/shopping?q=tbn:ANd9GcSqzJnFGjU_8WlGvDsiGsMjGFDEwaP_tpF8m3Bj6QOnuUNOGYwNTgTBqL7ZrKlgmZStjqoqD84,HP,Low,92.0,0.0,Excellent,Medium,32.918678442596594,0.13623069936421436,32.918678442596594,Low,432.40000000000003,7.285250678852904
monitor,Pixio PX248 Wave 24 inch 200Hz Refresh Rate FHD 1080p Resolution Fast IPS Panel 1ms GTG Response Time Gaming Monitor,159.99,,4.7,308.0,Target,10.0,Free delivery,,https://encrypted-tbn2.gstatic.com/shopping?q=tbn:ANd9GcQJWkHNL1UAwMlGlwLvMbUXbxfSc19Q7fjOWaL8kH0q4Se0FqE,Pixio,Low,91.0,0.0,Excellent,Low,26.946704001419405,0.5177669902912622,26.946704001419405,Low,427.7,1.9131623082179017
monitor,LG 27 inch FHD IPS 100Hz Smart Monitor with webOS,184.0,,4.4,72.0,Walmart,11.0,Free delivery,,https://encrypted-tbn3.gstatic.com/shopping?q=tbn:ANd9GcQZcLDlwGJ2A1Sb_ZI7gOrrrDYKeW5-Oc2ClHXVg4oZ96V88A9EFBcFPr_3RbP5QbppgOxXB34,LG,Low,90.0,0.0,Good,Low,18.87802154105292,2.5205479452054793,18.87802154105292,Low,396.00000000000006,0.3891891891891892
monitor,Samsung S30GD 100Hz FHD Monitor with IPS Panel,109.99,,4.8,549.0,Bj'S Wholesale Club,12.0,Free delivery,,https://encrypted-tbn2.gstatic.com/shopping?q=tbn:ANd9GcSfyKgMoU1BSWOuaeheMjjtc_NDY1uCCRv82dA8XW4AdVuXOu5BFY-zi7nJLkUJY14FQJrnnHuL2HQ,Samsung,Low,89.0,0.0,Excellent,Low,30.287607735487278,0.19998181818181818,30.287607735487278,Low,427.2,4.94639156680782
monitor,"LG 27"" IPS FHD 120Hz Monitor with HDR10",249.99,,4.6,790.0,Best Buy,13.0,Free delivery by Tue,,https://encrypted-tbn2.gstatic.com/shopping?q=tbn:ANd9GcTXDW_W5exdJffVK05jiAaxNXILi7iFQEozZUBC0aE1N1VDwidnkhX3Wy_Ovc9az9GVYSd_m7s,LG,Low,88.0,0.0,Excellent,Low,30.697170651731206,0.31604298356510746,30.697170651731206,Low,404.79999999999995,3.147535758396749
monitor,"ViewSonic VA2448-MH 24"" 1080p 120Hz Monitor",89.99,,4.8,5.0,Staples,14.0,Free delivery by Wed,,https://encrypted-tbn0.gstatic.com/shopping?q=tbn:ANd9GcT5AGi3q5GCd2eg6zu-qKnW1KV8E91H494o1AcIKgLCYebrYoHlhJrUyWgqMMqkawruVsFeb6nT7Q,ViewSonic,Low,87.0,0.0,Excellent,Low,8.600445452294663,14.998333333333333,8.600445452294663,Low,417.59999999999997,0.05495109352676118
monitor,"Crua 22 Inch Computer Monitor,FHD 1080P/100Hz,120 sRGB,Low Blue Light,Wall Mountable,VGA & HDMI-White",69.89,,3.4,58.0,Walmart - Crua Technology,15.0,Free delivery by Wed,,https://encrypted-tbn1.gstatic.com/shopping?q=tbn:ANd9GcRzJ0p532nW9msgOHVy1mND3E65VtX_BGi_qH5aVUvT4UDbITZvPvRs8y5QToOL-wgy6cCnah2L,Crua,Low,86.0,0.0,Average,Low,13.863627309279446,1.1845762711864407,13.863627309279446,Low,292.4,0.8181689942163916
monitor,"Dell se2726hs 27"" IPS LCD FHD 144Hz FreeSync Height Adjustable Monitor",139.99,,4.8,115.0,Best Buy,16.0,Free delivery by Tue,,https://encrypted-tbn3.gstatic.com/shopping?q=tbn:ANd9GcQA9bvc-8HGdaTbKHHlSO44iAgGEgRbOhqqtsNCYCOyzt_aJP0GBe6HEwXcaBU,Dell,Low,85.0,0.0,Excellent,Low,22.817232917310548,1.2068103448275862,22.817232917310548,Low,408.0,0.8156606851549755
monitor,Element 1080P FHD IPS Display Computer Monitor,99.99,,4.8,5.0,Office Depot,17.0,Free delivery,,https://encrypted-tbn3.gstatic.com/shopping?q=tbn:ANd9GcQQYiFHWTKwYPbvQXUkY8M2pOQeh4K7x7I8L7trZ0_NywGjOTQ,Element,Low,84.0,0.0,Excellent,Low,8.600445452294663,16.665,8.600445452294663,Low,403.2,0.04950985246063967
monitor,Samsung Odyssey G5 G50F QHD Gaming Monitor,199.99,,4.7,429.0,Macy'S,18.0,Free delivery by Sat,,https://encrypted-tbn1.gstatic.com/shopping?q=tbn:ANd9GcREAqgH1ggXxKVkEHbJyGSXofmJ6EQQdZ-x0rvYw6MgyaXxFUVxe1dIRKPRW4yjMInvo1cBwf4R,Samsung,Low,83.0,0.0,Excellent,Low,28.49979048083176,0.465093023255814,28.49979048083176,Low,390.1,2.1344345489825365
monitor,"Samsung 34"" Odyssey G55t Wqhd 165Hz 1ms HDR Curved Gaming Monitor lc34g55twdnxza",279.0,,4.1,1100.0,Walmart,19.0,Free delivery,,https://encrypted-tbn1.gstatic.com/shopping?q=tbn:ANd9GcTe47nm5s3xXJLsp17k9B4l_R5gUdkX93jMxRcLknKCRS-iPvwgSwYY1Wcxgzg,Samsung,Low,82.0,0.0,Good,Medium,28.716293960562986,0.25340599455040874,28.716293960562986,Low,336.2,3.9285714285714284
monitor,Z-EDGE 27 inch 1080P Full HD 1920 x 1080 280 Hz 1 ms Curved Gaming Monitor,139.99,,4.9,165.0,Target,20.0,Free delivery,,https://encrypted-tbn1.gstatic.com/shopping?q=tbn:ANd9GcSkwD05I4T8IGGGWsFOHSHxzPzRwNz_CP47QF4zgkaqPxdLtFk,Z-EDGE,Low,81.0,0.0,Excellent,Low,25.048740162947066,0.8433132530120483,25.048740162947066,Low,396.90000000000003,1.1702957656571387
monitor,"Dell E2725HM Pro 27"" Monitor",99.99,,4.9,65.0,Best Buy,21.0,Free delivery by Wed,,https://encrypted-tbn0.gstatic.com/shopping?q=tbn:ANd9GcQPTQXFkG2nJDXpDfPpUj8kAzq9zO0LBhDiVP64P7fx7KoHdJ--3KcPB1mXamQ,Dell,Low,80.0,0.0,Excellent,Low,20.529308235929484,1.515,20.529308235929484,Low,392.0,0.6436280819883157
monitor,"LG 32"" FHD Curved 100Hz Monitor with FreeSync",179.99,,4.6,300.0,Pc Richard & Son,22.0,Free delivery,,https://encrypted-tbn3.gstatic.com/shopping?q=tbn:ANd9GcQvo0mDbOfEIh1ygo4Nihe-gYPEU8fZPq8rPlYR7lN22M-lcJqBnhcAJN1MoLSJifR6vtkWhRP4,LG,Low,79.0,0.0,Excellent,Low,26.252707217844826,0.5979734219269103,26.252707217844826,Low,363.4,1.657550140891762
monitor,"Crua 22 inch Computer Monitor - FHD 1080p 75Hz VA Frameless Monitor,Eye-Care Tech, Low Motion Blur,VESA Support, VGA & HDMI Ports - Black",68.09,,3.8,110.0,Walmart - Crua Technology,23.0,Free delivery by Wed,,https://encrypted-tbn1.gstatic.com/shopping?q=tbn:ANd9GcQS5cEnKSH_yYPTr5Ex34u9s0E5wKsFJSXAevj6PmD9vIjq9F0obbCrNRctHtyKUdyn-j0CT8M,Crua,Low,78.0,0.0,Average,Low,17.89621476498687,0.6134234234234235,17.89621476498687,Low,296.4,1.5921262121870023
monitor,"LG 27GR83Q-B 27"" UltraGear QHD 1ms 240Hz Gaming Monitor",279.99,,4.3,278.0,Micro Center,24.0,Unknown,,https://encrypted-tbn2.gstatic.com/shopping?q=tbn:ANd9GcRBnxwEqYrEEO2GaLTEkTevKdqX6x0w6JSFSYnkFErrgrDAW327irr9UsawpRMCFfSy9yfmZInO,LG,Low,77.0,0.0,Good,Low,24.21421066183187,1.0035483870967743,24.21421066183187,Low,331.09999999999997,0.989359051923556
monitor,"Acer Vero B247Y G 24"" Class Full HD LED Monitor um.qb7aa.g01",153.51,,4.5,0.0,Best Buy,25.0,Unknown,,https://encrypted-tbn3.gstatic.com/shopping?q=tbn:ANd9GcRaU2tLBbnS4gE23V8RIMGGMgZpbfBHoIxZWVmc8WK3oFp5yjE5w6DBtX61VYBi3CIWUWubu_nr,Acer,Low,76.0,0.0,Excellent,No Reviews,0.0,153.51,0.0,Low,342.0,0.0
monitor,"Asus ROG Strix XG49VQ 49"" Curved Screen WLED Gaming Monitor",854.99,,4.2,86.0,Adorama,26.0,Free delivery by Wed,,https://encrypted-tbn0.gstatic.com/shopping?q=tbn:ANd9GcTRgfX_Zj_jcTf8b30kZIhwm9cqLuq-BRkcQzivJ_scxBlfQ-b2,Asus,Low,75.0,0.0,Good,Low,18.756814098349253,9.827471264367816,18.756814098349253,Medium,315.0,0.1004684634166287
monitor,"ViewSonic VA2247-MH 22"" 1080p Monitor",79.99,,4.3,117.0,Office Depot,27.0,Free delivery,,https://encrypted-tbn2.gstatic.com/shopping?q=tbn:ANd9GcQ0659FWo_dQNWI2-Kkr7N7o01n17r9TGDc2C8Ok6i_CQWw804H,ViewSonic,Low,74.0,0.0,Good,Low,20.51394388520236,0.6778813559322033,20.51394388520236,Low,318.2,1.4446227929373998
monitor,"Gawfolk 27 inch Curved Monitor 100hz, PC White Computer Gaming Monitor FHD 1080p, 1800r, Frameless, Built-in Speakers",109.69,,3.4,255.0,Walmart - Gawfolk,28.0,Free delivery,,https://encrypted-tbn2.gstatic.com/shopping?q=tbn:ANd9GcQstqzA9vaMcEWiMkDQhcF9SNDpea6hfpPiPnuVX3aZm3O4iVZ3GiJSpMQ7jTB5ETneMWRYhdM_,Gawfolk,Low,73.0,0.0,Average,Low,18.85360331123051,0.4284765625,18.85360331123051,Low,248.2,2.3037311410244827
monitor,HP Series 3 Pro FHD Monitor 324pf,109.99,,4.1,46.0,Best Buy,29.0,Free delivery by Sat,,https://encrypted-tbn3.gstatic.com/shopping?q=tbn:ANd9GcS3n33qYvbW5ywaZqE7-tga5pcDxZffeSiT1rbihWPuIM8rrvK8AQzAxNvRqIwu4JY4f3mCMvA,HP,Low,72.0,0.0,Good,Low,15.785605167011239,2.3402127659574465,15.785605167011239,Low,295.2,0.41445175241012705
monitor,MSI Pro MP225 22-inch Full HD Monitor promp225,69.99,,4.5,14.0,B&H Photo-Video-Audio,30.0,Free delivery by Wed,,https://encrypted-tbn2.gstatic.com/shopping?q=tbn:ANd9GcTeDXozJU6Y9br5H7lGTSbZZBX59mnlCs31dsEWOvBeALTiymLwgVcMDl4-anE,MSI,Low,71.0,0.0,Excellent,Low,12.186225904959946,4.6659999999999995,12.186225904959946,Low,319.5,0.19721087477109453
monitor,"Arozzi Nova 34"" Curved VA 165Hz Gaming monitor",329.99,,4.6,11.0,Arozzi Gaming Distribution,31.0,Free delivery,,https://encrypted-tbn3.gstatic.com/shopping?q=tbn:ANd9GcQ2DXr_p8g_f8SkURf06hoi_W6vfFi-1pnGh0Gn_7QXsUfYWlSRGCeXs5CZRhr7Ju-jF67kZMs,Arozzi,Low,70.0,0.0,Excellent,Low,11.4305705890248,27.499166666666667,11.4305705890248,Low,322.0,0.03323363243602526
monitor,Lenovo Legion 25-10 LED Monitor,149.99,,4.7,63.0,Lenovo,32.0,Free delivery,,https://encrypted-tbn3.gstatic.com/shopping?q=tbn:ANd9GcQf2OdcE9sMqCgcd33c0xT5pX-wJCTAxFqNXW6_sEGasdXJvA0,Lenovo,Low,69.0,0.0,Excellent,Low,19.54675049179046,2.34359375,19.54675049179046,Low,324.3,0.4172461752433936
monitor,Dell 24 Monitor 8pt26,89.99,,4.7,208.0,Best Buy,33.0,Free delivery by Tue,,https://encrypted-tbn1.gstatic.com/shopping?q=tbn:ANd9GcT7dBuRYNGrKIhJkyaJco3J8GK_USVyrUHqCzc5dMbNL7A4ISxGASJFZzIPwpI,Dell,Low,68.0,0.0,Excellent,Low,25.108970984234613,0.43057416267942583,25.108970984234613,Low,319.6,2.285965490713265
monitor,"Gawfolk 49 inch Curved Ultrawide Gaming Monitor, 120Hz Dqhd 5120x1440, 32:9, Speakers, Black",509.48,,4.5,0.0,Walmart - Gawfolk,34.0,Free delivery,,https://encrypted-tbn3.gstatic.com/shopping?q=tbn:ANd9GcS5DTpdRaTuWeheEO_p35B_pQgxDB3jkfsRBWyilUgvaGi16zYYVSAn0pEbSCgbdCuuq1xp9VDl,Gawfolk,Low,67.0,0.0,Excellent,No Reviews,0.0,509.48,0.0,Medium,301.5,0.0
monitor,HyperX OMEN OLED QHD 240Hz Gaming Monitor,349.99,,4.7,126.0,Micro Center,35.0,Unknown,,https://encrypted-tbn1.gstatic.com/shopping?q=tbn:ANd9GcTuv-eagQVCz2d1w6t5WUjNBUL3UY2VnAjjD_C9zMLD-hGag5LrNgg1y0HdZ6CgNMOY5gIKIBY,HyperX,Low,66.0,0.0,Excellent,Low,22.76767930635538,2.755826771653543,22.76767930635538,Low,310.2,0.35898458645545456
monitor,"AOC cu34g4hv 34"" VA Panel Curved Gaming Monitor",349.99,,4.8,73.0,Best Buy,36.0,Free delivery by Tue,,https://encrypted-tbn2.gstatic.com/shopping?q=tbn:ANd9GcRk9FrzazDK7YvYaKmsjyMMeAOLoJ8dfEvWdw5qzgoLa3ZNpguCDDVGIs64fr7nEdwQMdKx_2U,AOC,Low,65.0,0.0,Excellent,Low,20.659512447380017,4.7295945945945945,20.659512447380017,Low,312.0,0.20798313342260463
monitor,Dell Pro E2225HM LED Monitor,74.99,,4.5,43.0,Dell,37.0,Free delivery by Fri,,https://encrypted-tbn0.gstatic.com/shopping?q=tbn:ANd9GcR_1OR1sT58i7nP_vXRs2-l9fJUC6OrMp9Q1fpymqfybCV2YWGIGsQXFojT5zEgsDHouYf_3F0,Dell,Low,64.0,0.0,Excellent,Low,17.028853352632176,1.7043181818181816,17.028853352632176,Low,288.0,0.5658639294644032
monitor,Westinghouse Full HD IPS Monitor,99.98,,5.0,2.0,Quill,38.0,Free delivery by Thu,,https://encrypted-tbn3.gstatic.com/shopping?q=tbn:ANd9GcT2ulvAy1ZQ8PzugSfwhZoe2s1Ycjpg3NvNn4kKCqVBKtKXnUu037n4LK_m6ExOTpFjJNbtMfo,Westinghouse,Low,63.0,0.0,Excellent,Low,5.493061443340549,33.32666666666667,5.493061443340549,Low,315.0,0.019805902158843335
monitor,"Asus ROG Strix xg27ucdmg 27"" Class 4K UHD Gaming OLED Monitor",861.99,,4.8,294.0,Walmart - Beach Audio Inc,39.0,Unknown,,https://encrypted-tbn0.gstatic.com/shopping?q=tbn:ANd9GcQdAvLe97a2CU9krkkwmDaazZHJ1HWG3tdiAMkuTB2cEZ9Gweh-eAoYwFHZsyI,Asus,Low,62.0,0.0,Excellent,Low,27.297481710431136,2.922,27.297481710431136,Medium,297.59999999999997,0.3406760217383747
monitor,Acer EK220Q E3bi 21.5” IPS AMD FreeSync Monitor-100Hz Refresh Rate,69.99,,4.7,490.0,Enervee Ca,40.0,Free delivery on $300+,,https://encrypted-tbn0.gstatic.com/shopping?q=tbn:ANd9GcQZBeYhtELqTvjkVE-CqSnYYKEA9yU_JNTmrG0LRRpy4qPtPKsX,Acer,Low,61.0,0.0,Excellent,Low,29.123287400634247,0.1425458248472505,29.123287400634247,Low,286.7,6.902380616988308
office chair ergonomic,HP office chair ergonomic Model 603,36225.0,,3.7,3241.0,croma,,2 days,,,HP,High,,0.0,Average,High,29.910599098493797,11.173658235657001,29.910599098493797,Very High,,0.08946612929939822
microwave oven convection,Samsung microwave oven convection Model 524,25061.0,,4.7,1294.0,amazon,,free delivery,,,Samsung,High,,0.0,Excellent,Medium,33.6814500784281,19.35212355212355,33.6814500784281,Very High,,0.05163195275716224
power bank fast charging,Samsung power bank fast charging Model 402,25061.0,,3.8,3070.0,croma,,free delivery,,,Samsung,High,,0.0,Average,High,30.513082377675122,8.160534028003907,30.513082377675122,Very High,,0.1224962094006863
microwave oven convection,Dell microwave oven convection Model 877,2507.0,,4.7,3446.0,flipkart,,free delivery,,,Dell,Low,,0.0,Excellent,High,38.282719962629265,0.7272991006672469,38.282719962629265,High,,1.3740031897926634
men running shoes,Dell men running shoes Model 536,2176.0,,3.8,2031.0,croma,,5 days,,,Dell,Low,,0.0,Average,Medium,28.943748073053815,1.0708661417322836,28.943748073053815,High,,0.9329352319706018
power bank fast charging,Samsung power bank fast charging Model 562,5331.0,,3.8,4124.0,reliance digital,,5 days,,,Samsung,Low,,0.0,Average,High,31.63432093532137,1.2923636363636364,31.63432093532137,Very High,,0.77344336084021
air fryer India,Philips air fryer India Model 259,25061.0,,2.8,1761.0,croma,,5 days,,,Philips,High,,0.0,Poor,Medium,20.927773458189147,14.223041997729853,20.927773458189147,Very High,,0.07026574096241321
office chair ergonomic,Philips office chair ergonomic Model 836,4564.0,,3.0,1540.0,amazon,,free delivery,,,Philips,Low,,0.0,Average,Medium,22.020560505960347,2.961713173264114,22.020560505960347,Very High,,0.3373493975903614
microwave oven convection,Boat microwave oven convection Model 588,21830.0,,4.0,126.0,croma,,free delivery,,,Boat,Medium,,0.0,Good,Low,19.376748345834365,171.88976377952756,19.376748345834365,Very High,,0.005771609179606981
office chair ergonomic,Puma office chair ergonomic Model 591,19233.0,,4.6,3911.0,reliance digital,,5 days,,,Puma,Medium,,0.0,Excellent,High,38.050298543311655,4.916411042944786,38.050298543311655,Very High,,0.20333783924300716
men running shoes,Boat men running shoes Model 859,20381.0,,3.8,684.0,amazon,,2 days,,,Boat,Medium,,0.0,Average,Low,24.811791585396456,29.753284671532846,24.811791585396456,Very High,,0.03355902266705917
office chair ergonomic,Puma office chair ergonomic Model 417,8744.0,,4.9,3832.0,croma,,2 days,,,Puma,Low,,0.0,Excellent,High,40.43187502036473,2.2812418471171405,40.43187502036473,Very High,,0.4381932532875929
power bank fast charging,Dell power bank fast charging Model 575,190200.0,,4.5,4367.0,croma,,free delivery,,,Dell,Very High,,0.0,Excellent,High,37.719272328411336,43.543956043956044,37.719272328411336,Very High,,0.02295992134636516
power bank fast charging,Sony power bank fast charging Model 896,5150.0,,5.0,2220.0,croma,,2 days,,,Sony,Low,,0.0,Excellent,Medium,38.528564119472136,2.3187753264295363,38.528564119472136,Very High,,0.43098427489807806
air fryer India,Philips air fryer India Model 339,45304.0,,2.7,1761.0,reliance digital,,2 days,,,Philips,High,,0.0,Poor,Medium,20.18035297753954,25.711691259931897,20.18035297753954,Very High,,0.038869881911488796
men running shoes,Philips men running shoes Model 418,9160.0,,3.7,2887.0,amazon,,5 days,,,Philips,Low,,0.0,Average,Medium,29.482782150047054,3.1717451523545708,29.482782150047054,Very High,,0.3151402685296365
power bank fast charging,LG power bank fast charging Model 382,10945.0,,2.9,3032.0,amazon,,free delivery,,,LG,Medium,,0.0,Poor,High,23.250191772296887,3.608638311902407,23.250191772296887,Very High,,0.2769961629819112
microwave oven convection,HP microwave oven convection Model 409,17931.0,,2.9,4166.0,amazon,,2 days,,,HP,Medium,,0.0,Poor,High,24.171359731125115,4.303095752339813,24.171359731125115,Very High,,0.23232210573276824
office chair ergonomic,Puma office chair ergonomic Model 198,15160.0,,3.2,1275.0,flipkart,,2 days,,,Puma,Medium,,0.0,Average,Medium,22.884753484495153,11.880877742946709,22.884753484495153,Very High,,0.08409735505573511
microwave oven convection,Samsung microwave oven convection Model 810,25061.0,,3.3,105.0,croma,,free delivery,,,Samsung,High,,0.0,Average,Low,15.38934901056982,236.4245283018868,15.38934901056982,Very High,,0.004189609767775916
air fryer India,Sony air fryer India Model 266,45361.0,,3.1,2934.0,croma,,5 days,,,Sony,High,,0.0,Average,Medium,24.75183447001281,15.45519591141397,24.75183447001281,Very High,,0.0646796878444513
men running shoes,Puma men running shoes Model 233,25061.0,,4.2,4990.0,flipkart,,free delivery,,,Puma,High,,0.0,Good,High,35.76464459177236,5.021238228811861,35.76464459177236,Very High,,0.19910621658287447
power bank fast charging,Puma power bank fast charging Model 621,48199.0,,3.8,203.0,amazon,,2 days,,,Puma,High,,0.0,Average,Low,20.20885597660802,236.26960784313727,20.20885597660802,Very High,,0.00421161825726141
microwave oven convection,LG microwave oven convection Model 479,25061.0,,3.6,1335.0,amazon,,5 days,,,LG,High,,0.0,Average,Medium,25.910767274747727,18.75823353293413,25.910767274747727,Very High,,0.05326789561886521
men running shoes,Nike men running shoes Model 602,22310.0,,3.8,255.0,croma,,5 days,,,Nike,Medium,,0.0,Average,Low,21.071674289022337,87.1484375,21.071674289022337,Very High,,0.011429339787548743
microwave oven convection,LG microwave oven convection Model 351,31911.0,,4.4,2073.0,reliance digital,,2 days,,,LG,High,,0.0,Good,Medium,33.603831310673684,15.386210221793636,33.603831310673684,Very High,,0.06495988969666583
office chair ergonomic,Nike office chair ergonomic Model 173,33852.0,,4.4,3965.0,amazon,,2 days,,,Nike,High,,0.0,Good,High,36.45625855995087,8.53555219364599,36.45625855995087,Very High,,0.11712403627448084
men running shoes,HP men running shoes Model 796,16321.0,,4.8,4474.0,flipkart,,5 days,,,HP,Medium,,0.0,Excellent,High,40.35005582740299,3.6471508379888267,40.35005582740299,Very High,,0.2741085651268227
power bank fast charging,Puma power bank fast charging Model 343,889.0,,4.9,3557.0,reliance digital,,5 days,,,Puma,Low,,0.0,Excellent,High,40.06707395430632,0.24985947161326588,40.06707395430632,Medium,,3.9966292134831463
microwave oven convection,Nike microwave oven convection Model 438,1670.0,,3.9,1982.0,amazon,,2 days,,,Nike,Low,,0.0,Average,Medium,29.610227901227205,0.8421583459404942,29.610227901227205,High,,1.1861160981448235
office chair ergonomic,Sony office chair ergonomic Model 955,28760.0,,3.6,2169.0,flipkart,,2 days,,,Sony,High,,0.0,Average,Medium,27.65693680752422,13.253456221198157,27.65693680752422,Very High,,0.07541462396995932
microwave oven convection,Nike microwave oven convection Model 917,4484.0,,3.0,3422.0,reliance digital,,5 days,,,Nike,Low,,0.0,Average,High,24.414817915590557,1.3099620216184633,24.414817915590557,Very High,,0.7629877369007804
air fryer India,Dell air fryer India Model 250,25576.0,,2.9,1041.0,flipkart,,5 days,,,Dell,High,,0.0,Poor,Medium,20.151801944708605,24.54510556621881,20.151801944708605,Very High,,0.04070062947179106
power bank fast charging,Boat power bank fast charging Model 977,25061.0,,3.3,2070.0,amazon,,5 days,,,Boat,High,,0.0,Average,Medium,25.198096642605428,12.100917431192661,25.198096642605428,Very High,,0.08259516399329662
microwave oven convection,Dell microwave oven convection Model 272,438510.0,,4.5,351.0,reliance digital,,5 days,,,Dell,Very High,,0.0,Excellent,Low,26.386340290191434,1245.7670454545455,26.386340290191434,Very High,,0.0008004360209892112
air fryer India,LG air fryer India Model 797,10526.0,,4.7,4373.0,reliance digital,,2 days,,,LG,Medium,,0.0,Excellent,High,39.402136045812554,2.4064929126657524,39.402136045812554,Very High,,0.4154079984800988
office chair ergonomic,LG office chair ergonomic Model 187,7370.0,,4.9,324.0,flipkart,,5 days,,,LG,Low,,0.0,Excellent,Low,28.340743393415714,22.676923076923078,28.340743393415714,Very High,,0.04395604395604396
power bank fast charging,LG power bank fast charging Model 927,5380.0,,2.6,1069.0,croma,,free delivery,,,LG,Low,,0.0,Poor,Medium,18.136076211385475,5.02803738317757,18.136076211385475,Very High,,0.19866195874372794
office chair ergonomic,Boat office chair ergonomic Model 251,10118.0,,3.7,2270.0,amazon,,2 days,,,Boat,Medium,,0.0,Average,Medium,28.593509505790568,4.455306032584764,28.593509505790568,Very High,,0.22433046743749382
men running shoes,Philips men running shoes Model 769,6357.0,,3.3,255.0,reliance digital,,5 days,,,Philips,Low,,0.0,Average,Low,18.299085566782555,24.83203125,18.299085566782555,Very High,,0.040106951871657755
power bank fast charging,Dell power bank fast charging Model 326,35283.0,,3.8,4008.0,amazon,,2 days,,,Dell,High,,0.0,Average,High,31.525929028041528,8.800947867298579,31.525929028041528,Very High,,0.11359256320145109
men running shoes,Dell men running shoes Model 450,2830.0,,2.9,3675.0,amazon,,2 days,,,Dell,Low,,0.0,Poor,High,23.80778340207917,0.7698585418933623,23.80778340207917,High,,1.298127870010597
power bank fast charging,LG power bank fast charging Model 330,28981.0,,3.8,4349.0,croma,,2 days,,,LG,High,,0.0,Average,High,31.836138271514372,6.662298850574713,31.836138271514372,Very High,,0.1500586570975088
office chair ergonomic,LG office chair ergonomic Model 365,42218.0,,3.0,138.0,amazon,,free delivery,,,LG,High,,0.0,Average,Low,14.803421799392074,303.72661870503595,14.803421799392074,Very High,,0.003268670503801606
men running shoes,LG men running shoes Model 272,20795.0,,4.1,1456.0,flipkart,,2 days,,,LG,Medium,,0.0,Good,Medium,29.864952705400338,14.272477693891558,29.864952705400338,Very High,,0.07001346412771686
microwave oven convection,HP microwave oven convection Model 260,10399.0,,4.8,1364.0,croma,,2 days,,,HP,Medium,,0.0,Excellent,Medium,34.650766596571486,7.618315018315018,34.650766596571486,Very High,,0.13115384615384615
power bank fast charging,Puma power bank fast charging Model 256,25061.0,,3.8,3436.0,amazon,,free delivery,,,Puma,High,,0.0,Average,High,30.94094625202937,7.291533313936573,30.94094625202937,Very High,,0.13709999201979092
men running shoes,HP men running shoes Model 980,22136.0,,4.4,2269.0,croma,,free delivery,,,HP,Medium,,0.0,Good,Medium,34.00115448609198,9.751541850220264,34.00115448609198,Very High,,0.10249808013732664
power bank fast charging,Boat power bank fast charging Model 625,38621.0,,3.5,2443.0,amazon,,2 days,,,Boat,High,,0.0,Average,Medium,27.3048696210202,15.802373158756138,27.3048696210202,Very High,,0.0632541038786184
office chair ergonomic,HP office chair ergonomic Model 850,47613.0,,4.9,4909.0,croma,,5 days,,,HP,High,,0.0,Excellent,High,41.645243181863975,9.697148676171079,41.645243181863975,Very High,,0.10309992859243079
microwave oven convection,Boat microwave oven convection Model 255,9089.0,,4.1,3138.0,croma,,5 days,,,Boat,Low,,0.0,Good,High,33.01180418305201,2.895508123606244,33.01180418305201,Very High,,0.3452145214521452
air fryer India,Sony air fryer India Model 404,10311.0,,2.9,2685.0,croma,,free delivery,,,Sony,Medium,,0.0,Poor,Medium,22.89784429354123,3.8387937453462397,22.89784429354123,Very High,,0.2603762606671839
air fryer India,Philips air fryer India Model 313,38075.0,,3.5,1080.0,amazon,,free delivery,,,Philips,High,,0.0,Average,Medium,24.44974636173723,35.22201665124884,24.44974636173723,Very High,,0.028364323983611724
microwave oven convection,Puma microwave oven convection Model 765,8497.0,,2.6,1408.0,croma,,2 days,,,Puma,Low,,0.0,Poor,Medium,18.851652330936567,6.030518097941803,18.851652330936567,Very High,,0.16568604377500587
microwave oven convection,LG microwave oven convection Model 377,15541.0,,3.8,1848.0,reliance digital,,5 days,,,LG,Medium,,0.0,Average,Medium,28.585120879271074,8.405083829096808,28.585120879271074,Very High,,0.11890361600823575
power bank fast charging,Nike power bank fast charging Model 332,20043.0,,3.7,2355.0,flipkart,,2 days,,,Nike,Medium,,0.0,Average,Medium,28.729466015654467,8.507215619694398,28.729466015654467,Very High,,0.11749151865895031
microwave oven convection,Puma microwave oven convection Model 583,33632.0,,4.5,0.0,reliance digital,,free delivery,,,Puma,High,,0.0,Excellent,No Reviews,0.0,33632.0,0.0,Very High,,0.0
men running shoes,Philips men running shoes Model 437,8752.0,,4.7,3962.0,amazon,,5 days,,,Philips,Low,,0.0,Excellent,High,38.938355987995045,2.208427958617209,38.938355987995045,Very High,,0.4526448074945733
microwave oven convection,Sony microwave oven convection Model 873,35455.0,,3.7,2825.0,flipkart,,5 days,,,Sony,High,,0.0,Average,Medium,29.402484984004552,12.546001415428167,29.402484984004552,Very High,,0.07967621841155234
microwave oven convection,Boat microwave oven convection Model 875,6446.0,,4.6,613.0,amazon,,2 days,,,Boat,Low,,0.0,Excellent,Low,29.53197666947685,10.498371335504887,29.53197666947685,Very High,,0.09508298433379866
microwave oven convection,Sony microwave oven convection Model 369,4789.0,,4.6,589.0,amazon,,5 days,,,Sony,Low,,0.0,Excellent,Low,29.348563669738915,8.116949152542373,29.348563669738915,Very High,,0.12296450939457203
men running shoes,Dell men running shoes Model 900,8466.0,,3.2,3377.0,croma,,2 days,,,Dell,Low,,0.0,Average,High,26.000125111576786,2.5062166962699823,26.000125111576786,Very High,,0.3988425652533365
men running shoes,Philips men running shoes Model 503,46885.0,,4.4,986.0,amazon,,free delivery,,,Philips,High,,0.0,Good,Low,30.33654817350732,47.502532928064845,30.33654817350732,Very High,,0.02102973168963017
microwave oven convection,Sony microwave oven convection Model 912,25061.0,,4.0,1238.0,reliance digital,,2 days,,,Sony,High,,0.0,Good,Medium,28.48823952651657,20.226795803066988,28.48823952651657,Very High,,0.049397494214348414
men running shoes,Samsung men running shoes Model 630,25061.0,,2.7,1756.0,amazon,,2 days,,,Samsung,High,,0.0,Poor,Medium,20.172680338105163,14.26351735913489,20.172680338105163,Very High,,0.07006623573537626
men running shoes,HP men running shoes Model 956,1861.0,,3.9,652.0,croma,,5 days,,,HP,Low,,0.0,Average,Low,25.27815080417808,2.8499234303215926,25.27815080417808,High,,0.3501611170784103
air fryer India,Dell air fryer India Model 284,36220.0,,3.6,2875.0,croma,,free delivery,,,Dell,High,,0.0,Average,Medium,28.670960587827373,12.593880389429764,28.670960587827373,Very High,,0.07937384390270838
microwave oven convection,Dell microwave oven convection Model 370,41318.0,,3.8,4161.0,reliance digital,,2 days,,,Dell,High,,0.0,Average,High,31.668253826423605,9.927438731379144,31.668253826423605,Very High,,0.10070427648297393
office chair ergonomic,Puma office chair ergonomic Model 514,25061.0,,4.4,3775.0,croma,,5 days,,,Puma,High,,0.0,Good,High,36.24025031996772,6.6369173728813555,36.24025031996772,Very High,,0.15062644641289602
men running shoes,Samsung men running shoes Model 311,47745.0,,3.8,1278.0,flipkart,,free delivery,,,Samsung,High,,0.0,Average,Medium,27.184568445999602,37.329945269741984,27.184568445999602,Very High,,0.02676664013739371
microwave oven convection,Nike microwave oven convection Model 591,25061.0,,2.7,3821.0,reliance digital,,5 days,,,Nike,High,,0.0,Poor,High,22.27102863696059,6.557038199895342,22.27102863696059,Very High,,0.15246189450163594
air fryer India,Dell air fryer India Model 810,10588.0,,3.9,4559.0,croma,,5 days,,,Dell,Medium,,0.0,Average,High,32.85780381978289,2.3219298245614035,32.85780381978289,Very High,,0.43054112758522994
air fryer India,HP air fryer India Model 922,15908.0,,3.0,2532.0,reliance digital,,5 days,,,HP,Medium,,0.0,Average,Medium,23.511478950005028,6.280300039478878,23.511478950005028,Very High,,0.15915519517254384
power bank fast charging,Boat power bank fast charging Model 137,25061.0,,3.8,1650.0,reliance digital,,5 days,,,Boat,High,,0.0,Average,Medium,28.154718486896485,15.179285281647486,28.154718486896485,Very High,,0.06583672492219296
microwave oven convection,HP microwave oven convection Model 231,15909.0,,3.3,3043.0,reliance digital,,free delivery,,,HP,Medium,,0.0,Average,High,26.4690614726392,5.22634691195795,26.4690614726392,Very High,,0.19126335637963546
office chair ergonomic,Nike office chair ergonomic Model 462,23777.0,,3.7,1783.0,croma,,2 days,,,Nike,Medium,,0.0,Average,Medium,27.700469258617836,13.327914798206278,27.700469258617836,Very High,,0.07498528051139709
microwave oven convection,Puma microwave oven convection Model 380,17378.0,,4.6,4702.0,flipkart,,5 days,,,Puma,Medium,,0.0,Excellent,High,38.89739705694722,3.695088241547948,38.89739705694722,Very High,,0.27055641866620633
men running shoes,HP men running shoes Model 157,35128.0,,4.7,2310.0,reliance digital,,2 days,,,HP,High,,0.0,Excellent,Medium,36.403547368289594,15.200346170488967,36.403547368289594,Very High,,0.06575763614108002
office chair ergonomic,LG office chair ergonomic Model 374,25061.0,,4.5,1364.0,croma,,5 days,,,LG,High,,0.0,Excellent,Medium,32.48509368428577,18.35970695970696,32.48509368428577,Very High,,0.054425025935679515
men running shoes,Philips men running shoes Model 776,12533.0,,4.8,208.0,flipkart,,free delivery,,,Philips,Medium,,0.0,Excellent,Low,25.643204409431092,59.96650717703349,25.643204409431092,Very High,,0.01659486197542684
air fryer India,Samsung air fryer India Model 961,14116.0,,2.6,2903.0,croma,,free delivery,,,Samsung,Medium,,0.0,Poor,Medium,20.731995377456187,4.860881542699724,20.731995377456187,Very High,,0.2056385917687894
power bank fast charging,Nike power bank fast charging Model 363,702.0,,4.5,1477.0,flipkart,,2 days,,,Nike,Low,,0.0,Excellent,Medium,32.84300295678666,0.4749661705006766,32.84300295678666,Medium,,2.1009957325746798
men running shoes,Dell men running shoes Model 705,20430.0,,4.6,4958.0,croma,,2 days,,,Dell,Medium,,0.0,Excellent,High,39.14121317785001,4.11978221415608,39.14121317785001,Very High,,0.24267045176447555
microwave oven convection,Samsung microwave oven convection Model 692,49213.0,,4.9,4261.0,amazon,,free delivery,,,Samsung,High,,0.0,Excellent,High,40.95171968202696,11.5469263256687,40.95171968202696,Very High,,0.08658105417157719
microwave oven convection,HP microwave oven convection Model 498,36910.0,,3.3,1021.0,flipkart,,2 days,,,HP,High,,0.0,Average,Medium,22.867405343520044,36.11545988258317,22.867405343520044,Very High,,0.027661130828208393
microwave oven convection,Boat microwave oven convection Model 460,16391.0,,4.4,4959.0,croma,,2 days,,,Boat,Medium,,0.0,Good,High,37.440308486763485,3.3046370967741936,37.440308486763485,Very High,,0.30252562225475843
office chair ergonomic,Boat office chair ergonomic Model 748,27212.0,,3.0,2333.0,flipkart,,free delivery,,,Boat,High,,0.0,Average,Medium,23.266016438539502,11.658954584404455,23.266016438539502,Very High,,0.08573108440818726
power bank fast charging,LG power bank fast charging Model 928,23555.0,,4.9,506.0,flipkart,,free delivery,,,LG,Medium,,0.0,Excellent,Low,30.5197039175968,46.45956607495069,30.5197039175968,Very High,,0.021480726778740022
office chair ergonomic,HP office chair ergonomic Model 934,42606.0,,3.0,3555.0,flipkart,,free delivery,,,HP,High,,0.0,Average,High,24.529174789901386,11.981439820022498,24.529174789901386,Very High,,0.08343699392118666
power bank fast charging,Sony power bank fast charging Model 242,17801.0,,3.4,2910.0,croma,,2 days,,,Sony,Medium,,0.0,Average,Medium,27.119256608735117,6.115080728272072,27.119256608735117,Very High,,0.16346477923828784
microwave oven convection,Dell microwave oven convection Model 190,41050.0,,4.4,1230.0,reliance digital,,free delivery,,,Dell,High,,0.0,Good,Medium,31.308561355211598,33.34687246141348,31.308561355211598,Very High,,0.02996272928795888
power bank fast charging,Philips power bank fast charging Model 319,38764.0,,3.8,416.0,croma,,5 days,,,Philips,High,,0.0,Average,Low,22.925727642835444,92.95923261390887,22.925727642835444,Very High,,0.010731329807816329
power bank fast charging,Samsung power bank fast charging Model 461,2621.0,,4.9,112.0,amazon,,free delivery,,,Samsung,Low,,0.0,Excellent,Low,23.164200311690472,23.194690265486727,23.164200311690472,High,,0.04271548436308162
power bank fast charging,Boat power bank fast charging Model 133,4165.0,,3.4,2655.0,croma,,5 days,,,Boat,Low,,0.0,Average,Medium,26.8075601360275,1.5681475903614457,26.8075601360275,Very High,,0.6373019683149304
office chair ergonomic,Philips office chair ergonomic Model 510,48400.0,,4.8,469.0,reliance digital,,free delivery,,,Philips,High,,0.0,Excellent,Low,29.5331169345797,102.97872340425532,29.5331169345797,Very High,,0.009689882440445446
men running shoes,Boat men running shoes Model 369,25061.0,,3.6,1998.0,flipkart,,2 days,,,Boat,High,,0.0,Average,Medium,27.36144840420144,12.536768384192095,27.36144840420144,Very High,,0.07972228872396457
microwave oven convection,Sony microwave oven convection Model 340,25061.0,,4.3,4487.0,reliance digital,,5 days,,,Sony,High,,0.0,Good,High,36.15939852297089,5.584001782531194,36.15939852297089,Very High,,0.17903599074295748
office chair ergonomic,Nike office chair ergonomic Model 416,25061.0,,3.7,1943.0,croma,,free delivery,,,Nike,High,,0.0,Average,Medium,28.018261044575425,12.891460905349794,28.018261044575425,Very High,,0.07752773122655814
air fryer India,Philips air fryer India Model 746,25061.0,,4.0,4869.0,croma,,free delivery,,,Philips,High,,0.0,Good,High,33.96339686430654,5.1459958932238195,33.96339686430654,Very High,,0.19427819008858033
men running shoes,LG men running shoes Model 542,25061.0,,3.8,2690.0,reliance digital,,5 days,,,LG,High,,0.0,Average,Medium,30.011138972762243,9.312894834633966,30.011138972762243,Very High,,0.10733381214587823
air fryer India,Philips air fryer India Model 250,32487.0,,4.5,2194.0,reliance digital,,free delivery,,,Philips,High,,0.0,Excellent,Medium,34.622717964791725,14.800455580865604,34.622717964791725,Very High,,0.06753262743166707
men running shoes,LG men running shoes Model 220,13243.0,,3.7,1513.0,flipkart,,free delivery,,,LG,Medium,,0.0,Average,Medium,27.09328860579036,8.747027741083222,27.09328860579036,Very High,,0.11424041075203865
microwave oven convection,Dell microwave oven convection Model 363,27413.0,,3.1,1596.0,flipkart,,2 days,,,Dell,High,,0.0,Average,Medium,22.86523465946654,17.165309956167814,22.86523465946654,Very High,,0.05821842854016196
power bank fast charging,HP power bank fast charging Model 389,18862.0,,4.7,4825.0,flipkart,,5 days,,,HP,Medium,,0.0,Excellent,High,39.864334257069395,3.9084127641939492,39.864334257069395,Very High,,0.2557917616497906
air fryer India,Puma air fryer India Model 420,19293.0,,3.5,721.0,amazon,,2 days,,,Puma,Medium,,0.0,Average,Low,23.03708798612489,26.721606648199447,23.03708798612489,Very High,,0.037369130299575
air fryer India,Dell air fryer India Model 471,25906.0,,2.8,2582.0,reliance digital,,free delivery,,,Dell,High,,0.0,Poor,Medium,21.99877902066835,10.02942315137437,21.99877902066835,Very High,,0.09966418342532907
men running shoes,Puma men running shoes Model 302,46676.0,,3.0,1248.0,flipkart,,free delivery,,,Puma,High,,0.0,Average,Medium,21.390295530376733,37.37069655724579,21.390295530376733,Very High,,0.026736936821132463
air fryer India,Sony air fryer India Model 232,44203.0,,4.7,2799.0,croma,,free delivery,,,Sony,High,,0.0,Excellent,Medium,37.30566107196749,15.786785714285715,37.30566107196749,Very High,,0.06332006153289295
power bank fast charging,Dell power bank fast charging Model 386,25061.0,,4.2,962.0,reliance digital,,free delivery,,,Dell,High,,0.0,Good,Low,28.854224329552128,26.023883696780892,28.854224329552128,Very High,,0.038384805681908864
microwave oven convection,HP microwave oven convection Model 285,25061.0,,3.8,2826.0,flipkart,,2 days,,,HP,High,,0.0,Average,Medium,30.198491159235644,8.86487442518571,30.198491159235644,Very High,,0.11276035432128322
air fryer India,Puma air fryer India Model 349,30268.0,,4.2,3941.0,croma,,free delivery,,,Puma,High,,0.0,Good,High,34.7736626483932,7.678335870116692,34.7736626483932,Very High,,0.1301992137170042
men running shoes,Boat men running shoes Model 401,146220.0,,3.2,1261.0,reliance digital,,5 days,,,Boat,Very High,,0.0,Average,Medium,22.849449737923706,115.86370839936609,22.849449737923706,Very High,,0.008623932266911046
power bank fast charging,Nike power bank fast charging Model 369,44892.0,,3.9,383.0,amazon,,2 days,,,Nike,High,,0.0,Average,Low,23.207505955092135,116.90625,23.207505955092135,Very High,,0.008531396877018689
microwave oven convection,HP microwave oven convection Model 284,44322.0,,4.3,2946.0,croma,,5 days,,,HP,High,,0.0,Good,Medium,34.350734825772086,15.039701391245334,34.350734825772086,Very High,,0.06646662003925727
air fryer India,Boat air fryer India Model 908,41753.0,,4.3,3905.0,reliance digital,,free delivery,,,Boat,High,,0.0,Good,High,35.56215717917748,10.689452124935995,35.56215717917748,Very High,,0.09352397375101787
office chair ergonomic,LG office chair ergonomic Model 572,23787.0,,4.4,2192.0,croma,,free delivery,,,LG,Medium,,0.0,Good,Medium,33.84931329303871,10.846785225718195,33.84931329303871,Very High,,0.09214730116024887
men running shoes,Nike men running shoes Model 761,22667.0,,4.7,1929.0,flipkart,,free delivery,,,Nike,Medium,,0.0,Excellent,Medium,35.55679382492498,11.744559585492228,35.55679382492498,Very High,,0.08509793541556379
office chair ergonomic,LG office chair ergonomic Model 655,41827.0,,4.1,0.0,flipkart,,free delivery,,,LG,High,,0.0,Good,No Reviews,0.0,41827.0,0.0,Very High,,0.0
air fryer India,LG air fryer India Model 811,33630.0,,4.0,1597.0,reliance digital,,free delivery,,,LG,High,,0.0,Good,Medium,29.50603250530488,21.0450563204005,29.50603250530488,Very High,,0.04748595046237103
microwave oven convection,Puma microwave oven convection Model 556,192440.0,,4.3,4490.0,croma,,2 days,,,Puma,Very High,,0.0,Good,High,36.162271894277275,42.850144733912266,36.162271894277275,Very High,,0.023331826377954803
air fryer India,LG air fryer India Model 528,48545.0,,4.5,309.0,flipkart,,5 days,,,LG,High,,0.0,Excellent,Low,25.814575338656365,156.59677419354838,25.814575338656365,Very High,,0.006365097021381782
microwave oven convection,LG microwave oven convection Model 606,30148.0,,2.7,4899.0,croma,,5 days,,,LG,High,,0.0,Poor,High,22.94187430706654,6.152653061224489,22.94187430706654,Very High,,0.16249295167335567
power bank fast charging,Dell power bank fast charging Model 949,26802.0,,2.9,3666.0,flipkart,,free delivery,,,Dell,High,,0.0,Poor,High,23.800674587406846,7.308971911644396,23.800674587406846,Very High,,0.13677573405962018
power bank fast charging,HP power bank fast charging Model 389,25061.0,,3.8,1152.0,croma,,5 days,,,HP,High,,0.0,Average,Medium,26.790465577022424,21.73547267996531,26.790465577022424,Very High,,0.045966004309312906
power bank fast charging,Sony power bank fast charging Model 531,32369.0,,2.6,2525.0,flipkart,,free delivery,,,Sony,High,,0.0,Poor,Medium,20.369419987567134,12.814330958036422,20.369419987567134,Very High,,0.0780043249922768
men running shoes,Samsung men running shoes Model 624,25061.0,,3.8,4218.0,croma,,5 days,,,Samsung,High,,0.0,Average,High,31.719942966072484,5.940033183218772,31.719942966072484,Very High,,0.16830260952836965
office chair ergonomic,Nike office chair ergonomic Model 985,46962.0,,3.6,526.0,croma,,2 days,,,Nike,High,,0.0,Average,Low,22.561921974748905,89.11195445920303,22.561921974748905,Very High,,0.011200306624363861
power bank fast charging,HP power bank fast charging Model 469,23432.0,,3.3,0.0,croma,,2 days,,,HP,Medium,,0.0,Average,No Reviews,0.0,23432.0,0.0,Very High,,0.0
power bank fast charging,Samsung power bank fast charging Model 954,16114.0,,3.1,3197.0,reliance digital,,2 days,,,Samsung,Medium,,0.0,Average,High,25.01787076952109,5.038774233896185,25.01787076952109,Very High,,0.19838659633881478
power bank fast charging,Puma power bank fast charging Model 144,36520.0,,3.1,3011.0,reliance digital,,5 days,,,Puma,High,,0.0,Average,High,24.83211472565133,12.124833997343957,24.83211472565133,Very High,,0.0824457161633033
office chair ergonomic,Nike office chair ergonomic Model 799,48982.0,,3.3,3233.0,amazon,,free delivery,,,Nike,High,,0.0,Average,High,26.66886763245227,15.145949288806431,26.66886763245227,Very High,,0.0660024906600249
power bank fast charging,Samsung power bank fast charging Model 447,14024.0,,4.0,3085.0,reliance digital,,free delivery,,,Samsung,Medium,,0.0,Good,High,32.13852413169243,4.544394037589112,32.13852413169243,Very High,,0.2199643493761141
air fryer India,LG air fryer India Model 152,28647.0,,3.9,3757.0,flipkart,,5 days,,,LG,High,,0.0,Average,High,32.1034045018963,7.622937732836615,32.1034045018963,Very High,,0.13114353532532813
office chair ergonomic,Nike office chair ergonomic Model 321,17858.0,,3.7,666.0,flipkart,,5 days,,,Nike,Medium,,0.0,Average,Low,24.06032316988781,26.7736131934033,24.06032316988781,Very High,,0.03729212161935159
air fryer India,Nike air fryer India Model 609,34421.0,,2.8,660.0,amazon,,free delivery,,,Nike,High,,0.0,Poor,Low,18.18251075158472,52.07413010590015,18.18251075158472,Very High,,0.0191737842077741
power bank fast charging,Boat power bank fast charging Model 295,17152.0,,3.9,1879.0,flipkart,,free delivery,,,Boat,Medium,,0.0,Average,Medium,29.40220551771358,9.12340425531915,29.40220551771358,Very High,,0.10954352008395032
power bank fast charging,Samsung power bank fast charging Model 308,780.0,,2.9,2239.0,croma,,2 days,,,Samsung,Low,,0.0,Poor,Medium,22.371270320062347,0.3482142857142857,22.371270320062347,Medium,,2.8668373879641487
men running shoes,Puma men running shoes Model 846,1264.0,,4.2,1855.0,croma,,5 days,,,Puma,Low,,0.0,Good,Medium,31.609951436053816,0.6810344827586207,31.609951436053816,Medium,,1.466403162055336
air fryer India,Dell air fryer India Model 255,26154.0,,3.4,1644.0,flipkart,,free delivery,,,Dell,High,,0.0,Average,Medium,25.178685254878207,15.899088145896657,25.178685254878207,Very High,,0.0628560504683617
power bank fast charging,Sony power bank fast charging Model 220,35128.0,,4.3,1617.0,amazon,,5 days,,,Sony,High,,0.0,Good,Medium,31.772468219759276,21.710754017305316,31.772468219759276,Very High,,0.04603034529875601
air fryer India,Boat air fryer India Model 553,25061.0,,4.5,1543.0,amazon,,2 days,,,Boat,High,,0.0,Excellent,Medium,33.03959278763125,16.23121761658031,33.03959278763125,Very High,,0.06156731306360227
microwave oven convection,HP microwave oven convection Model 161,34850.0,,4.7,1498.0,amazon,,5 days,,,HP,High,,0.0,Excellent,Medium,34.36900144108221,23.248832555036692,34.36900144108221,Very High,,0.0429829847063212
power bank fast charging,Puma power bank fast charging Model 131,8933.0,,3.8,143.0,amazon,,2 days,,,Puma,Low,,0.0,Average,Low,18.8852905383888,62.03472222222222,18.8852905383888,Very High,,0.016006268188941124
office chair ergonomic,Puma office chair ergonomic Model 677,20577.0,,3.6,3338.0,croma,,5 days,,,Puma,Medium,,0.0,Average,High,29.208335903797156,6.162623539982031,29.208335903797156,Very High,,0.16221207114394012
power bank fast charging,LG power bank fast charging Model 664,34516.0,,4.0,2812.0,amazon,,free delivery,,,LG,High,,0.0,Good,Medium,31.768027233959426,12.270174191254888,31.768027233959426,Very High,,0.08146710316655562
microwave oven convection,Puma microwave oven convection Model 871,11766.0,,4.5,4784.0,reliance digital,,5 days,,,Puma,Medium,,0.0,Excellent,High,38.12958586749174,2.4589341692789968,38.12958586749174,Very High,,0.4065607206594714
men running shoes,HP men running shoes Model 660,25061.0,,4.1,1332.0,croma,,5 days,,,HP,High,,0.0,Good,Medium,29.500268012732704,18.800450112528132,29.500268012732704,Very High,,0.05314819248264305
power bank fast charging,Philips power bank fast charging Model 956,22658.0,,4.3,4250.0,amazon,,2 days,,,Philips,Medium,,0.0,Good,High,35.9261109719428,5.330039990590449,35.9261109719428,Very High,,0.18756344057548877
air fryer India,HP air fryer India Model 320,25061.0,,3.4,381.0,reliance digital,,free delivery,,,HP,High,,0.0,Average,Low,20.214430069262356,65.60471204188482,20.214430069262356,Very High,,0.015202298300215465
air fryer India,Puma air fryer India Model 328,22632.0,,4.8,2008.0,amazon,,free delivery,,,Puma,Medium,,0.0,Excellent,Medium,36.505883351111684,11.26530612244898,36.505883351111684,Very High,,0.08872001060398534
microwave oven convection,Boat microwave oven convection Model 117,12123.0,,4.6,4412.0,flipkart,,5 days,,,Boat,Medium,,0.0,Excellent,High,38.604626042639914,2.7471108089734875,38.604626042639914,Very High,,0.36390630155064335
microwave oven convection,Philips microwave oven convection Model 955,25061.0,,4.3,4330.0,flipkart,,5 days,,,Philips,High,,0.0,Good,High,36.006281087222895,5.7864234587854995,36.006281087222895,Very High,,0.17277152661399728
power bank fast charging,HP power bank fast charging Model 832,30429.0,,4.4,4501.0,flipkart,,free delivery,,,HP,High,,0.0,Good,High,37.01401889445338,6.758996001776988,37.01401889445338,Very High,,0.14791324350969437
power bank fast charging,Sony power bank fast charging Model 552,1240.0,,4.0,1072.0,flipkart,,free delivery,,,Sony,Low,,0.0,Good,Medium,27.912854970522794,1.1556383970177073,27.912854970522794,Medium,,0.8638195004029009
men running shoes,Nike men running shoes Model 523,19303.0,,4.7,3172.0,amazon,,2 days,,,Nike,Medium,,0.0,Excellent,High,37.893434120441015,6.0835171761739675,37.893434120441015,Very High,,0.16431827600497306
office chair ergonomic,Sony office chair ergonomic Model 587,2295.0,,3.8,4417.0,croma,,5 days,,,Sony,Low,,0.0,Average,High,31.895081059124234,0.5194658216387505,31.895081059124234,High,,1.923780487804878
microwave oven convection,Nike microwave oven convection Model 158,325160.0,,3.5,4292.0,croma,,5 days,,,Nike,Very High,,0.0,Average,High,29.276593738785962,75.74190542744002,29.276593738785962,Very High,,0.013199614959973675
office chair ergonomic,Puma office chair ergonomic Model 360,24626.0,,2.8,3256.0,croma,,free delivery,,,Puma,Medium,,0.0,Poor,High,22.647973054773452,7.5609456555112065,22.647973054773452,Very High,,0.13221261217363056
power bank fast charging,Dell power bank fast charging Model 204,49421.0,,2.6,1928.0,flipkart,,free delivery,,,Dell,High,,0.0,Poor,Medium,19.668368233554897,25.620010368066357,19.668368233554897,Very High,,0.039010966775929745
air fryer India,Nike air fryer India Model 534,17928.0,,3.4,3731.0,reliance digital,,2 days,,,Nike,Medium,,0.0,Average,High,27.963978510688598,4.803858520900322,27.963978510688598,Very High,,0.20809861118857717
men running shoes,LG men running shoes Model 145,30111.0,,3.1,702.0,reliance digital,,free delivery,,,LG,High,,0.0,Average,Low,20.32160636461306,42.832147937411094,20.32160636461306,Very High,,0.023312964930924548
air fryer India,Philips air fryer India Model 360,17016.0,,3.5,2921.0,reliance digital,,free delivery,,,Philips,Medium,,0.0,Average,Medium,27.930082573087258,5.823408624229979,27.930082573087258,Very High,,0.17165187753423047
power bank fast charging,HP power bank fast charging Model 824,3841.0,,3.8,1977.0,amazon,,5 days,,,HP,Low,,0.0,Average,Medium,28.841397746294096,1.941860465116279,28.841397746294096,Very High,,0.5145757418011453
microwave oven convection,Samsung microwave oven convection Model 836,17755.0,,3.3,903.0,reliance digital,,free delivery,,,Samsung,Medium,,0.0,Average,Low,22.46253688929418,19.640486725663717,22.46253688929418,Very High,,0.05085604865960802
power bank fast charging,Samsung power bank fast charging Model 858,4182.0,,4.4,2560.0,amazon,,free delivery,,,Samsung,Low,,0.0,Good,Medium,34.531873579277914,1.6329558766106989,34.531873579277914,Very High,,0.6120009562514941
power bank fast charging,LG power bank fast charging Model 466,49248.0,,3.8,1875.0,amazon,,5 days,,,LG,High,,0.0,Average,Medium,28.640209092351444,26.251599147121535,28.640209092351444,Very High,,0.03807183902211212
men running shoes,Nike men running shoes Model 143,44839.0,,2.6,3003.0,flipkart,,free delivery,,,Nike,High,,0.0,Poor,High,20.82002003349847,14.926431424766978,20.82002003349847,Very High,,0.066971454058876
power bank fast charging,LG power bank fast charging Model 591,25061.0,,3.4,2625.0,amazon,,free delivery,,,LG,High,,0.0,Average,Medium,26.76893798653332,9.543412033511043,26.76893798653332,Very High,,0.1047402441943979
office chair ergonomic,Boat office chair ergonomic Model 149,17627.0,,3.6,2289.0,amazon,,2 days,,,Boat,Medium,,0.0,Average,Medium,27.850705547573828,7.697379912663756,27.850705547573828,Very High,,0.1298502382573179
power bank fast charging,LG power bank fast charging Model 249,25061.0,,2.8,2046.0,flipkart,,free delivery,,,LG,High,,0.0,Poor,Medium,21.34756563985161,12.242794333170494,21.34756563985161,Very High,,0.08163753890351927
office chair ergonomic,Puma office chair ergonomic Model 996,66760.0,,3.1,2181.0,reliance digital,,5 days,,,Puma,Very High,,0.0,Average,Medium,23.83279121581835,30.595783684692943,23.83279121581835,Very High,,0.032668773685235394
office chair ergonomic,Philips office chair ergonomic Model 390,25061.0,,3.8,2563.0,reliance digital,,5 days,,,Philips,High,,0.0,Average,Medium,29.82743050855413,9.77418096723869,29.82743050855413,Very High,,0.10226637937913974
power bank fast charging,LG power bank fast charging Model 549,32260.0,,4.7,1850.0,reliance digital,,5 days,,,LG,High,,0.0,Excellent,Medium,35.36036216909544,17.42841707185305,35.36036216909544,Very High,,0.05734478162487214
power bank fast charging,Philips power bank fast charging Model 461,25061.0,,3.1,4526.0,amazon,,2 days,,,Philips,High,,0.0,Average,High,26.095225717051473,5.535895736690965,26.095225717051473,Very High,,0.18059213151384565
office chair ergonomic,Sony office chair ergonomic Model 269,35424.0,,3.8,886.0,amazon,,5 days,,,Sony,High,,0.0,Average,Low,25.7938109327764,39.93686583990981,25.7938109327764,Very High,,0.0250105857445307
air fryer India,Philips air fryer India Model 729,21132.0,,2.7,4262.0,croma,,free delivery,,,Philips,Medium,,0.0,Poor,High,22.56586672526607,4.95707248416608,22.56586672526607,Very High,,0.20167510528557234
men running shoes,Philips men running shoes Model 417,12377.0,,4.1,1839.0,flipkart,,5 days,,,Philips,Medium,,0.0,Good,Medium,30.821835487472423,6.726630434782609,30.821835487472423,Very High,,0.14857004362578768
power bank fast charging,Nike power bank fast charging Model 843,21420.0,,4.5,465.0,flipkart,,free delivery,,,Nike,Medium,,0.0,Excellent,Low,27.648835353565406,45.9656652360515,27.648835353565406,Very High,,0.02170767004341534
office chair ergonomic,Nike office chair ergonomic Model 207,18384.0,,3.9,3798.0,flipkart,,2 days,,,Nike,Medium,,0.0,Average,High,32.145723297431736,4.839168202158462,32.145723297431736,Very High,,0.206581452270873
microwave oven convection,HP microwave oven convection Model 936,39408.0,,4.2,3196.0,croma,,5 days,,,HP,High,,0.0,Good,High,33.89386622605134,12.326556146387238,33.89386622605134,Very High,,0.08109822629348626
air fryer India,Philips air fryer India Model 269,25061.0,,3.6,1770.0,flipkart,,5 days,,,Philips,High,,0.0,Average,Medium,26.925478696018203,14.150762281197064,26.925478696018203,Very High,,0.07062485037107973
office chair ergonomic,LG office chair ergonomic Model 518,37579.0,,3.0,2735.0,amazon,,2 days,,,LG,High,,0.0,Average,Medium,23.742756836227322,13.73501461988304,23.742756836227322,Very High,,0.07277807344332092
men running shoes,Boat men running shoes Model 196,6965.0,,4.7,281.0,amazon,,free delivery,,,Boat,Low,,0.0,Excellent,Low,26.516963233409136,24.69858156028369,26.516963233409136,Very High,,0.040338788400803904
power bank fast charging,LG power bank fast charging Model 926,5841.0,,3.5,1593.0,croma,,5 days,,,LG,Low,,0.0,Average,Medium,25.809006507725563,3.664366373902133,25.809006507725563,Very High,,0.2726805888394386
power bank fast charging,Samsung power bank fast charging Model 204,35892.0,,4.0,4811.0,amazon,,2 days,,,Samsung,High,,0.0,Good,High,33.91547230837828,7.458852867830424,33.91547230837828,Very High,,0.13403727746357227
men running shoes,Boat men running shoes Model 488,34899.0,,4.3,2120.0,amazon,,5 days,,,Boat,High,,0.0,Good,Medium,32.93646470462813,16.454031117397452,32.93646470462813,Very High,,0.06074498567335244
air fryer India,Philips air fryer India Model 777,24223.0,,2.9,2765.0,reliance digital,,5 days,,,Philips,Medium,,0.0,Poor,Medium,22.982956785451638,8.757411424439624,22.982956785451638,Very High,,0.11414299867899604
office chair ergonomic,Puma office chair ergonomic Model 336,25061.0,,3.3,4418.0,flipkart,,2 days,,,Puma,High,,0.0,Average,High,27.69910672693144,5.671192577506223,27.69910672693144,Very High,,0.17628281860984757
air fryer India,LG air fryer India Model 328,25061.0,,3.9,2799.0,reliance digital,,5 days,,,LG,High,,0.0,Average,Medium,30.95576131503685,8.950357142857143,30.95576131503685,Very High,,0.1116830260952837
microwave oven convection,LG microwave oven convection Model 465,35692.0,,3.1,560.0,flipkart,,2 days,,,LG,High,,0.0,Average,Low,19.622134807120357,63.62210338680927,19.622134807120357,Very High,,0.015689350853108453
men running shoes,Philips men running shoes Model 921,6136.0,,3.8,3343.0,croma,,free delivery,,,Philips,Low,,0.0,Average,High,30.83670730197745,1.8349282296650717,30.83670730197745,Very High,,0.5447286948020206
men running shoes,Sony men running shoes Model 459,42264.0,,3.5,3067.0,flipkart,,2 days,,,Sony,High,,0.0,Average,High,28.100734068705016,13.775749674054758,28.100734068705016,Very High,,0.07256595291612446
office chair ergonomic,Puma office chair ergonomic Model 906,23890.0,,3.8,2464.0,reliance digital,,2 days,,,Puma,Medium,,0.0,Average,Medium,29.677798928611804,9.691683569979716,29.677798928611804,Very High,,0.10313507178435394
power bank fast charging,Puma power bank fast charging Model 949,87970.0,,4.8,1988.0,amazon,,free delivery,,,Puma,Very High,,0.0,Excellent,Medium,36.457858938499065,44.22825540472599,36.457858938499065,Very High,,0.02259835627650021
men running shoes,HP men running shoes Model 911,9329.0,,4.5,418.0,amazon,,5 days,,,HP,Low,,0.0,Excellent,Low,27.170419139649617,22.26491646778043,27.170419139649617,Very High,,0.04480171489817792
air fryer India,HP air fryer India Model 837,20648.0,,3.8,866.0,reliance digital,,5 days,,,HP,Medium,,0.0,Average,Low,25.707148111766056,23.815455594002305,25.707148111766056,Very High,,0.04193907695287907
power bank fast charging,LG power bank fast charging Model 340,40436.0,,3.8,4359.0,reliance digital,,2 days,,,LG,High,,0.0,Average,High,31.8448638781037,9.274311926605504,31.8448638781037,Very High,,0.10779731434082647
men running shoes,Nike men running shoes Model 543,25061.0,,3.7,2416.0,flipkart,,5 days,,,Nike,High,,0.0,Average,Medium,28.82404480860289,10.368638808440215,28.82404480860289,Very High,,0.09640092570425345
microwave oven convection,Nike microwave oven convection Model 856,27091.0,,4.1,277.0,croma,,5 days,,,Nike,High,,0.0,Good,Low,23.07324656613161,97.44964028776978,23.07324656613161,Very High,,0.010224420493134505
men running shoes,Boat men running shoes Model 803,20987.0,,4.5,3826.0,flipkart,,2 days,,,Boat,Medium,,0.0,Excellent,High,37.12426418441566,5.483929971256859,37.12426418441566,Very High,,0.18229464455879552
power bank fast charging,Philips power bank fast charging Model 895,25061.0,,4.6,2596.0,croma,,2 days,,,Philips,High,,0.0,Excellent,Medium,36.16571617364864,9.649980747015787,36.16571617364864,Very High,,0.1035831138775836
office chair ergonomic,Nike office chair ergonomic Model 698,18380.0,,3.1,1698.0,reliance digital,,free delivery,,,Nike,Medium,,0.0,Average,Medium,23.05716487718299,10.818128310771042,23.05716487718299,Very High,,0.09237799902072792
office chair ergonomic,Dell office chair ergonomic Model 875,32126.0,,3.2,3250.0,reliance digital,,5 days,,,Dell,High,,0.0,Average,High,25.8774973449725,9.881882497693018,25.8774973449725,Very High,,0.10116101721293616
air fryer India,Philips air fryer India Model 596,21238.0,,4.8,2607.0,flipkart,,free delivery,,,Philips,Medium,,0.0,Excellent,Medium,37.75842683062341,8.14340490797546,37.75842683062341,Very High,,0.12274589199114835
men running shoes,Boat men running shoes Model 933,25061.0,,3.8,4626.0,reliance digital,,5 days,,,Boat,High,,0.0,Average,High,32.0707231578466,5.416252431381024,32.0707231578466,Very High,,0.18458223605458463
air fryer India,Samsung air fryer India Model 271,25061.0,,3.0,2163.0,reliance digital,,5 days,,,Samsung,High,,0.0,Average,Medium,23.039140919899115,11.580868761552681,23.039140919899115,Very High,,0.08630596121618386
office chair ergonomic,HP office chair ergonomic Model 303,1279.0,,4.9,4932.0,amazon,,2 days,,,HP,Low,,0.0,Excellent,High,41.668142746045326,0.25927427528887087,41.668142746045326,Medium,,3.853125
office chair ergonomic,Philips office chair ergonomic Model 477,10866.0,,3.8,4350.0,croma,,5 days,,,Philips,Medium,,0.0,Average,High,31.83701173433858,2.4973569294415077,31.83701173433858,Very High,,0.4002944694948008
power bank fast charging,Philips power bank fast charging Model 642,28225.0,,4.6,2579.0,reliance digital,,2 days,,,Philips,High,,0.0,Excellent,Medium,36.135505518412046,10.939922480620154,36.135505518412046,Very High,,0.09136965917947991
air fryer India,Nike air fryer India Model 718,29744.0,,4.3,767.0,croma,,5 days,,,Nike,High,,0.0,Good,Low,28.56829585253499,38.729166666666664,28.56829585253499,Very High,,0.025785846360732896
men running shoes,Puma men running shoes Model 786,46190.0,,4.4,4850.0,reliance digital,,2 days,,,Puma,High,,0.0,Good,High,37.34253665227895,9.521748093176665,37.34253665227895,Very High,,0.10499880929185339
air fryer India,Philips air fryer India Model 430,25061.0,,3.8,2842.0,amazon,,2 days,,,Philips,High,,0.0,Average,Medium,30.219937424273798,8.814984171649666,30.219937424273798,Very High,,0.11339877104780145
power bank fast charging,Puma power bank fast charging Model 482,45981.0,,4.7,4614.0,croma,,free delivery,,,Puma,High,,0.0,Excellent,High,39.65421559060368,9.96338028169014,39.65421559060368,Very High,,0.1003436127180201
air fryer India,Samsung air fryer India Model 258,25061.0,,3.4,1089.0,croma,,2 days,,,Samsung,High,,0.0,Average,Medium,23.779372115758843,22.991743119266054,23.779372115758843,Very High,,0.04345223844864735
office chair ergonomic,Puma office chair ergonomic Model 101,25061.0,,4.7,2219.0,amazon,,free delivery,,,Puma,High,,0.0,Excellent,Medium,36.21473363187173,11.288738738738738,36.21473363187173,Very High,,0.08854041975899768
air fryer India,Philips air fryer India Model 969,34115.0,,3.7,2589.0,reliance digital,,2 days,,,Philips,High,,0.0,Average,Medium,29.079828672366258,13.171814671814673,29.079828672366258,Very High,,0.07588814632430531
men running shoes,Puma men running shoes Model 582,28024.0,,3.8,80.0,flipkart,,free delivery,,,Puma,High,,0.0,Average,Low,16.698906787755266,345.9753086419753,16.698906787755266,Very High,,0.002854594112399643
men running shoes,Puma men running shoes Model 698,10209.0,,4.2,1801.0,reliance digital,,5 days,,,Puma,Medium,,0.0,Good,Medium,31.48594024030679,5.665371809100999,31.48594024030679,Very High,,0.1763956904995103
air fryer India,Samsung air fryer India Model 828,46174.0,,3.8,996.0,flipkart,,2 days,,,Samsung,High,,0.0,Average,Low,26.238052925854983,46.312938816449346,26.238052925854983,Very High,,0.021570113697888468
power bank fast charging,Samsung power bank fast charging Model 560,25061.0,,3.9,3606.0,reliance digital,,5 days,,,Samsung,High,,0.0,Average,High,31.943463555523802,6.9478791239257,31.943463555523802,Very High,,0.14388316973904716
power bank fast charging,Boat power bank fast charging Model 839,14552.0,,3.0,3900.0,amazon,,free delivery,,,Boat,Medium,,0.0,Average,High,24.806964628519967,3.7303255575493464,24.806964628519967,Very High,,0.26798598227169657
power bank fast charging,Boat power bank fast charging Model 674,37226.0,,4.0,240.0,amazon,,free delivery,,,Boat,High,,0.0,Good,Low,21.93918773396262,154.46473029045643,21.93918773396262,Very High,,0.006446933677169796
microwave oven convection,Dell microwave oven convection Model 467,2674.0,,4.7,1877.0,amazon,,2 days,,,Dell,Low,,0.0,Excellent,Medium,35.42842450091058,1.4238551650692226,35.42842450091058,High,,0.7016822429906542
office chair ergonomic,LG office chair ergonomic Model 721,29876.0,,4.9,2562.0,croma,,free delivery,,,LG,High,,0.0,Excellent,Medium,38.45977525918395,11.656652360515022,38.45977525918395,Very High,,0.08575158148408475
office chair ergonomic,HP office chair ergonomic Model 674,25437.0,,3.0,2042.0,croma,,2 days,,,HP,High,,0.0,Average,Medium,22.866523784452866,12.450807635829662,22.866523784452866,Very High,,0.0802736064155987
microwave oven convection,Samsung microwave oven convection Model 355,19714.0,,2.5,658.0,amazon,,free delivery,,,Samsung,Medium,,0.0,Poor,Low,16.226808836256268,29.91502276176024,16.226808836256268,Very High,,0.033375602333248794
men running shoes,HP men running shoes Model 182,47672.0,,3.9,0.0,reliance digital,,2 days,,,HP,High,,0.0,Average,No Reviews,0.0,47672.0,0.0,Very High,,0.0
men running shoes,HP men running shoes Model 331,29643.0,,4.6,359.0,reliance digital,,2 days,,,HP,High,,0.0,Excellent,Low,27.076078544670715,82.34166666666667,27.076078544670715,Very High,,0.012110376467413305
power bank fast charging,Sony power bank fast charging Model 702,25061.0,,4.7,4883.0,croma,,5 days,,,Sony,High,,0.0,Excellent,High,39.920483225583794,5.131244881244881,39.920483225583794,Very High,,0.19483680472428377
office chair ergonomic,Boat office chair ergonomic Model 293,14351.0,,3.9,1098.0,flipkart,,5 days,,,Boat,Medium,,0.0,Average,Medium,27.308408222174123,13.058234758871702,27.308408222174123,Very High,,0.07650501672240803
air fryer India,Nike air fryer India Model 642,6086.0,,3.8,4274.0,flipkart,,5 days,,,Nike,Low,,0.0,Average,High,31.77004964920927,1.423625730994152,31.77004964920927,Very High,,0.7021521274848037
air fryer India,HP air fryer India Model 311,43097.0,,3.6,1168.0,reliance digital,,2 days,,,HP,High,,0.0,Average,Medium,25.430054261299446,36.86655260906758,25.430054261299446,Very High,,0.027101025569632002
office chair ergonomic,HP office chair ergonomic Model 929,48052.0,,3.8,37.0,croma,,2 days,,,HP,High,,0.0,Average,Low,13.822827406960265,1264.5263157894738,13.822827406960265,Very High,,0.0007699831436122614
office chair ergonomic,Nike office chair ergonomic Model 400,14284.0,,4.7,1381.0,croma,,free delivery,,,Nike,Medium,,0.0,Excellent,Medium,33.987048920339795,10.33574529667149,33.987048920339795,Very High,,0.09667483374168709
men running shoes,Nike men running shoes Model 617,17198.0,,3.8,3865.0,croma,,5 days,,,Nike,Medium,,0.0,Average,High,31.387907507119447,4.4485256078634245,31.387907507119447,Very High,,0.22472236757951045
power bank fast charging,HP power bank fast charging Model 745,30753.0,,4.6,884.0,reliance digital,,2 days,,,HP,High,,0.0,Excellent,Low,31.213703167036474,34.74915254237288,31.213703167036474,Very High,,0.02874422839305456
men running shoes,Philips men running shoes Model 827,25061.0,,2.7,2023.0,flipkart,,free delivery,,,Philips,High,,0.0,Poor,Medium,20.554643782099863,12.381916996047432,20.554643782099863,Very High,,0.08071981485914931
microwave oven convection,LG microwave oven convection Model 103,45883.0,,4.5,1488.0,flipkart,,2 days,,,LG,High,,0.0,Excellent,Medium,32.87637014707804,30.81464069845534,32.87637014707804,Very High,,0.032429605091099295
microwave oven convection,Nike microwave oven convection Model 484,35539.0,,3.8,461.0,reliance digital,,free delivery,,,Nike,High,,0.0,Average,Low,23.315146586110604,76.92424242424242,23.315146586110604,Very High,,0.01297129994372538
microwave oven convection,Nike microwave oven convection Model 744,14102.0,,3.3,355.0,reliance digital,,free delivery,,,Nike,Medium,,0.0,Average,Low,19.3872714118117,39.6123595505618,19.3872714118117,Very High,,0.025171949230660143
power bank fast charging,HP power bank fast charging Model 251,29650.0,,4.0,2211.0,amazon,,5 days,,,HP,High,,0.0,Good,Medium,30.806609450568903,13.404159132007234,30.806609450568903,Very High,,0.07456746821355098
men running shoes,Nike men running shoes Model 881,25061.0,,4.3,3162.0,amazon,,free delivery,,,Nike,High,,0.0,Good,High,34.65488776021429,7.92317420170724,34.65488776021429,Very High,,0.12616710557816616
men running shoes,Philips men running shoes Model 830,37227.0,,3.2,2415.0,flipkart,,free delivery,,,Philips,High,,0.0,Average,Medium,24.92757938897506,15.408526490066226,24.92757938897506,Very High,,0.06487052755990115
men running shoes,Sony men running shoes Model 146,15396.0,,4.5,1884.0,flipkart,,5 days,,,Sony,Medium,,0.0,Excellent,Medium,33.9375739494695,8.16763925729443,33.9375739494695,Very High,,0.12236149899331039
power bank fast charging,Puma power bank fast charging Model 127,10720.0,,4.3,629.0,reliance digital,,free delivery,,,Puma,Medium,,0.0,Good,Low,27.716595223357988,17.015873015873016,27.716595223357988,Very High,,0.05866990019587725
men running shoes,Samsung men running shoes Model 413,14199.0,,3.9,4628.0,reliance digital,,free delivery,,,Samsung,Medium,,0.0,Average,High,32.916374950021954,3.067401166558652,32.916374950021954,Very High,,0.32591549295774647
air fryer India,Samsung air fryer India Model 611,3868.0,,2.7,4042.0,croma,,2 days,,,Samsung,Low,,0.0,Poor,High,22.422804128030084,0.9567153104130596,22.422804128030084,Very High,,1.0447143964848797
power bank fast charging,LG power bank fast charging Model 130,49897.0,,3.0,2424.0,reliance digital,,5 days,,,LG,High,,0.0,Average,Medium,23.380760410114753,20.576082474226805,23.380760410114753,Very High,,0.048579101366788245
office chair ergonomic,Nike office chair ergonomic Model 962,25061.0,,4.6,2246.0,flipkart,,5 days,,,Nike,High,,0.0,Excellent,Medium,35.499815852052514,11.153093012906098,35.499815852052514,Very High,,0.0896177479849972
office chair ergonomic,Boat office chair ergonomic Model 306,33632.0,,3.7,803.0,reliance digital,,2 days,,,Boat,High,,0.0,Average,Low,24.751517295962177,41.830845771144276,24.751517295962177,Very High,,0.023875360509023877
microwave oven convection,Boat microwave oven convection Model 962,13198.0,,4.3,3270.0,amazon,,2 days,,,Boat,Medium,,0.0,Good,High,34.79925941841505,4.03485172730052,34.79925941841505,Very High,,0.2477460413667702
microwave oven convection,Puma microwave oven convection Model 409,19446.0,,3.8,2308.0,croma,,2 days,,,Puma,Medium,,0.0,Average,Medium,29.42936527554708,8.421827631009094,29.42936527554708,Very High,,0.11868154471126652
air fryer India,HP air fryer India Model 794,27642.0,,4.9,22.0,reliance digital,,5 days,,,HP,High,,0.0,Excellent,Low,15.363921658052835,1201.8260869565217,15.363921658052835,Very High,,0.0007958615200955034
power bank fast charging,Boat power bank fast charging Model 410,7209.0,,3.8,4713.0,flipkart,,free delivery,,,Boat,Low,,0.0,Average,High,32.141509917285084,1.5292745014849385,32.141509917285084,Very High,,0.6536754507628294
microwave oven convection,Boat microwave oven convection Model 217,4482.0,,3.2,779.0,croma,,2 days,,,Boat,Low,,0.0,Average,Low,21.30974054298764,5.746153846153846,21.30974054298764,Very High,,0.1737675663618113
power bank fast charging,LG power bank fast charging Model 610,32170.0,,3.4,852.0,reliance digital,,free delivery,,,LG,High,,0.0,Average,Low,22.94578246147171,37.71395076201641,22.94578246147171,Very High,,0.02648347890957695
power bank fast charging,Samsung power bank fast charging Model 384,11076.0,,4.4,2498.0,amazon,,free delivery,,,Samsung,Medium,,0.0,Good,Medium,34.42404209567379,4.432172869147659,34.42404209567379,Very High,,0.22551232283109146
air fryer India,Puma air fryer India Model 890,22607.0,,3.3,2977.0,reliance digital,,2 days,,,Puma,Medium,,0.0,Average,Medium,26.39672380370505,7.591336467427804,26.39672380370505,Very High,,0.1316790516631281
microwave oven convection,HP microwave oven convection Model 255,150250.0,,4.8,644.0,reliance digital,,free delivery,,,HP,Very High,,0.0,Excellent,Low,31.052401520619707,232.94573643410854,31.052401520619707,Very High,,0.004286161156997291
microwave oven convection,LG microwave oven convection Model 538,25061.0,,4.3,3962.0,reliance digital,,5 days,,,LG,High,,0.0,Good,High,35.62445335071887,6.32374463790058,35.62445335071887,Very High,,0.15808794190407788
men running shoes,Nike men running shoes Model 445,6514.0,,3.1,3970.0,amazon,,free delivery,,,Nike,Low,,0.0,Average,High,25.688997016506878,1.6403928481490808,25.688997016506878,Very High,,0.6093630084420568
power bank fast charging,Nike power bank fast charging Model 184,25061.0,,2.8,1599.0,croma,,2 days,,,Nike,High,,0.0,Poor,Medium,20.65772494303804,15.663125,20.65772494303804,Very High,,0.06380177160641609
power bank fast charging,Puma power bank fast charging Model 391,21690.0,,3.2,3331.0,flipkart,,2 days,,,Puma,Medium,,0.0,Average,High,25.956249610517546,6.509603841536615,25.956249610517546,Very High,,0.1535659951131806
office chair ergonomic,LG office chair ergonomic Model 994,13287.0,,4.6,414.0,croma,,free delivery,,,LG,Medium,,0.0,Excellent,Low,27.730081193061206,32.01686746987952,27.730081193061206,Very High,,0.031155930162552678
microwave oven convection,Sony microwave oven convection Model 718,25061.0,,4.0,1163.0,croma,,5 days,,,Sony,High,,0.0,Good,Medium,28.23847051316553,21.530068728522338,28.23847051316553,Very High,,0.04640491580879419
power bank fast charging,Philips power bank fast charging Model 285,25061.0,,3.0,2704.0,amazon,,5 days,,,Philips,High,,0.0,Average,Medium,23.708571573841745,9.264695009242145,23.708571573841745,Very High,,0.10789242678158167
men running shoes,HP men running shoes Model 483,498050.0,,3.3,4703.0,amazon,,2 days,,,HP,Very High,,0.0,Average,High,27.905356015608927,105.87797619047619,27.905356015608927,Very High,,0.009442808065840648
men running shoes,Boat men running shoes Model 963,1439.0,,3.7,2268.0,reliance digital,,free delivery,,,Boat,Low,,0.0,Average,Medium,28.590249593685414,0.6342000881445571,28.590249593685414,Medium,,1.575
air fryer India,Sony air fryer India Model 556,4039.0,,3.1,2150.0,amazon,,5 days,,,Sony,Low,,0.0,Average,Medium,23.788433200729965,1.8777312877731287,23.788433200729965,Very High,,0.5321782178217822
microwave oven convection,Nike microwave oven convection Model 557,26380.0,,4.7,3235.0,flipkart,,free delivery,,,Nike,High,,0.0,Excellent,High,37.9858384074384,8.15203955500618,37.9858384074384,Very High,,0.12262613244380426
microwave oven convection,HP microwave oven convection Model 907,38823.0,,3.2,214.0,croma,,2 days,,,HP,High,,0.0,Average,Low,17.18604169000852,180.5720930232558,17.18604169000852,Very High,,0.005512054399340614
air fryer India,Nike air fryer India Model 938,6967.0,,2.7,2732.0,reliance digital,,5 days,,,Nike,Low,,0.0,Poor,Medium,21.365519002005787,2.549213318697402,21.365519002005787,Very High,,0.3920780711825488
microwave oven convection,Philips microwave oven convection Model 214,25061.0,,2.5,343.0,reliance digital,,free delivery,,,Philips,High,,0.0,Poor,Low,14.601604143433494,72.85174418604652,14.601604143433494,Very High,,0.013686058574734658
office chair ergonomic,LG office chair ergonomic Model 506,41093.0,,3.2,3648.0,flipkart,,5 days,,,LG,High,,0.0,Average,High,26.247066996596637,11.261441490819402,26.247066996596637,Very High,,0.08877208351584173
men running shoes,Nike men running shoes Model 469,8496.0,,4.5,969.0,croma,,2 days,,,Nike,Low,,0.0,Excellent,Low,30.947832321738428,8.758762886597939,30.947832321738428,Very High,,0.11404024949982347
air fryer India,HP air fryer India Model 735,6304.0,,3.9,3336.0,amazon,,5 days,,,HP,Low,,0.0,Average,High,31.640027167130356,1.8891219658375786,31.640027167130356,Very High,,0.5291038858049167
men running shoes,Samsung men running shoes Model 267,27684.0,,4.4,2165.0,flipkart,,5 days,,,Samsung,High,,0.0,Good,Medium,33.79480468126812,12.781163434903046,33.79480468126812,Very High,,0.07820119198121726
men running shoes,LG men running shoes Model 927,10893.0,,3.8,3220.0,flipkart,,free delivery,,,LG,Medium,,0.0,Average,High,30.694299167458556,3.3818689847873333,30.694299167458556,Very High,,0.2955755461722049
air fryer India,Boat air fryer India Model 822,317150.0,,3.8,912.0,reliance digital,,2 days,,,Boat,Very High,,0.0,Average,Low,25.903596346260876,347.37130339539976,25.903596346260876,Very High,,0.0028756018426553914
power bank fast charging,Boat power bank fast charging Model 237,40605.0,,4.1,4794.0,reliance digital,,free delivery,,,Boat,High,,0.0,Good,High,34.748848848001906,8.468196037539103,34.748848848001906,Very High,,0.1180613702408511
men running shoes,Samsung men running shoes Model 400,49074.0,,3.4,3514.0,reliance digital,,2 days,,,Samsung,High,,0.0,Average,High,27.7603023344322,13.96130867709815,27.7603023344322,Very High,,0.07160468670402445
air fryer India,Sony air fryer India Model 728,40235.0,,4.9,1832.0,croma,,free delivery,,,Sony,High,,0.0,Excellent,Medium,36.817175314414555,21.95035460992908,36.817175314414555,Very High,,0.0455313649468138
office chair ergonomic,Boat office chair ergonomic Model 324,455330.0,,4.1,3258.0,amazon,,free delivery,,,Boat,Very High,,0.0,Good,High,33.165620283234,139.71463639153114,33.165620283234,Very High,,0.007155234324041192
microwave oven convection,Puma microwave oven convection Model 672,32574.0,,3.8,4159.0,reliance digital,,2 days,,,Puma,High,,0.0,Average,High,31.66642734237017,7.830288461538461,31.66642734237017,Very High,,0.1276745970836531
office chair ergonomic,LG office chair ergonomic Model 906,47981.0,,3.8,4032.0,flipkart,,5 days,,,LG,High,,0.0,Average,High,31.548610020518794,11.897098933796181,31.548610020518794,Very High,,0.08403151181693135
air fryer India,Nike air fryer India Model 478,18795.0,,4.7,4940.0,reliance digital,,free delivery,,,Nike,Medium,,0.0,Excellent,High,39.97501818857503,3.803885853066181,39.97501818857503,Very High,,0.26282187699510534
office chair ergonomic,Puma office chair ergonomic Model 268,19653.0,,3.8,2571.0,amazon,,5 days,,,Puma,Medium,,0.0,Average,Medium,29.839268524358538,7.641135303265941,29.839268524358538,Very High,,0.13081306604253587
microwave oven convection,Philips microwave oven convection Model 749,12002.0,,4.2,1195.0,flipkart,,2 days,,,Philips,Medium,,0.0,Good,Medium,29.764299324944425,10.035117056856187,29.764299324944425,Very High,,0.09955844372240273
microwave oven convection,Puma microwave oven convection Model 481,35873.0,,3.1,4742.0,amazon,,5 days,,,Puma,High,,0.0,Average,High,26.239717890220508,7.563356525405862,26.239717890220508,Very High,,0.13218486926464848
power bank fast charging,LG power bank fast charging Model 622,13442.0,,4.9,2243.0,amazon,,5 days,,,LG,Medium,,0.0,Excellent,Medium,37.80847480654868,5.990196078431373,37.80847480654868,Very High,,0.16685263706018003
microwave oven convection,LG microwave oven convection Model 140,48117.0,,2.7,1141.0,flipkart,,5 days,,,LG,High,,0.0,Poor,Medium,19.00944825358308,42.13397548161121,19.00944825358308,Very High,,0.023712540005819027
air fryer India,Philips air fryer India Model 646,11773.0,,4.6,2746.0,croma,,free delivery,,,Philips,Medium,,0.0,Excellent,Medium,36.42401755603826,4.285766290498726,36.42401755603826,Very High,,0.2332257516561916
office chair ergonomic,Puma office chair ergonomic Model 799,7517.0,,3.7,2856.0,croma,,2 days,,,Puma,Low,,0.0,Average,Medium,29.44285138825386,2.6310815540777037,29.44285138825386,Very High,,0.37988826815642457
power bank fast charging,Sony power bank fast charging Model 905,21605.0,,3.2,4282.0,flipkart,,5 days,,,Sony,Medium,,0.0,Average,High,26.759708728369187,5.044361428904973,26.759708728369187,Very High,,0.1981856891604184
men running shoes,LG men running shoes Model 336,10645.0,,2.6,1588.0,amazon,,2 days,,,LG,Medium,,0.0,Poor,Medium,19.164236432995462,6.699181875393329,19.164236432995462,Very High,,0.14916400526019163
microwave oven convection,HP microwave oven convection Model 797,25061.0,,4.1,3378.0,amazon,,free delivery,,,HP,High,,0.0,Good,High,33.31387385552859,7.416691328795501,33.31387385552859,Very High,,0.13478573138616232
office chair ergonomic,Sony office chair ergonomic Model 805,33876.0,,4.2,4729.0,flipkart,,2 days,,,Sony,High,,0.0,Good,High,35.539058022241115,7.161945031712474,35.539058022241115,Very High,,0.1395932343477876
air fryer India,Sony air fryer India Model 387,25061.0,,3.4,3668.0,flipkart,,2 days,,,Sony,High,,0.0,Average,High,27.90609304280796,6.8304715181248294,27.90609304280796,Very High,,0.14635703455430532
microwave oven convection,LG microwave oven convection Model 265,36060.0,,2.7,1104.0,amazon,,free delivery,,,LG,High,,0.0,Poor,Medium,18.920521657670005,32.633484162895925,18.920521657670005,Very High,,0.03061479160311694
men running shoes,Boat men running shoes Model 103,11594.0,,3.9,3659.0,amazon,,5 days,,,Boat,Medium,,0.0,Average,High,32.000351862942104,3.16775956284153,32.000351862942104,Very High,,0.3155670547649849
microwave oven convection,LG microwave oven convection Model 421,1377.0,,5.0,1203.0,reliance digital,,free delivery,,,LG,Low,,0.0,Excellent,Medium,35.46702312934383,1.143687707641196,35.46702312934383,Medium,,0.8730043541364296
power bank fast charging,Sony power bank fast charging Model 720,8143.0,,5.0,1895.0,amazon,,2 days,,,Sony,Low,,0.0,Excellent,Medium,37.73750841407483,4.294831223628692,37.73750841407483,Very High,,0.23268664047151277
power bank fast charging,HP power bank fast charging Model 730,8200.0,,2.7,633.0,flipkart,,5 days,,,HP,Low,,0.0,Poor,Low,17.42053217698051,12.933753943217665,17.42053217698051,Very High,,0.07718570905987075
microwave oven convection,Boat microwave oven convection Model 912,14301.0,,3.4,3397.0,croma,,5 days,,,Boat,Medium,,0.0,Average,High,27.645203827588382,4.2086521483225425,27.645203827588382,Very High,,0.23751922807998882
air fryer India,Philips air fryer India Model 480,48641.0,,3.4,436.0,flipkart,,free delivery,,,Philips,High,,0.0,Average,Low,20.671772863325007,111.30663615560641,20.671772863325007,Very High,,0.008963447226676535
office chair ergonomic,Samsung office chair ergonomic Model 401,17691.0,,4.1,4739.0,flipkart,,2 days,,,Samsung,Medium,,0.0,Good,High,34.7015489002254,3.732278481012658,34.7015489002254,Very High,,0.26786118019443816
air fryer India,HP air fryer India Model 467,24241.0,,3.6,2577.0,croma,,5 days,,,HP,Medium,,0.0,Average,Medium,28.277169060596876,9.403025601241273,28.277169060596876,Very High,,0.10630311030443033
microwave oven convection,Philips microwave oven convection Model 811,40899.0,,3.1,4061.0,croma,,5 days,,,Philips,High,,0.0,Average,High,25.759235300635027,10.068685376661742,25.759235300635027,Very High,,0.09929095354523228
office chair ergonomic,HP office chair ergonomic Model 686,40569.0,,4.9,2457.0,amazon,,2 days,,,HP,High,,0.0,Excellent,Medium,38.25480612161731,16.504882017900734,38.25480612161731,Very High,,0.06056199161942322
men running shoes,Samsung men running shoes Model 708,44224.0,,3.8,4643.0,reliance digital,,free delivery,,,Samsung,High,,0.0,Average,High,32.08465910270757,9.522825150732128,32.08465910270757,Very High,,0.10498586772187676
air fryer India,Sony air fryer India Model 785,25061.0,,2.8,460.0,amazon,,free delivery,,,Sony,High,,0.0,Poor,Low,17.173514520390615,54.36225596529284,17.173514520390615,Very High,,0.01835448088739925
microwave oven convection,Dell microwave oven convection Model 732,22414.0,,4.5,4065.0,flipkart,,2 days,,,Dell,Medium,,0.0,Excellent,High,37.396867473847315,5.512543039842597,37.396867473847315,Very High,,0.18135177336604952
air fryer India,Philips air fryer India Model 717,21851.0,,4.4,1283.0,reliance digital,,2 days,,,Philips,Medium,,0.0,Good,Medium,31.49403613069959,17.01791277258567,31.49403613069959,Very High,,0.05871316126670328
air fryer India,Philips air fryer India Model 486,32783.0,,3.0,3444.0,reliance digital,,free delivery,,,Philips,High,,0.0,Average,High,24.434037550343277,9.51611030478955,24.434037550343277,Very High,,0.10505124450951683
men running shoes,Samsung men running shoes Model 420,25585.0,,4.4,382.0,reliance digital,,free delivery,,,Samsung,High,,0.0,Good,Low,26.171353952394842,66.80156657963447,26.171353952394842,Very High,,0.014930039865551473
men running shoes,HP men running shoes Model 244,27366.0,,4.7,171.0,amazon,,5 days,,,HP,High,,0.0,Excellent,Low,24.193224041023228,159.1046511627907,24.193224041023228,Very High,,0.006248401359301348
office chair ergonomic,Samsung office chair ergonomic Model 268,25061.0,,3.8,1147.0,reliance digital,,free delivery,,,Samsung,High,,0.0,Average,Medium,26.77395099214214,21.8301393728223,26.77395099214214,Very High,,0.04576649908227596
men running shoes,Boat men running shoes Model 359,25061.0,,3.6,4967.0,croma,,2 days,,,Boat,High,,0.0,Average,High,30.638781445007936,5.044484702093397,30.638781445007936,Very High,,0.1981884925385045
office chair ergonomic,Sony office chair ergonomic Model 515,28389.0,,4.6,685.0,croma,,free delivery,,,Sony,High,,0.0,Excellent,Low,30.042037087539068,41.383381924198254,30.042037087539068,Very High,,0.024128214159915465
office chair ergonomic,Philips office chair ergonomic Model 257,17699.0,,2.6,1407.0,flipkart,,free delivery,,,Philips,Medium,,0.0,Poor,Medium,18.849806395466768,12.5703125,18.849806395466768,Very High,,0.07949152542372881
microwave oven convection,Dell microwave oven convection Model 900,36248.0,,2.9,3267.0,flipkart,,free delivery,,,Dell,High,,0.0,Poor,High,23.466607022341687,11.091799265605875,23.466607022341687,Very High,,0.09012662418273608
men running shoes,Dell men running shoes Model 531,7064.0,,4.9,2725.0,reliance digital,,2 days,,,Dell,Low,,0.0,Excellent,Medium,38.76189400005674,2.591342626559061,38.76189400005674,Very High,,0.3857041755130927
men running shoes,HP men running shoes Model 526,45586.0,,3.7,483.0,reliance digital,,2 days,,,HP,High,,0.0,Average,Low,22.87371415485154,94.18595041322314,22.87371415485154,Very High,,0.010595125803408866
men running shoes,Nike men running shoes Model 884,25061.0,,4.0,1629.0,flipkart,,2 days,,,Nike,High,,0.0,Good,Medium,29.585341175203233,15.374846625766871,29.585341175203233,Very High,,0.06499880296863778
men running shoes,Sony men running shoes Model 823,25061.0,,3.8,3112.0,flipkart,,free delivery,,,Sony,High,,0.0,Average,High,30.56470024767811,8.050433665274655,30.56470024767811,Very High,,0.12417205330779667
men running shoes,Puma men running shoes Model 666,23630.0,,3.4,982.0,flipkart,,5 days,,,Puma,Medium,,0.0,Average,Low,23.428071008500364,24.038657171922686,23.428071008500364,Very High,,0.04155558376708561
air fryer India,Sony air fryer India Model 991,7436.0,,4.9,1081.0,flipkart,,free delivery,,,Sony,Low,,0.0,Excellent,Medium,34.23417565109149,6.872458410351202,34.23417565109149,Very High,,0.14535430953341402
power bank fast charging,Boat power bank fast charging Model 457,18723.0,,3.8,3760.0,amazon,,2 days,,,Boat,Medium,,0.0,Average,High,31.283272602187274,4.978197287955331,31.283272602187274,Very High,,0.20081179235206154
men running shoes,Nike men running shoes Model 985,5261.0,,4.0,947.0,reliance digital,,2 days,,,Nike,Low,,0.0,Good,Low,27.417418009020086,5.54957805907173,27.417418009020086,Very High,,0.1799695933105283
office chair ergonomic,Philips office chair ergonomic Model 290,12568.0,,3.3,1037.0,amazon,,free delivery,,,Philips,Medium,,0.0,Average,Medium,22.91866851029525,12.107899807321772,22.91866851029525,Very High,,0.08250457474739438
office chair ergonomic,Samsung office chair ergonomic Model 945,25061.0,,3.0,3165.0,amazon,,free delivery,,,Samsung,High,,0.0,Average,High,24.18067272132287,7.91566645609602,24.18067272132287,Very High,,0.12628680871438833
power bank fast charging,Boat power bank fast charging Model 929,25061.0,,2.7,1299.0,flipkart,,2 days,,,Boat,High,,0.0,Poor,Medium,19.359322767313998,19.27769230769231,19.359322767313998,Very High,,0.051831457984199185
microwave oven convection,HP microwave oven convection Model 705,21357.0,,4.3,1751.0,amazon,,2 days,,,HP,Medium,,0.0,Good,Medium,32.11460706743425,12.190068493150685,32.11460706743425,Very High,,0.08198333177263789
microwave oven convection,LG microwave oven convection Model 704,25061.0,,2.6,4942.0,flipkart,,free delivery,,,LG,High,,0.0,Poor,High,22.114892054598094,5.069997976937083,22.114892054598094,Very High,,0.19719096640331976
men running shoes,Samsung men running shoes Model 751,49670.0,,4.6,900.0,reliance digital,,2 days,,,Samsung,High,,0.0,Excellent,Low,31.29612418499835,55.127635960044394,31.29612418499835,Very High,,0.01811922449719152
men running shoes,LG men running shoes Model 786,25061.0,,3.1,3910.0,croma,,2 days,,,LG,High,,0.0,Average,High,25.641799961742098,6.407824085911532,25.641799961742098,Very High,,0.1560130875428936
office chair ergonomic,Dell office chair ergonomic Model 101,25061.0,,3.0,3442.0,reliance digital,,2 days,,,Dell,High,,0.0,Average,High,24.432295390015575,7.278826604705199,24.432295390015575,Very High,,0.13733939829223527
air fryer India,Dell air fryer India Model 609,25061.0,,3.8,862.0,reliance digital,,2 days,,,Dell,High,,0.0,Average,Low,25.689575826117025,29.039397450753185,25.689575826117025,Very High,,0.0343947011411699
microwave oven convection,LG microwave oven convection Model 443,11089.0,,4.4,3882.0,amazon,,2 days,,,LG,Medium,,0.0,Good,High,36.36319865081934,2.8557816121555497,36.36319865081934,Very High,,0.35004508566275927
microwave oven convection,Dell microwave oven convection Model 722,25560.0,,4.3,844.0,reliance digital,,free delivery,,,Dell,High,,0.0,Good,Low,28.979147497635847,30.24852071005917,28.979147497635847,Very High,,0.0330190524627362
men running shoes,Philips men running shoes Model 308,42168.0,,3.6,667.0,reliance digital,,5 days,,,Philips,High,,0.0,Average,Low,23.415437424731923,63.125748502994014,23.415437424731923,Very High,,0.015817306552206596
men running shoes,Philips men running shoes Model 169,45637.0,,3.1,3481.0,amazon,,5 days,,,Philips,High,,0.0,Average,High,25.28162257301722,13.106547960941988,25.28162257301722,Very High,,0.07627415750032868
office chair ergonomic,HP office chair ergonomic Model 913,15034.0,,3.3,3503.0,reliance digital,,5 days,,,HP,Medium,,0.0,Average,High,26.93347949178573,4.290525114155251,26.93347949178573,Very High,,0.2329896907216495
office chair ergonomic,Philips office chair ergonomic Model 989,8904.0,,3.0,3739.0,amazon,,2 days,,,Philips,Low,,0.0,Average,High,24.680522671225734,2.3807486631016044,24.680522671225734,Very High,,0.4198764738910724
office chair ergonomic,Puma office chair ergonomic Model 321,44831.0,,4.3,4897.0,flipkart,,free delivery,,,Puma,High,,0.0,Good,High,36.535303621302084,9.152919559003674,36.535303621302084,Very High,,0.10923001427551748
power bank fast charging,HP power bank fast charging Model 100,9092.0,,3.8,811.0,croma,,free delivery,,,HP,Low,,0.0,Average,Low,25.458101292614376,11.19704433497537,25.458101292614376,Very High,,0.08918948641812383
power bank fast charging,HP power bank fast charging Model 956,49324.0,,4.9,4798.0,amazon,,5 days,,,HP,High,,0.0,Excellent,High,41.533197925105405,10.27797457803709,41.533197925105405,Very High,,0.09727318803852002
office chair ergonomic,HP office chair ergonomic Model 726,49015.0,,2.9,3373.0,reliance digital,,5 days,,,HP,High,,0.0,Poor,High,23.559177363007148,14.527267338470658,23.559177363007148,Very High,,0.06881426472988413
microwave oven convection,Samsung microwave oven convection Model 999,12362.0,,3.6,3512.0,croma,,5 days,,,Samsung,Medium,,0.0,Average,High,29.39121234815698,3.518929689723883,29.39121234815698,Very High,,0.2840734449567257
men running shoes,Dell men running shoes Model 938,18469.0,,3.8,3920.0,amazon,,5 days,,,Dell,Medium,,0.0,Average,High,31.441587608710854,4.710277990308595,31.441587608710854,Very High,,0.2122360584731998
men running shoes,Boat men running shoes Model 821,11806.0,,3.7,3346.0,amazon,,2 days,,,Boat,Medium,,0.0,Average,High,30.028532894481913,3.5273379145503436,30.028532894481913,Very High,,0.2833912086050648
microwave oven convection,Sony microwave oven convection Model 983,9278.0,,3.2,937.0,amazon,,free delivery,,,Sony,Low,,0.0,Average,Low,21.89999983681992,9.891257995735607,21.89999983681992,Very High,,0.10098070912813881
power bank fast charging,Samsung power bank fast charging Model 567,2958.0,,4.1,4103.0,croma,,2 days,,,Samsung,Low,,0.0,Good,High,34.11084128608748,0.7207602339181286,34.11084128608748,High,,1.3866171003717471
office chair ergonomic,HP office chair ergonomic Model 586,3054.0,,3.8,2790.0,reliance digital,,2 days,,,HP,Low,,0.0,Average,Medium,30.149789887438022,1.0942314582586887,30.149789887438022,Very High,,0.9132569558101473
men running shoes,LG men running shoes Model 131,43158.0,,4.2,184.0,flipkart,,2 days,,,LG,High,,0.0,Good,Low,21.925494465328963,233.2864864864865,21.925494465328963,Very High,,0.004263305451933548
power bank fast charging,Samsung power bank fast charging Model 205,86400.0,,3.8,2729.0,flipkart,,5 days,,,Samsung,Very High,,0.0,Average,Medium,30.06581617508022,31.64835164835165,30.06581617508022,Very High,,0.031585282577747946
microwave oven convection,LG microwave oven convection Model 469,23503.0,,3.7,712.0,reliance digital,,2 days,,,LG,Medium,,0.0,Average,Low,24.307081255532896,32.96353436185133,24.307081255532896,Very High,,0.0302927161334241
power bank fast charging,Puma power bank fast charging Model 586,7191.0,,3.9,1373.0,croma,,2 days,,,Puma,Low,,0.0,Average,Medium,28.17937774385095,5.2336244541484715,28.17937774385095,Very High,,0.19090656284760846
men running shoes,Nike men running shoes Model 359,14330.0,,3.9,4643.0,amazon,,free delivery,,,Nike,Medium,,0.0,Average,High,32.92899223698935,3.085701981050818,32.92899223698935,Very High,,0.32398297397250714
air fryer India,Boat air fryer India Model 311,36987.0,,4.2,1543.0,amazon,,free delivery,,,Boat,High,,0.0,Good,Medium,30.836953268455833,23.955310880829014,30.836953268455833,Very High,,0.041716232291554016
air fryer India,HP air fryer India Model 211,39993.0,,3.8,149.0,amazon,,free delivery,,,HP,High,,0.0,Average,Low,19.04041411756577,266.62,19.04041411756577,Very High,,0.0037255588338250736
men running shoes,Puma men running shoes Model 305,49243.0,,3.5,515.0,croma,,2 days,,,Puma,High,,0.0,Average,Low,21.86137367918547,95.43217054263566,21.86137367918547,Very High,,0.01045812687840143
microwave oven convection,Boat microwave oven convection Model 453,44884.0,,4.0,122.0,flipkart,,free delivery,,,Boat,High,,0.0,Good,Low,19.24873742148967,364.9105691056911,19.24873742148967,Very High,,0.002718057257435669
microwave oven convection,HP microwave oven convection Model 472,42957.0,,3.2,3026.0,croma,,5 days,,,HP,High,,0.0,Average,High,25.649047388869505,14.191278493557979,25.649047388869505,Very High,,0.07044089575864798
microwave oven convection,Dell microwave oven convection Model 838,383970.0,,2.8,2066.0,reliance digital,,5 days,,,Dell,Very High,,0.0,Poor,Medium,21.37478996710895,185.7619738751814,21.37478996710895,Very High,,0.005380614681837951
power bank fast charging,Sony power bank fast charging Model 509,38591.0,,2.7,969.0,reliance digital,,5 days,,,Sony,High,,0.0,Poor,Low,18.568699393043058,39.784536082474226,18.568699393043058,Very High,,0.025108830845771143
microwave oven convection,Sony microwave oven convection Model 848,9020.0,,3.0,1410.0,amazon,,2 days,,,Sony,Low,,0.0,Average,Medium,21.756161855558442,6.3926293408929835,21.756161855558442,Very High,,0.15630196208846026
power bank fast charging,Philips power bank fast charging Model 190,38421.0,,3.8,234.0,flipkart,,free delivery,,,Philips,High,,0.0,Average,Low,20.746424953747802,163.4936170212766,20.746424953747802,Very High,,0.006090260788090157
men running shoes,LG men running shoes Model 449,15824.0,,2.9,2382.0,reliance digital,,2 days,,,LG,Medium,,0.0,Poor,Medium,22.55073488358635,6.640369282417121,22.55073488358635,Very High,,0.150521327014218
office chair ergonomic,Philips office chair ergonomic Model 887,9713.0,,3.7,3026.0,flipkart,,2 days,,,Philips,Low,,0.0,Average,High,29.656711043380362,3.2087875784605218,29.656711043380362,Very High,,0.3115091620341775
men running shoes,Nike men running shoes Model 850,38043.0,,3.3,2625.0,flipkart,,2 days,,,Nike,High,,0.0,Average,Medium,25.981616281047046,14.487052551408986,25.981616281047046,Very High,,0.06899905372726317
office chair ergonomic,Nike office chair ergonomic Model 830,22701.0,,4.6,868.0,amazon,,free delivery,,,Nike,Medium,,0.0,Excellent,Low,31.129778376220802,26.12313003452244,31.129778376220802,Very High,,0.03823451678266232
men running shoes,Samsung men running shoes Model 677,31281.0,,3.2,1859.0,amazon,,5 days,,,Samsung,High,,0.0,Average,Medium,24.09066165346319,16.81774193548387,24.09066165346319,Very High,,0.05942714660187968
microwave oven convection,Samsung microwave oven convection Model 830,39906.0,,3.7,2247.0,reliance digital,,free delivery,,,Samsung,High,,0.0,Average,Medium,28.555845980750252,17.751779359430603,28.555845980750252,Very High,,0.05630591124364147
power bank fast charging,Nike power bank fast charging Model 406,436130.0,,3.8,3636.0,reliance digital,,free delivery,,,Nike,Very High,,0.0,Average,High,31.15587489095056,119.91476491613967,31.15587489095056,Very High,,0.008336944633607792
air fryer India,Puma air fryer India Model 297,15008.0,,4.6,3256.0,croma,,5 days,,,Puma,Medium,,0.0,Excellent,High,37.20738430427067,4.607921400061406,37.20738430427067,Very High,,0.21693650476380838
microwave oven convection,Philips microwave oven convection Model 423,15450.0,,3.5,2281.0,croma,,2 days,,,Philips,Medium,,0.0,Average,Medium,27.064826356477074,6.7703768624014025,27.064826356477074,Very High,,0.14762798524367354
power bank fast charging,Dell power bank fast charging Model 417,25061.0,,3.5,1552.0,flipkart,,free delivery,,,Dell,High,,0.0,Average,Medium,25.717803381020403,16.13715389568577,25.717803381020403,Very High,,0.061926422472268774
office chair ergonomic,Dell office chair ergonomic Model 787,40869.0,,3.4,141.0,reliance digital,,5 days,,,Dell,High,,0.0,Average,Low,16.849811995844288,287.8098591549296,16.849811995844288,Very High,,0.0034499632982627846
power bank fast charging,Philips power bank fast charging Model 149,4795.0,,4.1,942.0,croma,,2 days,,,Philips,Low,,0.0,Good,Low,28.081171758797172,5.084835630965006,28.081171758797172,Very High,,0.19641367806505422
power bank fast charging,Philips power bank fast charging Model 528,25061.0,,2.6,3719.0,amazon,,5 days,,,Philips,High,,0.0,Poor,High,21.3758452628947,6.736827956989248,21.3758452628947,Very High,,0.1483919878700822
men running shoes,Nike men running shoes Model 733,71900.0,,4.1,4924.0,flipkart,,free delivery,,,Nike,Very High,,0.0,Good,High,34.85852616978537,14.598984771573605,34.85852616978537,Very High,,0.06848305308688335
power bank fast charging,Sony power bank fast charging Model 747,29596.0,,4.3,934.0,reliance digital,,2 days,,,Sony,High,,0.0,Good,Low,29.414350075941353,31.653475935828876,29.414350075941353,Very High,,0.031557252424232185
microwave oven convection,Sony microwave oven convection Model 408,41193.0,,3.8,2034.0,amazon,,2 days,,,Sony,High,,0.0,Average,Medium,28.94935417193144,20.24226044226044,28.94935417193144,Very High,,0.049376122736320825
power bank fast charging,Nike power bank fast charging Model 824,25061.0,,4.1,3827.0,croma,,free delivery,,,Nike,High,,0.0,Good,High,33.82540078554866,6.546760710553814,33.82540078554866,Very High,,0.15270130077408028
microwave oven convection,Samsung microwave oven convection Model 326,2525.0,,3.8,3415.0,croma,,5 days,,,Samsung,Low,,0.0,Average,High,30.917657108652147,0.7391686182669789,30.917657108652147,High,,1.3519398258115598
men running shoes,Samsung men running shoes Model 836,712.0,,4.6,819.0,flipkart,,2 days,,,Samsung,Low,,0.0,Excellent,Low,30.86279996518817,0.8682926829268293,30.86279996518817,Medium,,1.1486676016830295
power bank fast charging,HP power bank fast charging Model 709,24141.0,,3.2,2688.0,croma,,2 days,,,HP,Medium,,0.0,Average,Medium,25.270158900060366,8.977686872443288,25.270158900060366,Very High,,0.11134123104962307
microwave oven convection,Puma microwave oven convection Model 523,44457.0,,4.5,760.0,croma,,2 days,,,Puma,High,,0.0,Excellent,Low,29.855850110377588,58.419185282522996,29.855850110377588,Very High,,0.017094786090242477
power bank fast charging,Sony power bank fast charging Model 711,10504.0,,3.5,3408.0,croma,,free delivery,,,Sony,Medium,,0.0,Average,High,28.46960995248266,3.0812555001466704,28.46960995248266,Very High,,0.3244169443122323
microwave oven convection,Sony microwave oven convection Model 360,42530.0,,3.4,4316.0,flipkart,,2 days,,,Sony,High,,0.0,Average,High,28.459074384888623,9.851748899698865,28.459074384888623,Very High,,0.10147892125743575
men running shoes,Puma men running shoes Model 511,19924.0,,4.5,902.0,flipkart,,2 days,,,Puma,Medium,,0.0,Excellent,Low,30.625751490376434,22.06423034330011,30.625751490376434,Very High,,0.045269761606022585
microwave oven convection,Samsung microwave oven convection Model 533,6933.0,,3.8,4407.0,croma,,5 days,,,Samsung,Low,,0.0,Average,High,31.88647013316445,1.5728221415607986,31.88647013316445,Very High,,0.6355638880876838
office chair ergonomic,Samsung office chair ergonomic Model 192,20680.0,,2.8,934.0,amazon,,2 days,,,Samsung,Medium,,0.0,Poor,Low,19.153530282008322,22.11764705882353,19.153530282008322,Very High,,0.04516222619795948
men running shoes,Dell men running shoes Model 277,10071.0,,4.9,4560.0,croma,,5 days,,,Dell,Medium,,0.0,Excellent,High,41.28395616588733,2.2080684060513045,41.28395616588733,Very High,,0.4527402700555997
power bank fast charging,Samsung power bank fast charging Model 321,34057.0,,4.5,3652.0,amazon,,5 days,,,Samsung,High,,0.0,Excellent,High,36.91486812057877,9.323022173555982,36.91486812057877,Very High,,0.10722884491162135
air fryer India,Sony air fryer India Model 833,15593.0,,3.1,4956.0,croma,,5 days,,,Sony,Medium,,0.0,Average,High,26.37652359386378,3.145652612467218,26.37652359386378,Very High,,0.31781454405540593
air fryer India,LG air fryer India Model 739,21483.0,,4.4,1545.0,flipkart,,free delivery,,,LG,Medium,,0.0,Good,Medium,32.31107540824841,13.895860284605433,32.31107540824841,Very High,,0.07191398249860362
air fryer India,Dell air fryer India Model 150,5659.0,,4.2,270.0,amazon,,5 days,,,Dell,Low,,0.0,Good,Low,23.528899047694747,20.881918819188193,23.528899047694747,Very High,,0.04770318021201413
air fryer India,Nike air fryer India Model 258,17028.0,,3.0,3583.0,flipkart,,5 days,,,Nike,Medium,,0.0,Average,High,24.552704322284463,4.751116071428571,24.552704322284463,Very High,,0.21040577837806096
office chair ergonomic,Sony office chair ergonomic Model 546,11042.0,,3.0,571.0,flipkart,,free delivery,,,Sony,Medium,,0.0,Average,Low,19.047416974139395,19.304195804195803,19.047416974139395,Very High,,0.05170696368740379
microwave oven convection,HP microwave oven convection Model 690,47857.0,,3.3,4944.0,amazon,,free delivery,,,HP,High,,0.0,Average,High,28.070236405387483,9.677856420626895,28.070236405387483,Very High,,0.10330561243679218
air fryer India,Boat air fryer India Model 361,25061.0,,3.0,3322.0,flipkart,,5 days,,,Boat,High,,0.0,Average,High,24.325869805063785,7.541679205537165,24.325869805063785,Very High,,0.1325512728433485
power bank fast charging,Philips power bank fast charging Model 708,12594.0,,4.1,4687.0,reliance digital,,free delivery,,,Philips,Medium,,0.0,Good,High,34.65632145815307,2.686433447098976,34.65632145815307,Very High,,0.3721317983326717
office chair ergonomic,Boat office chair ergonomic Model 303,9335.0,,3.8,844.0,reliance digital,,free delivery,,,Boat,Low,,0.0,Average,Low,25.60947918395726,11.04733727810651,25.60947918395726,Very High,,0.09040274207369323
air fryer India,HP air fryer India Model 426,25061.0,,3.2,1962.0,amazon,,2 days,,,HP,High,,0.0,Average,Medium,24.263133421684678,12.766683647478349,24.263133421684678,Very High,,0.07828585108929854
office chair ergonomic,Nike office chair ergonomic Model 994,33453.0,,4.3,1126.0,reliance digital,,free delivery,,,Nike,High,,0.0,Good,Medium,30.21745241037104,29.683229813664596,30.21745241037104,Very High,,0.03365815746995875
air fryer India,Samsung air fryer India Model 440,18612.0,,2.6,3055.0,croma,,5 days,,,Samsung,Medium,,0.0,Poor,High,20.86464159074467,6.090314136125654,20.86464159074467,Very High,,0.16413259549777037
office chair ergonomic,LG office chair ergonomic Model 874,35478.0,,4.9,3461.0,amazon,,5 days,,,LG,High,,0.0,Excellent,High,39.933048505107166,10.247833622183709,39.933048505107166,Very High,,0.0975506637729361
air fryer India,LG air fryer India Model 428,8757.0,,4.9,2023.0,croma,,free delivery,,,LG,Low,,0.0,Excellent,Medium,37.30287204899605,4.326581027667984,37.30287204899605,Very High,,0.23098881023064627
men running shoes,Boat men running shoes Model 882,29336.0,,2.8,199.0,flipkart,,5 days,,,Boat,High,,0.0,Poor,Low,14.835288626334501,146.68,14.835288626334501,Very High,,0.006783243003715445
office chair ergonomic,Samsung office chair ergonomic Model 854,25061.0,,3.8,4401.0,reliance digital,,5 days,,,Samsung,High,,0.0,Average,High,31.881294195928344,5.693094048159927,31.881294195928344,Very High,,0.17560450083792195
microwave oven convection,HP microwave oven convection Model 721,38318.0,,3.8,2831.0,reliance digital,,5 days,,,HP,High,,0.0,Average,Medium,30.205206128291717,13.530367231638419,30.205206128291717,Very High,,0.07387979853336465
power bank fast charging,Nike power bank fast charging Model 593,25061.0,,3.8,1615.0,amazon,,free delivery,,,Nike,High,,0.0,Average,Medium,28.073295108507953,15.508044554455445,28.073295108507953,Very High,,0.06444018833293433
power bank fast charging,Puma power bank fast charging Model 333,7947.0,,3.3,3734.0,croma,,5 days,,,Puma,Low,,0.0,Average,High,27.14416022197083,2.127710843373494,27.14416022197083,Very High,,0.4698037242073478
power bank fast charging,Nike power bank fast charging Model 373,49953.0,,4.9,2218.0,flipkart,,free delivery,,,Nike,High,,0.0,Excellent,Medium,37.75357842236971,22.511491662911222,37.75357842236971,Very High,,0.04440084878087841
office chair ergonomic,LG office chair ergonomic Model 643,25061.0,,3.3,3552.0,reliance digital,,5 days,,,LG,High,,0.0,Average,High,26.979307066869385,7.053475935828877,26.979307066869385,Very High,,0.1417285132870481
power bank fast charging,Sony power bank fast charging Model 300,9342.0,,3.8,3843.0,croma,,2 days,,,Sony,Low,,0.0,Average,High,31.366221326342696,2.4302809573361084,31.366221326342696,Very High,,0.41132398587177565
air fryer India,HP air fryer India Model 869,38110.0,,4.6,4859.0,flipkart,,2 days,,,HP,High,,0.0,Excellent,High,39.04845109771488,7.841563786008231,39.04845109771488,Very High,,0.12749599853060797
microwave oven convection,Dell microwave oven convection Model 140,36301.0,,3.8,2443.0,amazon,,5 days,,,Dell,High,,0.0,Average,Medium,29.645287017107645,14.853109656301145,29.645287017107645,Very High,,0.06729656768222136
power bank fast charging,Sony power bank fast charging Model 678,44668.0,,3.2,2300.0,flipkart,,5 days,,,Sony,High,,0.0,Average,Medium,24.77151708811317,19.412429378531073,24.77151708811317,Very High,,0.05148984754527749
microwave oven convection,Sony microwave oven convection Model 705,10551.0,,3.0,1713.0,croma,,free delivery,,,Sony,Medium,,0.0,Average,Medium,22.339755297473175,6.155775962660443,22.339755297473175,Very High,,0.16233889310083396
men running shoes,Dell men running shoes Model 628,390740.0,,4.6,4015.0,croma,,5 days,,,Dell,Very High,,0.0,Excellent,High,38.1709916423092,97.29581673306772,38.1709916423092,Very High,,0.010275348632470102
men running shoes,Nike men running shoes Model 571,10750.0,,4.4,586.0,croma,,2 days,,,Nike,Medium,,0.0,Good,Low,28.05010920724363,18.313458262350938,28.05010920724363,Very High,,0.05450655752953214
men running shoes,Sony men running shoes Model 922,29370.0,,4.6,1501.0,amazon,,free delivery,,,Sony,High,,0.0,Excellent,Medium,33.646943028690764,19.55392809587217,33.646943028690764,Very High,,0.0511048312961765
air fryer India,LG air fryer India Model 691,43902.0,,4.8,2395.0,croma,,5 days,,,LG,High,,0.0,Excellent,Medium,37.35146860432963,18.323038397328883,37.35146860432963,Very High,,0.05455208072341298
air fryer India,Puma air fryer India Model 696,8987.0,,4.8,2999.0,reliance digital,,free delivery,,,Puma,Low,,0.0,Excellent,Medium,38.43056432472118,2.9956666666666667,38.43056432472118,Very High,,0.33366711170449487
office chair ergonomic,Philips office chair ergonomic Model 733,2022.0,,3.7,0.0,flipkart,,2 days,,,Philips,Low,,0.0,Average,No Reviews,0.0,2022.0,0.0,High,,0.0
men running shoes,Boat men running shoes Model 961,3146.0,,2.9,521.0,amazon,,free delivery,,,Boat,Low,,0.0,Poor,Low,18.147236004859653,6.026819923371647,18.147236004859653,Very High,,0.16555449634572608
air fryer India,HP air fryer India Model 627,22353.0,,4.0,4304.0,flipkart,,2 days,,,HP,Medium,,0.0,Good,High,33.470129667447324,5.192334494773519,33.470129667447324,Very High,,0.19253824818824372
air fryer India,LG air fryer India Model 628,41688.0,,3.0,987.0,reliance digital,,free delivery,,,LG,High,,0.0,Average,Low,20.687048093243604,42.19433198380567,20.687048093243604,Very High,,0.02367531003382187
power bank fast charging,Boat power bank fast charging Model 932,15951.0,,4.9,3521.0,reliance digital,,2 days,,,Boat,Medium,,0.0,Excellent,High,40.01724301637515,4.5289608177172065,40.01724301637515,Very High,,0.2207246740220662
microwave oven convection,Dell microwave oven convection Model 915,17906.0,,4.2,1947.0,amazon,,2 days,,,Dell,Medium,,0.0,Good,Medium,31.813145633650418,9.19199178644764,31.813145633650418,Very High,,0.10872843022281789
power bank fast charging,Puma power bank fast charging Model 122,25061.0,,4.7,3770.0,croma,,2 days,,,Puma,High,,0.0,Excellent,High,38.70494883711428,6.645717316361708,38.70494883711428,Very High,,0.15042694118585906
office chair ergonomic,HP office chair ergonomic Model 117,19227.0,,4.4,3149.0,reliance digital,,2 days,,,HP,Medium,,0.0,Good,High,35.442694020006584,6.103809523809524,35.442694020006584,Very High,,0.16377158310796755
air fryer India,Nike air fryer India Model 240,45088.0,,4.2,3926.0,amazon,,2 days,,,Nike,High,,0.0,Good,High,34.757650429227645,11.481538069773364,34.757650429227645,Very High,,0.08707223491317173
air fryer India,HP air fryer India Model 114,15280.0,,4.2,4970.0,reliance digital,,5 days,,,HP,Medium,,0.0,Good,High,35.74778048559763,3.0738282035807685,35.74778048559763,Very High,,0.32524049473202016
power bank fast charging,HP power bank fast charging Model 526,20759.0,,4.2,1884.0,amazon,,5 days,,,HP,Medium,,0.0,Good,Medium,31.675069019504868,11.012732095490716,31.675069019504868,Very High,,0.0907514450867052
microwave oven convection,Dell microwave oven convection Model 367,32317.0,,3.6,434.0,amazon,,free delivery,,,Dell,High,,0.0,Average,Low,21.871245711919265,74.2919540229885,21.871245711919265,Very High,,0.013429048827278916
air fryer India,HP air fryer India Model 618,9220.0,,2.9,326.0,croma,,free delivery,,,HP,Low,,0.0,Poor,Low,16.790884495602036,28.195718654434252,16.790884495602036,Very High,,0.03535408307125041
microwave oven convection,Boat microwave oven convection Model 424,482890.0,,4.9,858.0,amazon,,2 days,,,Boat,Very High,,0.0,Excellent,Low,33.10326771772285,562.1536670547148,33.10326771772285,Very High,,0.0017767984907567133
microwave oven convection,LG microwave oven convection Model 603,49245.0,,4.3,1944.0,croma,,2 days,,,LG,High,,0.0,Good,Medium,32.56397420102595,25.318766066838045,32.56397420102595,Very High,,0.039475287332981356
microwave oven convection,HP microwave oven convection Model 129,30496.0,,3.8,4979.0,amazon,,5 days,,,HP,High,,0.0,Average,High,32.35010364607105,6.123694779116466,32.35010364607105,Very High,,0.16326196019280584
office chair ergonomic,Nike office chair ergonomic Model 106,8923.0,,4.6,2822.0,flipkart,,5 days,,,Nike,Low,,0.0,Excellent,Medium,36.549554969966046,3.1608218207580587,36.549554969966046,Very High,,0.31622590766472436
air fryer India,LG air fryer India Model 774,17078.0,,3.2,2604.0,croma,,5 days,,,LG,Medium,,0.0,Average,Medium,25.168601453399898,6.5558541266794625,25.168601453399898,Very High,,0.15246794308800282
power bank fast charging,Dell power bank fast charging Model 852,27435.0,,4.3,1773.0,amazon,,free delivery,,,Dell,High,,0.0,Good,Medium,32.168266300338956,15.465050732807216,32.168266300338956,Very High,,0.06462312290421345
air fryer India,Samsung air fryer India Model 721,25061.0,,3.8,4645.0,reliance digital,,5 days,,,Samsung,High,,0.0,Average,High,32.08629527065534,5.394102453723633,32.08629527065534,Very High,,0.18534035591732503
air fryer India,LG air fryer India Model 285,35864.0,,4.1,4369.0,amazon,,free delivery,,,LG,High,,0.0,Good,High,34.3683249811675,8.206864988558353,34.3683249811675,Very High,,0.12181792834239509
air fryer India,HP air fryer India Model 314,25061.0,,4.3,2352.0,amazon,,free delivery,,,HP,High,,0.0,Good,Medium,33.382819471527654,10.650658733531662,33.382819471527654,Very High,,0.09384725879818051
microwave oven convection,Boat microwave oven convection Model 227,48663.0,,3.8,4019.0,flipkart,,free delivery,,,Boat,High,,0.0,Average,High,31.53634129012965,12.105223880597014,31.53634129012965,Very High,,0.08258671708038796
office chair ergonomic,Philips office chair ergonomic Model 723,45041.0,,2.6,3099.0,reliance digital,,5 days,,,Philips,High,,0.0,Poor,High,20.90180921523042,14.529354838709677,20.90180921523042,Very High,,0.06880245104569069
men running shoes,HP men running shoes Model 425,1105.0,,3.8,69.0,amazon,,5 days,,,HP,Low,,0.0,Average,Low,16.144281919787566,15.785714285714286,16.144281919787566,Medium,,0.06238698010849909
power bank fast charging,Boat power bank fast charging Model 924,33465.0,,3.0,939.0,amazon,,5 days,,,Boat,High,,0.0,Average,Low,20.53763962579215,35.601063829787236,20.53763962579215,Very High,,0.028058327855136556
office chair ergonomic,Sony office chair ergonomic Model 865,17134.0,,3.5,2274.0,amazon,,free delivery,,,Sony,Medium,,0.0,Average,Medium,27.054073659847678,7.531428571428571,27.054073659847678,Very High,,0.1327108257951561
power bank fast charging,Puma power bank fast charging Model 422,20958.0,,3.3,427.0,amazon,,5 days,,,Puma,Medium,,0.0,Average,Low,19.995106545419926,48.967289719626166,19.995106545419926,Very High,,0.02037310940407462
men running shoes,Sony men running shoes Model 146,17182.0,,3.5,500.0,amazon,,free delivery,,,Sony,Medium,,0.0,Average,Low,21.758121353797026,34.29540918163673,21.758121353797026,Very High,,0.029098527614502705
air fryer India,Dell air fryer India Model 222,46717.0,,4.4,4987.0,amazon,,2 days,,,Dell,High,,0.0,Good,High,37.46507734991968,9.365878107457899,37.46507734991968,Very High,,0.10674686416370564
air fryer India,Samsung air fryer India Model 964,40114.0,,4.5,2842.0,croma,,5 days,,,Samsung,High,,0.0,Excellent,Medium,35.786768002429504,14.109743228983469,35.786768002429504,Very High,,0.07084631683908763
men running shoes,Samsung men running shoes Model 589,2849.0,,2.7,4466.0,amazon,,2 days,,,Samsung,Low,,0.0,Poor,High,22.692075267650722,0.6377882247593463,22.692075267650722,High,,1.5670175438596492
air fryer India,Nike air fryer India Model 172,28087.0,,4.2,2788.0,croma,,free delivery,,,Nike,High,,0.0,Good,Medium,33.320441228035456,10.070634636070276,33.320441228035456,Very High,,0.09925947023639989
microwave oven convection,Nike microwave oven convection Model 875,25061.0,,2.7,221.0,croma,,free delivery,,,Nike,High,,0.0,Poor,Low,14.587228931055154,112.88738738738739,14.587228931055154,Very High,,0.008818131035033119
microwave oven convection,HP microwave oven convection Model 749,11799.0,,3.8,2729.0,croma,,2 days,,,HP,Medium,,0.0,Average,Medium,30.06581617508022,4.321978021978022,30.06581617508022,Very High,,0.23127118644067796
microwave oven convection,Puma microwave oven convection Model 258,36850.0,,4.9,1104.0,reliance digital,,free delivery,,,Puma,High,,0.0,Excellent,Medium,34.337243008364084,33.34841628959276,34.337243008364084,Very High,,0.029958481452335078
men running shoes,HP men running shoes Model 608,22065.0,,4.9,2727.0,amazon,,free delivery,,,HP,Medium,,0.0,Excellent,Medium,38.76548769292043,8.088343108504398,38.76548769292043,Very High,,0.12358379407232847
power bank fast charging,Puma power bank fast charging Model 468,43895.0,,4.0,4829.0,croma,,5 days,,,Puma,High,,0.0,Good,High,33.930406986586476,9.087991718426501,33.930406986586476,Very High,,0.11001002369236376
office chair ergonomic,Dell office chair ergonomic Model 627,25413.0,,4.4,1324.0,flipkart,,5 days,,,Dell,High,,0.0,Good,Medium,31.632338049049423,19.179622641509432,31.632338049049423,Very High,,0.052097269221688836
office chair ergonomic,Dell office chair ergonomic Model 330,35292.0,,2.7,4225.0,reliance digital,,2 days,,,Dell,High,,0.0,Poor,High,22.54233023507521,8.351159488878372,22.54233023507521,Very High,,0.11971212421726687
men running shoes,Philips men running shoes Model 659,7470.0,,3.5,3046.0,croma,,2 days,,,Philips,Low,,0.0,Average,High,28.07669472644998,2.451591729570069,28.07669472644998,Very High,,0.40770981127024497
power bank fast charging,Dell power bank fast charging Model 883,34235.0,,2.7,200.0,reliance digital,,free delivery,,,Dell,High,,0.0,Poor,Low,14.318923251759506,170.3233830845771,14.318923251759506,Very High,,0.0058418039490594695
office chair ergonomic,HP office chair ergonomic Model 873,43509.0,,3.8,4035.0,reliance digital,,2 days,,,HP,High,,0.0,Average,High,31.551435649599295,10.780227948463825,31.551435649599295,Very High,,0.09273730176970811
men running shoes,Samsung men running shoes Model 200,13528.0,,3.3,2011.0,flipkart,,free delivery,,,Samsung,Medium,,0.0,Average,Medium,25.102718953024777,6.723658051689861,25.102718953024777,Very High,,0.1486436543720896
office chair ergonomic,Puma office chair ergonomic Model 753,1131.0,,3.9,4694.0,reliance digital,,2 days,,,Puma,Low,,0.0,Average,High,32.97158822740521,0.24089456869009584,32.97158822740521,Medium,,4.146643109540636
men running shoes,HP men running shoes Model 563,42681.0,,3.5,3907.0,flipkart,,5 days,,,HP,High,,0.0,Average,High,28.947733546069358,10.921443193449335,28.947733546069358,Very High,,0.09153741624103838
air fryer India,Dell air fryer India Model 284,44863.0,,4.8,4625.0,flipkart,,free delivery,,,Dell,High,,0.0,Excellent,High,40.50934964539864,9.698011240812797,40.50934964539864,Very High,,0.10308933666191156
air fryer India,LG air fryer India Model 400,36846.0,,4.5,1363.0,croma,,2 days,,,LG,High,,0.0,Excellent,Medium,32.48179577281533,27.013196480938415,32.48179577281533,Very High,,0.03699079979374169
men running shoes,LG men running shoes Model 614,1680.0,,2.7,4120.0,reliance digital,,free delivery,,,LG,Low,,0.0,Poor,High,22.474398054614806,0.40766804173744237,22.474398054614806,High,,2.4509220701963117
office chair ergonomic,Boat office chair ergonomic Model 922,11394.0,,3.7,0.0,reliance digital,,5 days,,,Boat,Medium,,0.0,Average,No Reviews,0.0,11394.0,0.0,Very High,,0.0
microwave oven convection,Boat microwave oven convection Model 757,25061.0,,4.1,3765.0,amazon,,5 days,,,Boat,High,,0.0,Good,High,33.758451707790094,6.6545406266595855,33.758451707790094,Very High,,0.15022743595882213
men running shoes,Boat men running shoes Model 296,10726.0,,3.8,3096.0,flipkart,,free delivery,,,Boat,Medium,,0.0,Average,High,30.545118883898173,3.463351630610268,30.545118883898173,Very High,,0.28861750722475993
men running shoes,Dell men running shoes Model 338,25061.0,,4.8,541.0,reliance digital,,5 days,,,Dell,High,,0.0,Excellent,Low,30.217276806910302,46.2380073800738,30.217276806910302,Very High,,0.021586465565397814
power bank fast charging,Philips power bank fast charging Model 166,43776.0,,3.3,3844.0,croma,,5 days,,,Philips,High,,0.0,Average,High,27.239945310401158,11.3851755526658,27.239945310401158,Very High,,0.08780866665143797
air fryer India,Puma air fryer India Model 883,103500.0,,4.3,4194.0,amazon,,5 days,,,Puma,Very High,,0.0,Good,High,35.869089061275616,24.672228843861742,35.869089061275616,Very High,,0.04052134761982976
men running shoes,Sony men running shoes Model 835,5646.0,,4.2,3419.0,amazon,,5 days,,,Sony,Low,,0.0,Good,High,34.177062486237936,1.6508771929824562,34.177062486237936,Very High,,0.6054542234814946
power bank fast charging,Boat power bank fast charging Model 483,26374.0,,4.4,2145.0,flipkart,,2 days,,,Boat,High,,0.0,Good,Medium,33.753988062038836,12.289841565703634,33.753988062038836,Very High,,0.08132701421800947
microwave oven convection,Boat microwave oven convection Model 957,23854.0,,4.8,3087.0,flipkart,,5 days,,,Boat,Medium,,0.0,Excellent,High,38.5693387734944,7.724740932642487,38.5693387734944,Very High,,0.12940683294906727
men running shoes,Puma men running shoes Model 709,25061.0,,2.6,4933.0,amazon,,5 days,,,Puma,High,,0.0,Poor,High,22.110153772432188,5.079246047831374,22.110153772432188,Very High,,0.19683185699465325
power bank fast charging,Boat power bank fast charging Model 651,11700.0,,4.4,1813.0,reliance digital,,2 days,,,Boat,Medium,,0.0,Good,Medium,33.01447437497036,6.449834619625138,33.01447437497036,Very High,,0.15494402187847192
air fryer India,HP air fryer India Model 603,46330.0,,4.4,1403.0,amazon,,5 days,,,HP,High,,0.0,Good,Medium,31.88715457217733,32.9985754985755,31.88715457217733,Very High,,0.030282100537437136
air fryer India,Dell air fryer India Model 962,33577.0,,2.9,991.0,amazon,,free delivery,,,Dell,High,,0.0,Poor,Low,20.00919701112613,33.84778225806452,20.00919701112613,Very High,,0.029513371850616477
air fryer India,Puma air fryer India Model 736,25061.0,,3.5,2305.0,croma,,2 days,,,Puma,High,,0.0,Average,Medium,27.101443952901516,10.867736339982654,27.101443952901516,Very High,,0.0919719096640332
microwave oven convection,Boat microwave oven convection Model 128,20084.0,,3.8,2575.0,amazon,,free delivery,,,Boat,Medium,,0.0,Average,Medium,29.845173731452125,7.796583850931677,29.845173731452125,Very High,,0.1282051282051282
microwave oven convection,Puma microwave oven convection Model 943,18372.0,,4.2,367.0,croma,,5 days,,,Puma,Medium,,0.0,Good,Low,24.813948340309512,49.92391304347826,24.813948340309512,Very High,,0.019974963261307353
office chair ergonomic,Nike office chair ergonomic Model 944,21252.0,,3.0,3789.0,reliance digital,,2 days,,,Nike,Medium,,0.0,Average,High,24.720363894229415,5.607387862796834,24.720363894229415,Very High,,0.17828071331106196
men running shoes,Puma men running shoes Model 319,34307.0,,4.1,1256.0,flipkart,,free delivery,,,Puma,High,,0.0,Good,Medium,29.259581155220012,27.292760540970566,29.259581155220012,Very High,,0.0366095371341961
office chair ergonomic,Puma office chair ergonomic Model 984,25061.0,,4.6,2494.0,flipkart,,free delivery,,,Puma,High,,0.0,Excellent,Medium,35.98140243765385,10.044488977955911,35.98140243765385,Very High,,0.09951320724602984
air fryer India,Puma air fryer India Model 791,35653.0,,3.6,4443.0,reliance digital,,5 days,,,Puma,High,,0.0,Average,High,30.237516542734273,8.022727272727273,30.237516542734273,Very High,,0.1246143490211477
men running shoes,Samsung men running shoes Model 540,17273.0,,3.6,561.0,croma,,free delivery,,,Samsung,Medium,,0.0,Average,Low,22.793406659617286,30.734875444839858,22.793406659617286,Very High,,0.03247655435915248
air fryer India,Boat air fryer India Model 608,10828.0,,3.3,4277.0,flipkart,,5 days,,,Boat,Medium,,0.0,Average,High,27.59209493581976,2.531089294062646,27.59209493581976,Very High,,0.3949579831932773
men running shoes,Boat men running shoes Model 710,46350.0,,3.6,2345.0,reliance digital,,free delivery,,,Boat,High,,0.0,Average,Medium,27.937681305168315,19.757033248081843,27.937681305168315,Very High,,0.05059222023257319
air fryer India,Philips air fryer India Model 545,5049.0,,4.4,557.0,amazon,,2 days,,,Philips,Low,,0.0,Good,Low,27.82717943447777,9.048387096774194,27.82717943447777,Very High,,0.1102970297029703
power bank fast charging,LG power bank fast charging Model 952,43614.0,,5.0,3948.0,croma,,2 days,,,LG,High,,0.0,Excellent,High,41.40608830643325,11.044315016459864,41.40608830643325,Very High,,0.09051931674882495
microwave oven convection,LG microwave oven convection Model 640,25061.0,,3.4,2664.0,amazon,,free delivery,,,LG,High,,0.0,Average,Medium,26.81906174443981,9.403752345215759,26.81906174443981,Very High,,0.1062963849652861
microwave oven convection,Puma microwave oven convection Model 551,25061.0,,2.7,4482.0,amazon,,5 days,,,Puma,High,,0.0,Poor,High,22.70172890921969,5.590229756859246,22.70172890921969,Very High,,0.17883648551592052
power bank fast charging,Samsung power bank fast charging Model 946,17773.0,,3.6,587.0,amazon,,free delivery,,,Samsung,Medium,,0.0,Average,Low,22.956217012435058,30.226190476190474,22.956217012435058,Very High,,0.033025767975694835
power bank fast charging,Boat power bank fast charging Model 239,4103.0,,4.7,4335.0,amazon,,2 days,,,Boat,Low,,0.0,Excellent,High,39.36112545266157,0.9462638376383764,39.36112545266157,Very High,,1.0562865497076024
air fryer India,HP air fryer India Model 541,44752.0,,4.6,3692.0,reliance digital,,2 days,,,HP,High,,0.0,Excellent,High,37.78529430832179,12.118061196858923,37.78529430832179,Very High,,0.08249726275333497
men running shoes,Boat men running shoes Model 227,380730.0,,2.9,1574.0,croma,,2 days,,,Boat,Very High,,0.0,Poor,Medium,21.349830598653227,241.73333333333332,21.349830598653227,Very High,,0.0041341524593479385
microwave oven convection,Puma microwave oven convection Model 925,32710.0,,3.1,3780.0,reliance digital,,2 days,,,Puma,High,,0.0,Average,High,25.53700579206189,8.651150489288549,25.53700579206189,Very High,,0.1155574577359298
men running shoes,Nike men running shoes Model 773,12222.0,,4.3,3755.0,amazon,,5 days,,,Nike,Medium,,0.0,Good,High,35.39377231341106,3.253993610223642,35.39377231341106,Very High,,0.30720772314489075
microwave oven convection,LG microwave oven convection Model 518,25061.0,,3.5,2553.0,amazon,,5 days,,,LG,High,,0.0,Average,Medium,27.458956128073698,9.81245105716523,27.458956128073698,Very High,,0.10186736892506584
men running shoes,Boat men running shoes Model 475,10153.0,,2.9,3274.0,amazon,,5 days,,,Boat,Medium,,0.0,Poor,High,23.47281212940112,3.1001526717557253,23.47281212940112,Very High,,0.322434508568052
microwave oven convection,Puma microwave oven convection Model 774,25061.0,,3.2,3544.0,amazon,,free delivery,,,Puma,High,,0.0,Average,High,26.15453900469193,7.069393511988716,26.15453900469193,Very High,,0.141409304923789
air fryer India,HP air fryer India Model 607,28433.0,,3.8,2110.0,amazon,,2 days,,,HP,High,,0.0,Average,Medium,29.088684781823616,13.468972051160588,29.088684781823616,Very High,,0.07420693535907716
power bank fast charging,Sony power bank fast charging Model 131,6862.0,,3.9,1670.0,croma,,5 days,,,Sony,Low,,0.0,Average,Medium,28.942592361522035,4.106523040095751,28.942592361522035,Very High,,0.2433338190295789
microwave oven convection,Samsung microwave oven convection Model 132,2008.0,,4.8,2465.0,croma,,5 days,,,Samsung,Low,,0.0,Excellent,Medium,37.489692881876586,0.8142741281427412,37.489692881876586,High,,1.2269785963165754
men running shoes,Dell men running shoes Model 598,32326.0,,4.8,3889.0,croma,,2 days,,,Dell,High,,0.0,Excellent,High,39.677589295739956,8.310025706940873,39.677589295739956,Very High,,0.12030191480805519
men running shoes,Puma men running shoes Model 152,39884.0,,3.0,491.0,reliance digital,,2 days,,,Puma,High,,0.0,Average,Low,18.595436149476924,81.0650406504065,18.595436149476924,Very High,,0.012310392378087
microwave oven convection,Dell microwave oven convection Model 270,35994.0,,2.7,2870.0,flipkart,,5 days,,,Dell,High,,0.0,Poor,Medium,21.498522336326875,12.537095088819227,21.498522336326875,Very High,,0.07973329629115154
air fryer India,Dell air fryer India Model 786,28304.0,,4.4,2261.0,reliance digital,,2 days,,,Dell,High,,0.0,Good,Medium,33.98562048937469,12.512820512820513,33.98562048937469,Very High,,0.07987987987987988
air fryer India,Samsung air fryer India Model 883,5559.0,,3.8,3803.0,croma,,free delivery,,,Samsung,Low,,0.0,Average,High,31.326472009928064,1.4613564668769716,31.326472009928064,Very High,,0.6839928057553957
microwave oven convection,Boat microwave oven convection Model 754,2828.0,,3.2,1712.0,reliance digital,,5 days,,,Boat,Low,,0.0,Average,Medium,23.827204794637183,1.650904845300642,23.827204794637183,High,,0.6051608342170378
power bank fast charging,Sony power bank fast charging Model 631,35507.0,,3.1,4810.0,amazon,,5 days,,,Sony,High,,0.0,Average,High,26.283846749268307,7.380378299729786,26.283846749268307,Very High,,0.13546243100146446
microwave oven convection,LG microwave oven convection Model 213,40084.0,,3.6,1704.0,croma,,free delivery,,,LG,High,,0.0,Average,Medium,26.788753402983424,23.509677419354837,26.788753402983424,Very High,,0.04250966695771485
office chair ergonomic,LG office chair ergonomic Model 315,39361.0,,3.9,405.0,croma,,free delivery,,,LG,High,,0.0,Average,Low,23.424777322446758,96.94827586206897,23.424777322446758,Very High,,0.010289111325644022
office chair ergonomic,Sony office chair ergonomic Model 904,32777.0,,4.4,774.0,croma,,free delivery,,,Sony,High,,0.0,Good,Low,29.27259732915473,42.29290322580645,29.27259732915473,Very High,,0.023613399231191653
power bank fast charging,Sony power bank fast charging Model 298,16898.0,,4.2,4324.0,reliance digital,,free delivery,,,Sony,Medium,,0.0,Good,High,35.16310316133711,3.907052023121387,35.16310316133711,Very High,,0.2558731285874904
office chair ergonomic,Puma office chair ergonomic Model 876,123310.0,,3.3,2499.0,flipkart,,free delivery,,,Puma,Very High,,0.0,Average,Medium,25.819351835825763,49.324,25.819351835825763,Very High,,0.020265831920915408
air fryer India,Puma air fryer India Model 363,28760.0,,4.9,1266.0,reliance digital,,free delivery,,,Puma,High,,0.0,Excellent,Medium,35.007595183573585,22.699289660615626,35.007595183573585,Very High,,0.044017940961718995
office chair ergonomic,Sony office chair ergonomic Model 246,40731.0,,4.7,4537.0,reliance digital,,free delivery,,,Sony,High,,0.0,Excellent,High,39.575135827097,8.975539885412076,39.575135827097,Very High,,0.11138662476676814
microwave oven convection,HP microwave oven convection Model 564,8799.0,,3.5,4884.0,amazon,,free delivery,,,HP,Low,,0.0,Average,High,29.72873597566909,1.8012282497441146,29.72873597566909,Very High,,0.555
microwave oven convection,Puma microwave oven convection Model 837,45797.0,,4.4,3484.0,amazon,,5 days,,,Puma,High,,0.0,Good,High,35.88738262205635,13.141176470588235,35.88738262205635,Very High,,0.07607319096903795
microwave oven convection,Boat microwave oven convection Model 306,16492.0,,2.6,4233.0,reliance digital,,5 days,,,Boat,Medium,,0.0,Poor,High,21.712346374406508,3.8951346244685876,21.712346374406508,Very High,,0.25665433820408656
office chair ergonomic,Sony office chair ergonomic Model 231,19356.0,,3.3,3401.0,reliance digital,,free delivery,,,Sony,Medium,,0.0,Average,High,26.83599195075416,5.689594356261023,26.83599195075416,Very High,,0.17569871364364312
microwave oven convection,Philips microwave oven convection Model 970,25061.0,,3.6,387.0,amazon,,5 days,,,Philips,High,,0.0,Average,Low,21.459619222643784,64.59020618556701,21.459619222643784,Very High,,0.015441704572659804
microwave oven convection,LG microwave oven convection Model 208,4378.0,,3.8,646.0,amazon,,2 days,,,LG,Low,,0.0,Average,Low,24.59491591910342,6.76661514683153,24.59491591910342,Very High,,0.14752226535738752
microwave oven convection,Samsung microwave oven convection Model 981,24681.0,,4.6,2547.0,flipkart,,5 days,,,Samsung,Medium,,0.0,Excellent,Medium,36.07809447678345,9.686420722135008,36.07809447678345,Very High,,0.1031926099991897
men running shoes,HP men running shoes Model 362,43372.0,,2.9,705.0,reliance digital,,5 days,,,HP,High,,0.0,Poor,Low,19.0228841887304,61.43342776203966,19.0228841887304,Very High,,0.016254351785673114
office chair ergonomic,HP office chair ergonomic Model 442,18356.0,,3.3,1514.0,croma,,5 days,,,HP,Medium,,0.0,Average,Medium,24.166463369213446,12.116171617161717,24.166463369213446,Very High,,0.08247535000272375
microwave oven convection,Sony microwave oven convection Model 539,25404.0,,3.3,3211.0,reliance digital,,5 days,,,Sony,High,,0.0,Average,High,26.64634194771995,7.909090909090909,26.64634194771995,Very High,,0.126392442432592
power bank fast charging,Puma power bank fast charging Model 689,44441.0,,3.3,3789.0,amazon,,2 days,,,Puma,High,,0.0,Average,High,27.192400283652358,11.725857519788919,27.192400283652358,Very High,,0.08525718914540299
air fryer India,Dell air fryer India Model 524,18745.0,,4.4,1310.0,flipkart,,free delivery,,,Dell,Medium,,0.0,Good,Medium,31.585600128560284,14.298245614035087,31.585600128560284,Very High,,0.06988157473594367
power bank fast charging,Nike power bank fast charging Model 495,45830.0,,4.5,3175.0,croma,,2 days,,,Nike,High,,0.0,Excellent,High,36.28520020065162,14.430100755667507,36.28520020065162,Very High,,0.06927625406384325
office chair ergonomic,HP office chair ergonomic Model 581,20763.0,,3.4,4476.0,croma,,free delivery,,,HP,Medium,,0.0,Average,High,28.58280875801928,4.6377038195220015,28.58280875801928,Very High,,0.21556540165671353
air fryer India,LG air fryer India Model 402,20591.0,,4.8,3083.0,flipkart,,5 days,,,LG,Medium,,0.0,Excellent,High,38.56311712647946,6.676718547341116,38.56311712647946,Very High,,0.14971833721833722
power bank fast charging,LG power bank fast charging Model 599,25061.0,,5.0,4919.0,croma,,2 days,,,LG,High,,0.0,Excellent,High,42.50531904743177,5.09369918699187,42.50531904743177,Very High,,0.1962732423589498
power bank fast charging,Philips power bank fast charging Model 444,46465.0,,3.9,451.0,reliance digital,,free delivery,,,Philips,High,,0.0,Average,Low,23.843360501345703,102.79867256637168,23.843360501345703,Very High,,0.00970602160719666
microwave oven convection,HP microwave oven convection Model 412,30081.0,,3.1,1743.0,croma,,free delivery,,,HP,High,,0.0,Average,Medium,23.138203473853668,17.24827981651376,23.138203473853668,Very High,,0.0579416262216608
microwave oven convection,Boat microwave oven convection Model 458,25061.0,,3.1,1093.0,amazon,,5 days,,,Boat,High,,0.0,Average,Medium,21.692547547243972,22.907678244972576,21.692547547243972,Very High,,0.04361184263027691
men running shoes,Dell men running shoes Model 919,32059.0,,4.1,692.0,amazon,,2 days,,,Dell,High,,0.0,Good,Low,26.8182229966786,46.26118326118326,26.8182229966786,Very High,,0.021584529008109796
office chair ergonomic,Philips office chair ergonomic Model 756,28361.0,,3.8,159.0,reliance digital,,free delivery,,,Philips,High,,0.0,Average,Low,19.28566049788854,177.25625,19.28566049788854,Very High,,0.0056060926591918765
men running shoes,Philips men running shoes Model 538,18724.0,,3.7,4023.0,flipkart,,5 days,,,Philips,Medium,,0.0,Average,High,30.710117333584428,4.653081510934394,30.710117333584428,Very High,,0.21484646194926568
microwave oven convection,HP microwave oven convection Model 932,25061.0,,3.7,4405.0,reliance digital,,5 days,,,HP,High,,0.0,Average,High,31.04567335124047,5.687925556059918,31.04567335124047,Very High,,0.1757641050195515
air fryer India,Sony air fryer India Model 462,25061.0,,3.8,3710.0,flipkart,,2 days,,,Sony,High,,0.0,Average,High,31.232415312030273,6.753166262462948,31.232415312030273,Very High,,0.1480328784614157
men running shoes,Samsung men running shoes Model 620,10627.0,,2.6,1998.0,amazon,,2 days,,,Samsung,Medium,,0.0,Poor,Medium,19.761046069701038,5.3161580790395195,19.761046069701038,Very High,,0.1879939781708694
office chair ergonomic,Nike office chair ergonomic Model 625,4607.0,,2.9,1964.0,reliance digital,,5 days,,,Nike,Low,,0.0,Poor,Medium,21.991417820479747,2.344529262086514,21.991417820479747,Very High,,0.4262152777777778
microwave oven convection,Philips microwave oven convection Model 363,545.0,,4.5,3336.0,reliance digital,,2 days,,,Philips,Low,,0.0,Excellent,High,36.50772365438118,0.16332034761762063,36.50772365438118,Medium,,6.1098901098901095
office chair ergonomic,Samsung office chair ergonomic Model 816,25061.0,,3.5,4253.0,reliance digital,,free delivery,,,Samsung,High,,0.0,Average,High,29.24465248516064,5.891161259990597,29.24465248516064,Very High,,0.1696991461176283
power bank fast charging,Puma power bank fast charging Model 877,3589.0,,3.1,2943.0,amazon,,2 days,,,Puma,Low,,0.0,Average,Medium,24.76132588753118,1.2190896739130435,24.76132588753118,Very High,,0.8197771587743733
air fryer India,Nike air fryer India Model 672,25061.0,,2.6,1638.0,amazon,,free delivery,,,Nike,High,,0.0,Poor,Medium,19.24478810473396,15.290420988407565,19.24478810473396,Very High,,0.06535791237730429
microwave oven convection,Boat microwave oven convection Model 689,189420.0,,4.7,4390.0,amazon,,5 days,,,Boat,Very High,,0.0,Excellent,High,39.42036767164007,43.138237303575494,39.42036767164007,Very High,,0.023175888629032682
men running shoes,Boat men running shoes Model 745,49612.0,,3.8,4854.0,amazon,,free delivery,,,Boat,High,,0.0,Average,High,32.25350464675661,10.218743563336766,32.25350464675661,Very High,,0.09783726039546087
microwave oven convection,Dell microwave oven convection Model 311,41787.0,,3.0,4005.0,amazon,,5 days,,,Dell,High,,0.0,Average,High,24.886645548677286,10.431103344982526,24.886645548677286,Very High,,0.09584091126639227
air fryer India,Boat air fryer India Model 698,46221.0,,3.8,1104.0,reliance digital,,2 days,,,Boat,High,,0.0,Average,Medium,26.62888233301704,41.8289592760181,26.62888233301704,Very High,,0.02388473021504911
air fryer India,Sony air fryer India Model 515,9979.0,,4.4,424.0,croma,,2 days,,,Sony,Low,,0.0,Good,Low,26.629192343267437,23.48,26.629192343267437,Very High,,0.04248496993987976
microwave oven convection,Sony microwave oven convection Model 488,25061.0,,3.1,2333.0,amazon,,free delivery,,,Sony,High,,0.0,Average,Medium,24.041550319824154,10.737360754070266,24.041550319824154,Very High,,0.0930891389354401
men running shoes,Nike men running shoes Model 468,47880.0,,3.1,3824.0,reliance digital,,2 days,,,Nike,High,,0.0,Average,High,25.572872613407974,12.51764705882353,25.572872613407974,Very High,,0.07986466448069171
men running shoes,Dell men running shoes Model 209,25061.0,,4.0,674.0,amazon,,5 days,,,Dell,High,,0.0,Good,Low,26.05885076349012,37.12740740740741,26.05885076349012,Very High,,0.02689330460458064
men running shoes,LG men running shoes Model 853,25061.0,,2.8,1611.0,croma,,5 days,,,LG,High,,0.0,Poor,Medium,20.678646584586403,15.54652605459057,20.678646584586403,Very High,,0.06428058415130476
power bank fast charging,Nike power bank fast charging Model 679,26131.0,,4.4,209.0,flipkart,,5 days,,,Nike,High,,0.0,Good,Low,23.527273135156864,124.43333333333334,23.527273135156864,Very High,,0.007997857033522118
microwave oven convection,Boat microwave oven convection Model 520,6468.0,,4.1,4876.0,amazon,,free delivery,,,Boat,Low,,0.0,Good,High,34.818370778411214,1.326225138404757,34.818370778411214,Very High,,0.7537486473952697
power bank fast charging,HP power bank fast charging Model 689,46669.0,,4.3,2589.0,amazon,,5 days,,,HP,High,,0.0,Good,Medium,33.795476565182405,18.018918918918917,33.795476565182405,Very High,,0.05547460895650311
microwave oven convection,LG microwave oven convection Model 441,1788.0,,4.4,713.0,flipkart,,free delivery,,,LG,Low,,0.0,Good,Low,28.911885034294173,2.504201680672269,28.911885034294173,High,,0.3985466741196199
men running shoes,Sony men running shoes Model 238,12511.0,,4.8,910.0,flipkart,,2 days,,,Sony,Medium,,0.0,Excellent,Low,32.7098059068478,13.733260153677278,32.7098059068478,Very High,,0.07273017902813299
air fryer India,LG air fryer India Model 409,30972.0,,3.5,2526.0,croma,,5 days,,,LG,High,,0.0,Average,Medium,27.42175837585868,12.25643055005936,27.42175837585868,Very High,,0.08155490265715301
microwave oven convection,Philips microwave oven convection Model 744,12043.0,,3.9,3591.0,croma,,5 days,,,Philips,Medium,,0.0,Average,High,31.92721127474615,3.352728285077951,31.92721127474615,Very High,,0.2981567585519761
power bank fast charging,Puma power bank fast charging Model 707,34331.0,,3.8,662.0,amazon,,5 days,,,Puma,High,,0.0,Average,Low,24.687744962706276,51.78129713423831,24.687744962706276,Very High,,0.01928230222532914
air fryer India,HP air fryer India Model 138,25061.0,,4.6,1009.0,amazon,,5 days,,,HP,High,,0.0,Excellent,Medium,31.821445805242398,24.81287128712871,31.821445805242398,Very High,,0.04026015481605618
microwave oven convection,Samsung microwave oven convection Model 702,16855.0,,3.4,1687.0,amazon,,free delivery,,,Samsung,Medium,,0.0,Average,Medium,25.26641889553007,9.985189573459715,25.26641889553007,Very High,,0.10008305647840532
air fryer India,Samsung air fryer India Model 320,25030.0,,3.7,3449.0,reliance digital,,free delivery,,,Samsung,High,,0.0,Average,High,30.140679187094,7.255072463768116,30.140679187094,Very High,,0.1377891414645839
men running shoes,HP men running shoes Model 115,6514.0,,3.7,2024.0,amazon,,free delivery,,,HP,Low,,0.0,Average,Medium,28.169302424300366,3.21679012345679,28.169302424300366,Very High,,0.3106676899462778
men running shoes,Boat men running shoes Model 613,37203.0,,3.5,4794.0,reliance digital,,5 days,,,Boat,High,,0.0,Average,High,29.663651455611387,7.758706986444213,29.663651455611387,Very High,,0.12885711213847972
air fryer India,LG air fryer India Model 455,14463.0,,4.6,3414.0,reliance digital,,2 days,,,LG,Medium,,0.0,Excellent,High,37.42529075122249,4.235139092240117,37.42529075122249,Very High,,0.23603429203539822
microwave oven convection,Sony microwave oven convection Model 900,25061.0,,3.8,0.0,reliance digital,,free delivery,,,Sony,High,,0.0,Average,No Reviews,0.0,25061.0,0.0,Very High,,0.0
power bank fast charging,LG power bank fast charging Model 410,14986.0,,3.1,2293.0,reliance digital,,5 days,,,LG,Medium,,0.0,Average,Medium,23.98796212283688,6.532693984306888,23.98796212283688,Very High,,0.15299926603055983
office chair ergonomic,LG office chair ergonomic Model 901,10247.0,,3.6,2696.0,reliance digital,,2 days,,,LG,Medium,,0.0,Average,Medium,28.43962316330303,3.7994067482387837,28.43962316330303,Very High,,0.26307572209211555
air fryer India,Sony air fryer India Model 538,25061.0,,4.0,39.0,flipkart,,free delivery,,,Sony,High,,0.0,Good,Low,14.755517816455745,626.525,14.755517816455745,Very High,,0.0015561407708881974
power bank fast charging,Philips power bank fast charging Model 534,35646.0,,4.7,2485.0,amazon,,free delivery,,,Philips,High,,0.0,Excellent,Medium,36.74662227873208,14.33869670152856,36.74662227873208,Very High,,0.06971133615732039
men running shoes,Philips men running shoes Model 324,24783.0,,3.0,1077.0,croma,,2 days,,,Philips,Medium,,0.0,Average,Medium,20.948588254406825,22.989795918367346,20.948588254406825,Very High,,0.043455455132343446
air fryer India,Sony air fryer India Model 915,21233.0,,4.6,57.0,croma,,2 days,,,Sony,Medium,,0.0,Excellent,Low,18.678037848513526,366.08620689655174,18.678037848513526,Very High,,0.0026843741169821985
office chair ergonomic,Dell office chair ergonomic Model 372,25061.0,,3.6,389.0,croma,,2 days,,,Dell,High,,0.0,Average,Low,21.478128260845292,64.25897435897436,21.478128260845292,Very High,,0.015521506663474583
men running shoes,Boat men running shoes Model 178,25061.0,,4.9,2712.0,croma,,free delivery,,,Boat,High,,0.0,Excellent,Medium,38.738470532028764,9.237375598967931,38.738470532028764,Very High,,0.10821163514484079
power bank fast charging,HP power bank fast charging Model 937,45235.0,,2.5,1819.0,reliance digital,,2 days,,,HP,High,,0.0,Poor,Medium,18.7664794501771,24.854395604395606,18.7664794501771,Very High,,0.04021133610398797
men running shoes,Nike men running shoes Model 692,6110.0,,2.9,3598.0,croma,,2 days,,,Nike,Low,,0.0,Poor,High,23.74639279342919,1.6976938038343985,23.74639279342919,Very High,,0.588774341351661
power bank fast charging,HP power bank fast charging Model 815,5912.0,,3.6,80.0,reliance digital,,free delivery,,,HP,Low,,0.0,Average,Low,15.820016956820782,72.98765432098766,15.820016956820782,Very High,,0.013529511246406223
men running shoes,Dell men running shoes Model 679,25061.0,,3.5,19.0,reliance digital,,5 days,,,Dell,High,,0.0,Average,Low,10.485062957438968,1253.05,10.485062957438968,Very High,,0.0007581198627404038
power bank fast charging,Sony power bank fast charging Model 101,35363.0,,4.4,2354.0,amazon,,free delivery,,,Sony,High,,0.0,Good,Medium,34.16290242838228,15.016135881104034,34.16290242838228,Very High,,0.06656486822757607
power bank fast charging,Puma power bank fast charging Model 415,8944.0,,3.7,2974.0,amazon,,2 days,,,Puma,Low,,0.0,Average,Medium,29.592597476525,3.006386554621849,29.592597476525,Very High,,0.3324762437115707
air fryer India,HP air fryer India Model 947,26570.0,,4.9,1076.0,croma,,2 days,,,HP,High,,0.0,Excellent,Medium,34.21147991806631,24.67038068709378,34.21147991806631,Very High,,0.040495276805539875
microwave oven convection,Puma microwave oven convection Model 212,12632.0,,3.0,2291.0,flipkart,,free delivery,,,Puma,Medium,,0.0,Average,Medium,23.21154023350389,5.511343804537522,23.21154023350389,Very High,,0.18135043140979973
office chair ergonomic,HP office chair ergonomic Model 314,40602.0,,4.0,4062.0,amazon,,free delivery,,,HP,High,,0.0,Good,High,33.238707583950905,9.993108540487325,33.238707583950905,Very High,,0.10004186882742655
air fryer India,Nike air fryer India Model 150,26407.0,,2.9,3910.0,reliance digital,,free delivery,,,Nike,High,,0.0,Poor,High,23.98749028679099,6.751981590386091,23.98749028679099,Very High,,0.14806119357770373
men running shoes,HP men running shoes Model 129,42006.0,,4.5,3287.0,flipkart,,5 days,,,HP,High,,0.0,Excellent,High,36.44115640279232,12.775547445255475,36.44115640279232,Very High,,0.07824886328469065
air fryer India,Dell air fryer India Model 363,23530.0,,4.0,641.0,flipkart,,2 days,,,Dell,Medium,,0.0,Good,Low,25.858353214759845,36.651090342679126,25.858353214759845,Very High,,0.027240661255365263
men running shoes,Nike men running shoes Model 347,31724.0,,3.1,612.0,reliance digital,,2 days,,,Nike,High,,0.0,Average,Low,19.896931301402258,51.752039151712886,19.896931301402258,Very High,,0.01929078014184397
microwave oven convection,Philips microwave oven convection Model 280,23316.0,,2.5,1090.0,flipkart,,2 days,,,Philips,Medium,,0.0,Poor,Medium,17.487124964582677,21.37121906507791,17.487124964582677,Very High,,0.04674700862031994
power bank fast charging,Samsung power bank fast charging Model 440,13597.0,,3.6,4156.0,amazon,,2 days,,,Samsung,Medium,,0.0,Average,High,29.997176181309495,3.2708684147221554,29.997176181309495,Very High,,0.30563318135019857
microwave oven convection,Philips microwave oven convection Model 635,12598.0,,4.1,3062.0,amazon,,2 days,,,Philips,Medium,,0.0,Good,High,32.91131543801437,4.112961149200131,32.91131543801437,Very High,,0.2430351615207556
men running shoes,Sony men running shoes Model 596,12685.0,,5.0,1964.0,flipkart,,2 days,,,Sony,Medium,,0.0,Excellent,Medium,37.91623762151681,6.455470737913486,37.91623762151681,Very High,,0.15481633296547376
air fryer India,LG air fryer India Model 884,3840.0,,4.9,2735.0,croma,,5 days,,,LG,Low,,0.0,Excellent,Medium,38.77983616583796,1.4035087719298245,38.77983616583796,Very High,,0.7120541525644364
air fryer India,Nike air fryer India Model 458,9171.0,,2.5,3658.0,reliance digital,,2 days,,,Nike,Low,,0.0,Poor,High,20.51236291254802,2.5064225198141568,20.51236291254802,Very High,,0.39882250327082425
men running shoes,Samsung men running shoes Model 561,25061.0,,3.5,4897.0,amazon,,2 days,,,Samsung,High,,0.0,Average,High,29.738037831292395,5.116578195181707,29.738037831292395,Very High,,0.19539541935998722
men running shoes,Boat men running shoes Model 997,44964.0,,3.6,802.0,amazon,,2 days,,,Boat,High,,0.0,Average,Low,24.078076970208343,55.995018679950185,24.078076970208343,Very High,,0.01783609474035361
air fryer India,LG air fryer India Model 348,25061.0,,4.3,806.0,reliance digital,,free delivery,,,LG,High,,0.0,Good,Low,28.78129177356078,31.0545229244114,28.78129177356078,Very High,,0.03216024259835608
power bank fast charging,Puma power bank fast charging Model 235,44793.0,,4.2,4777.0,flipkart,,5 days,,,Puma,High,,0.0,Good,High,35.581464777120175,9.374843030556718,35.581464777120175,Very High,,0.10664374693039247
microwave oven convection,Sony microwave oven convection Model 224,5069.0,,4.3,2597.0,reliance digital,,2 days,,,Sony,Low,,0.0,Good,Medium,33.80873794809134,1.9511162432640492,33.80873794809134,Very High,,0.5122287968441814
office chair ergonomic,Puma office chair ergonomic Model 226,14746.0,,3.1,1199.0,croma,,2 days,,,Puma,Medium,,0.0,Average,Medium,21.979238190905885,12.288333333333334,21.979238190905885,Very High,,0.08130467213670577
power bank fast charging,Nike power bank fast charging Model 262,19476.0,,4.0,4865.0,amazon,,free delivery,,,Nike,Medium,,0.0,Good,High,33.96011009337387,4.002466091245376,33.96011009337387,Very High,,0.24978179391076655
men running shoes,HP men running shoes Model 563,26629.0,,3.8,371.0,croma,,free delivery,,,HP,High,,0.0,Average,Low,22.491796646237955,71.58333333333333,22.491796646237955,Very High,,0.013931656027037177
office chair ergonomic,LG office chair ergonomic Model 315,25061.0,,2.5,517.0,amazon,,free delivery,,,LG,High,,0.0,Poor,Low,15.624938105648706,48.38030888030888,15.624938105648706,Very High,,0.020628840475620462
microwave oven convection,Dell microwave oven convection Model 822,25061.0,,2.8,4732.0,croma,,5 days,,,Dell,High,,0.0,Poor,High,23.694480683737492,5.2949503486161,23.694480683737492,Very High,,0.18881174686776794
power bank fast charging,Philips power bank fast charging Model 553,25061.0,,4.6,1856.0,flipkart,,free delivery,,,Philips,High,,0.0,Excellent,Medium,34.622900782222445,13.495422724824987,34.622900782222445,Very High,,0.07405634027611524
power bank fast charging,HP power bank fast charging Model 573,34168.0,,4.3,1223.0,flipkart,,2 days,,,HP,High,,0.0,Good,Medium,30.572481691210765,27.915032679738562,30.572481691210765,Very High,,0.0357926775732389
microwave oven convection,Sony microwave oven convection Model 911,1095.0,,3.5,2227.0,reliance digital,,5 days,,,Sony,Low,,0.0,Average,Medium,26.981008603665114,0.4914721723518851,26.981008603665114,Medium,,2.031934306569343
microwave oven convection,Puma microwave oven convection Model 342,24507.0,,2.7,389.0,amazon,,5 days,,,Puma,Medium,,0.0,Poor,Low,16.10859619563397,62.83846153846154,16.10859619563397,Very High,,0.015872368206299985
microwave oven convection,Sony microwave oven convection Model 764,26390.0,,4.1,1905.0,croma,,free delivery,,,Sony,High,,0.0,Good,Medium,30.966324545278002,13.845750262329485,30.966324545278002,Very High,,0.07218369898829147
men running shoes,Boat men running shoes Model 978,42076.0,,3.8,2971.0,amazon,,5 days,,,Boat,High,,0.0,Average,Medium,30.388563542183068,14.157469717362046,30.388563542183068,Very High,,0.07060864605366352
microwave oven convection,Samsung microwave oven convection Model 210,11972.0,,3.6,629.0,flipkart,,2 days,,,Samsung,Medium,,0.0,Average,Low,23.204591349788082,19.003174603174603,23.204591349788082,Very High,,0.05253487012444667
microwave oven convection,HP microwave oven convection Model 133,3630.0,,3.7,4648.0,amazon,,free delivery,,,HP,Low,,0.0,Average,High,31.244307460255165,0.7808130780813078,31.244307460255165,Very High,,1.2800881299917377
office chair ergonomic,Puma office chair ergonomic Model 837,13147.0,,4.2,32.0,croma,,5 days,,,Puma,Medium,,0.0,Good,Low,14.685331758159217,398.3939393939394,14.685331758159217,Very High,,0.002433830240340736
air fryer India,Puma air fryer India Model 186,25061.0,,3.8,1856.0,flipkart,,2 days,,,Puma,High,,0.0,Average,Medium,28.601526733140282,13.495422724824987,28.601526733140282,Very High,,0.07405634027611524
microwave oven convection,Puma microwave oven convection Model 541,18499.0,,3.4,2522.0,reliance digital,,2 days,,,Puma,Medium,,0.0,Average,Medium,26.632893425379596,7.332144272691241,26.632893425379596,Very High,,0.13632432432432431
power bank fast charging,Sony power bank fast charging Model 286,12239.0,,3.7,4088.0,croma,,2 days,,,Sony,Medium,,0.0,Average,High,30.76940616534918,2.9931523599902174,30.76940616534918,Very High,,0.33398692810457514
power bank fast charging,Puma power bank fast charging Model 383,45126.0,,3.0,3458.0,amazon,,2 days,,,Puma,High,,0.0,Average,High,24.446204426811505,13.045967042497832,24.446204426811505,Very High,,0.07662818268442396
office chair ergonomic,Dell office chair ergonomic Model 133,5073.0,,3.3,515.0,reliance digital,,2 days,,,Dell,Low,,0.0,Average,Low,20.612152326089156,9.831395348837209,20.612152326089156,Very High,,0.10149783208513993
power bank fast charging,HP power bank fast charging Model 103,9195.0,,4.3,426.0,amazon,,5 days,,,HP,Low,,0.0,Good,Low,26.044171256883086,21.533957845433257,26.044171256883086,Very High,,0.04632448890822097
office chair ergonomic,LG office chair ergonomic Model 731,25061.0,,3.0,3496.0,amazon,,free delivery,,,LG,High,,0.0,Average,High,24.47898221119013,7.166428367171862,24.47898221119013,Very High,,0.1394940547442343
microwave oven convection,Puma microwave oven convection Model 554,7198.0,,4.8,4075.0,amazon,,5 days,,,Puma,Low,,0.0,Excellent,High,39.90178269284455,1.7659470068694798,39.90178269284455,Very High,,0.5660508403944993
power bank fast charging,Puma power bank fast charging Model 535,42894.0,,4.0,387.0,flipkart,,free delivery,,,Puma,High,,0.0,Good,Low,23.844021358493094,110.55154639175258,23.844021358493094,Very High,,0.00902203053968994
air fryer India,Puma air fryer India Model 114,19237.0,,4.2,2847.0,croma,,free delivery,,,Puma,Medium,,0.0,Good,Medium,33.40836354463384,6.754564606741573,33.40836354463384,Very High,,0.14798835637800187
office chair ergonomic,LG office chair ergonomic Model 168,229430.0,,3.2,2872.0,flipkart,,2 days,,,LG,Very High,,0.0,Average,Medium,25.48195858873373,79.85729202923773,25.48195858873373,Very High,,0.012517924779127493
office chair ergonomic,Nike office chair ergonomic Model 171,48035.0,,4.6,4068.0,flipkart,,free delivery,,,Nike,High,,0.0,Excellent,High,38.23130172080777,11.805111821086262,38.23130172080777,Very High,,0.08468648513614789
microwave oven convection,Puma microwave oven convection Model 226,45427.0,,3.8,3127.0,flipkart,,free delivery,,,Puma,High,,0.0,Average,High,30.582966586327764,14.52269820971867,30.582966586327764,Very High,,0.06883419917231663
power bank fast charging,Sony power bank fast charging Model 726,2163.0,,3.5,1528.0,reliance digital,,free delivery,,,Sony,Low,,0.0,Average,Medium,25.663292220751718,1.4146500981033354,25.663292220751718,High,,0.7060998151571165
office chair ergonomic,Boat office chair ergonomic Model 626,21070.0,,3.5,2232.0,amazon,,5 days,,,Boat,Medium,,0.0,Average,Medium,26.988854381440554,9.435736677115987,26.988854381440554,Very High,,0.10592757818803095
microwave oven convection,HP microwave oven convection Model 277,36657.0,,4.7,4480.0,croma,,free delivery,,,HP,High,,0.0,Excellent,High,39.51572711949487,8.180540058022762,39.51572711949487,Very High,,0.1222107043483005
air fryer India,HP air fryer India Model 527,38330.0,,3.3,1963.0,flipkart,,free delivery,,,HP,High,,0.0,Average,Medium,25.023037013417554,19.516293279022403,25.023037013417554,Very High,,0.0512118128929587
men running shoes,Boat men running shoes Model 948,10068.0,,4.5,3869.0,reliance digital,,2 days,,,Boat,Medium,,0.0,Excellent,High,37.174544037107225,2.601550387596899,37.174544037107225,Very High,,0.384248684079849
power bank fast charging,LG power bank fast charging Model 896,47595.0,,4.1,2583.0,reliance digital,,free delivery,,,LG,High,,0.0,Good,Medium,32.214084846100214,18.419117647058822,32.214084846100214,Very High,,0.054269266324901255
air fryer India,LG air fryer India Model 404,25061.0,,3.4,4079.0,amazon,,5 days,,,LG,High,,0.0,Average,High,28.267097709153905,6.142401960784314,28.267097709153905,Very High,,0.16275636421674247
office chair ergonomic,Dell office chair ergonomic Model 164,45070.0,,4.1,2690.0,flipkart,,2 days,,,Dell,High,,0.0,Good,Medium,32.38043941798031,16.748420661464138,32.38043941798031,Very High,,0.05968361030374298
air fryer India,Nike air fryer India Model 194,31793.0,,3.8,2201.0,amazon,,5 days,,,Nike,High,,0.0,Average,Medium,29.249061005673973,14.438237965485921,29.249061005673973,Very High,,0.06922689815688494
microwave oven convection,Boat microwave oven convection Model 173,47111.0,,3.6,2074.0,reliance digital,,free delivery,,,Boat,High,,0.0,Average,Medium,27.495779157593276,22.70409638554217,27.495779157593276,Very High,,0.04402275428765495
microwave oven convection,Samsung microwave oven convection Model 145,44221.0,,4.5,4997.0,croma,,5 days,,,Samsung,High,,0.0,Excellent,High,38.325569001277046,8.847739095638255,38.325569001277046,Very High,,0.11299805526660937
microwave oven convection,Puma microwave oven convection Model 321,28313.0,,3.5,4186.0,reliance digital,,free delivery,,,Puma,High,,0.0,Average,High,29.189089181067,6.762120850250776,29.189089181067,Very High,,0.14784205693296604
air fryer India,LG air fryer India Model 163,22657.0,,3.8,3631.0,croma,,5 days,,,LG,Medium,,0.0,Average,High,31.150647210940495,6.2381607929515415,31.150647210940495,Very High,,0.16025244946597228
microwave oven convection,Philips microwave oven convection Model 889,861.0,,5.0,1382.0,amazon,,2 days,,,Philips,Low,,0.0,Excellent,Medium,36.160051658323795,0.6225596529284165,36.160051658323795,Medium,,1.603248259860789
power bank fast charging,Nike power bank fast charging Model 172,25061.0,,3.0,263.0,croma,,2 days,,,Nike,High,,0.0,Average,Low,16.72784730943895,94.9280303030303,16.72784730943895,Very High,,0.010493974942143484
power bank fast charging,Philips power bank fast charging Model 541,46064.0,,4.9,3147.0,reliance digital,,free delivery,,,Philips,High,,0.0,Excellent,High,39.46716078673274,14.632782719186785,39.46716078673274,Very High,,0.0683165092803647
air fryer India,Philips air fryer India Model 594,41057.0,,3.6,3166.0,reliance digital,,2 days,,,Philips,High,,0.0,Average,High,29.017944167539103,12.964003789074834,29.017944167539103,Very High,,0.07711042914900872
office chair ergonomic,HP office chair ergonomic Model 891,42516.0,,4.6,2855.0,croma,,free delivery,,,HP,High,,0.0,Excellent,Medium,36.60301568791358,14.88655462184874,36.60301568791358,Very High,,0.06714961074393772
office chair ergonomic,HP office chair ergonomic Model 552,46946.0,,2.7,3568.0,flipkart,,2 days,,,HP,High,,0.0,Poor,High,22.086109953423435,13.153824600728495,22.086109953423435,Very High,,0.07600059641723646
microwave oven convection,Nike microwave oven convection Model 509,8160.0,,3.8,4917.0,reliance digital,,free delivery,,,Nike,Low,,0.0,Average,High,32.30249744654932,1.659211061407076,32.30249744654932,Very High,,0.602499693664992
microwave oven convection,Sony microwave oven convection Model 163,30641.0,,4.0,3963.0,flipkart,,free delivery,,,Sony,High,,0.0,Good,High,33.140035581799516,7.7298183652875885,33.140035581799516,Very High,,0.12933228901507735
men running shoes,Samsung men running shoes Model 605,40321.0,,3.9,2672.0,croma,,5 days,,,Samsung,High,,0.0,Average,Medium,30.774731192941783,15.084549195660307,30.774731192941783,Very High,,0.06626655423838103
office chair ergonomic,Samsung office chair ergonomic Model 229,25061.0,,2.7,439.0,amazon,,2 days,,,Samsung,High,,0.0,Poor,Low,16.43429176266323,56.95681818181818,16.43429176266323,Very High,,0.017516558933844066
air fryer India,Puma air fryer India Model 553,41567.0,,4.5,2251.0,amazon,,free delivery,,,Puma,High,,0.0,Excellent,Medium,34.73808295166812,18.457815275310836,34.73808295166812,Very High,,0.0541522324865281
power bank fast charging,Puma power bank fast charging Model 990,27357.0,,3.7,1960.0,croma,,5 days,,,Puma,High,,0.0,Average,Medium,28.05047635692648,13.95053544110148,28.05047635692648,Very High,,0.07164266393742233
office chair ergonomic,Boat office chair ergonomic Model 178,5007.0,,4.5,543.0,amazon,,2 days,,,Boat,Low,,0.0,Excellent,Low,28.34527161085174,9.204044117647058,28.34527161085174,Very High,,0.10842651757188498
power bank fast charging,LG power bank fast charging Model 658,19178.0,,4.9,4495.0,reliance digital,,2 days,,,LG,Medium,,0.0,Excellent,High,41.21362261871028,4.265569395017794,41.21362261871028,Very High,,0.23437092653423014
microwave oven convection,Nike microwave oven convection Model 392,18929.0,,3.7,4407.0,amazon,,free delivery,,,Nike,Medium,,0.0,Average,High,31.04735249808118,4.294237749546279,31.04735249808118,Very High,,0.23280507131537242
air fryer India,HP air fryer India Model 426,22209.0,,3.8,1544.0,reliance digital,,free delivery,,,HP,Medium,,0.0,Average,Medium,27.90256091946101,14.374757281553398,27.90256091946101,Very High,,0.0695182350292661
office chair ergonomic,Dell office chair ergonomic Model 777,11887.0,,2.7,153.0,flipkart,,2 days,,,Dell,Medium,,0.0,Poor,Low,13.599772026516801,77.18831168831169,13.599772026516801,Very High,,0.012870121130551818
office chair ergonomic,Philips office chair ergonomic Model 798,25061.0,,3.6,0.0,flipkart,,5 days,,,Philips,High,,0.0,Average,No Reviews,0.0,25061.0,0.0,Very High,,0.0
air fryer India,Nike air fryer India Model 948,17183.0,,2.7,130.0,croma,,2 days,,,Nike,Medium,,0.0,Poor,Low,13.16303277264311,131.1679389312977,13.16303277264311,Very High,,0.007565176908752328
microwave oven convection,HP microwave oven convection Model 218,1280.0,,3.8,4982.0,flipkart,,free delivery,,,HP,Low,,0.0,Average,High,32.352392113469335,0.2568733694561509,32.352392113469335,Medium,,3.8891491022638562
microwave oven convection,Philips microwave oven convection Model 209,27815.0,,3.2,4406.0,reliance digital,,5 days,,,Philips,High,,0.0,Average,High,26.851038287494358,6.311549807125028,26.851038287494358,Very High,,0.1583980442910555
men running shoes,Puma men running shoes Model 923,49220.0,,2.8,3066.0,flipkart,,5 days,,,Puma,High,,0.0,Poor,High,22.479674459519906,16.048255624388652,22.479674459519906,Very High,,0.06229048576826964
air fryer India,Boat air fryer India Model 706,25061.0,,2.8,750.0,reliance digital,,free delivery,,,Boat,High,,0.0,Poor,Low,18.539935824939576,33.37017310252996,18.539935824939576,Very High,,0.029925784055542255
power bank fast charging,LG power bank fast charging Model 398,4006.0,,3.9,3536.0,reliance digital,,free delivery,,,LG,Low,,0.0,Average,High,31.867033337901372,1.132598247102064,31.867033337901372,Very High,,0.8824557025205889
air fryer India,Philips air fryer India Model 348,14376.0,,4.6,2307.0,croma,,5 days,,,Philips,Medium,,0.0,Excellent,Medium,35.62302848708875,6.2287694974003465,35.62302848708875,Very High,,0.16046463100785976
men running shoes,Sony men running shoes Model 458,7058.0,,3.1,516.0,reliance digital,,2 days,,,Sony,Low,,0.0,Average,Low,19.36893291097613,13.65183752417795,19.36893291097613,Very High,,0.07309817254568636
power bank fast charging,Dell power bank fast charging Model 451,25061.0,,3.4,3942.0,croma,,2 days,,,Dell,High,,0.0,Average,High,28.150970255183932,6.355820441288359,28.150970255183932,Very High,,0.1572899209959301
microwave oven convection,Sony microwave oven convection Model 143,27040.0,,3.5,3942.0,reliance digital,,5 days,,,Sony,High,,0.0,Average,High,28.978939968571698,6.857722546284555,28.978939968571698,Very High,,0.14577863244702488
power bank fast charging,LG power bank fast charging Model 902,36998.0,,5.0,2677.0,reliance digital,,free delivery,,,LG,High,,0.0,Excellent,Medium,39.464127631255586,13.815533980582524,39.464127631255586,Very High,,0.07235330684613098
office chair ergonomic,HP office chair ergonomic Model 168,20097.0,,3.5,2880.0,croma,,2 days,,,HP,Medium,,0.0,Average,Medium,27.88062457279585,6.975702880944117,27.88062457279585,Very High,,0.14329784058115236
power bank fast charging,Dell power bank fast charging Model 817,8299.0,,3.7,0.0,flipkart,,5 days,,,Dell,Low,,0.0,Average,No Reviews,0.0,8299.0,0.0,Very High,,0.0
microwave oven convection,Samsung microwave oven convection Model 436,38648.0,,4.2,2095.0,croma,,2 days,,,Samsung,High,,0.0,Good,Medium,32.12070139085192,18.438931297709924,32.12070139085192,Very High,,0.05420580092628528
air fryer India,LG air fryer India Model 921,16964.0,,2.7,4354.0,reliance digital,,2 days,,,LG,Medium,,0.0,Poor,High,22.623515701073828,3.895292766934558,22.623515701073828,Very High,,0.2566460359563808
air fryer India,LG air fryer India Model 351,25061.0,,4.1,3041.0,amazon,,2 days,,,LG,High,,0.0,Good,High,32.88310893855887,8.238330046022353,32.88310893855887,Very High,,0.121339079083872
men running shoes,Sony men running shoes Model 584,25061.0,,4.1,411.0,croma,,5 days,,,Sony,High,,0.0,Good,Low,24.686195732333058,60.827669902912625,24.686195732333058,Very High,,0.016399329662437154
microwave oven convection,Nike microwave oven convection Model 675,2014.0,,3.7,1428.0,reliance digital,,5 days,,,Nike,Low,,0.0,Average,Medium,26.879501658340512,1.4093771868439469,26.879501658340512,High,,0.7086848635235732
air fryer India,Dell air fryer India Model 399,3266.0,,3.2,3596.0,amazon,,free delivery,,,Dell,Low,,0.0,Average,High,26.201137419825997,0.9079788712816236,26.201137419825997,Very High,,1.1007040097949188
office chair ergonomic,Puma office chair ergonomic Model 305,15697.0,,3.7,1940.0,flipkart,,2 days,,,Puma,Medium,,0.0,Average,Medium,28.01254675772534,8.087068521380731,28.01254675772534,Very High,,0.12358262199006242
air fryer India,Sony air fryer India Model 459,25061.0,,3.8,3674.0,reliance digital,,5 days,,,Sony,High,,0.0,Average,High,31.19537196425836,6.819319727891156,31.19537196425836,Very High,,0.14659644082674966
microwave oven convection,Sony microwave oven convection Model 852,4773.0,,4.5,3005.0,croma,,2 days,,,Sony,Low,,0.0,Excellent,High,36.03764506640814,1.5878243512974053,36.03764506640814,Very High,,0.629451193967323
microwave oven convection,Sony microwave oven convection Model 440,4334.0,,2.5,2041.0,flipkart,,5 days,,,Sony,Low,,0.0,Poor,Medium,19.054212496811527,2.122428991185113,19.054212496811527,Very High,,0.4708189158016148
air fryer India,Nike air fryer India Model 186,21352.0,,3.3,2849.0,croma,,5 days,,,Nike,Medium,,0.0,Average,Medium,26.251745101766893,7.491929824561404,26.251745101766893,Very High,,0.1334238748653585
men running shoes,Dell men running shoes Model 200,31794.0,,4.0,354.0,amazon,,2 days,,,Dell,High,,0.0,Good,Low,23.488471157901664,89.56056338028169,23.488471157901664,Very High,,0.011133826073281963
power bank fast charging,HP power bank fast charging Model 577,38962.0,,2.9,99.0,croma,,2 days,,,HP,High,,0.0,Poor,Low,13.354993539365466,389.62,13.354993539365466,Very High,,0.002540872109437158
power bank fast charging,Dell power bank fast charging Model 966,28133.0,,4.4,2950.0,flipkart,,free delivery,,,Dell,High,,0.0,Good,Medium,35.15555724974894,9.53337851575737,35.15555724974894,Very High,,0.10485533518163077
office chair ergonomic,Philips office chair ergonomic Model 470,37042.0,,4.9,4107.0,flipkart,,2 days,,,Philips,High,,0.0,Excellent,High,40.77138869813741,9.017039922103214,40.77138869813741,Very High,,0.11087114974489107
power bank fast charging,Philips power bank fast charging Model 136,114690.0,,3.4,2456.0,reliance digital,,free delivery,,,Philips,Very High,,0.0,Average,Medium,26.542767666572008,46.67887667887668,26.542767666572008,Very High,,0.02141406038834782
men running shoes,Boat men running shoes Model 839,2510.0,,2.5,3356.0,croma,,2 days,,,Boat,Low,,0.0,Poor,High,20.29700749245009,0.7476913911230265,20.29700749245009,High,,1.3365193150139387
power bank fast charging,Samsung power bank fast charging Model 918,41601.0,,2.9,2072.0,croma,,2 days,,,Samsung,High,,0.0,Poor,Medium,22.146581126063758,20.068017366136036,22.146581126063758,Very High,,0.04980529782222009
microwave oven convection,Dell microwave oven convection Model 663,5712.0,,4.2,1139.0,amazon,,5 days,,,Dell,Low,,0.0,Good,Medium,29.562890873831876,5.010526315789473,29.562890873831876,Very High,,0.19936985821809908
air fryer India,Nike air fryer India Model 610,39140.0,,2.9,3032.0,amazon,,free delivery,,,Nike,High,,0.0,Poor,High,23.250191772296887,12.904714803824596,23.250191772296887,Very High,,0.07746352929153573
men running shoes,Nike men running shoes Model 799,5743.0,,3.8,1695.0,flipkart,,5 days,,,Nike,Low,,0.0,Average,Medium,28.256905702137022,3.386202830188679,28.256905702137022,Very High,,0.29509052924791085
office chair ergonomic,Boat office chair ergonomic Model 649,25061.0,,4.4,4972.0,reliance digital,,5 days,,,Boat,High,,0.0,Good,High,37.45182565834485,5.039412829278102,37.45182565834485,Very High,,0.19838799776554145
men running shoes,Sony men running shoes Model 547,2086.0,,4.6,2882.0,croma,,2 days,,,Sony,Low,,0.0,Excellent,Medium,36.646298809136646,0.723551855705862,36.646298809136646,High,,1.3809295639674173
air fryer India,Samsung air fryer India Model 355,43541.0,,3.3,2088.0,amazon,,5 days,,,Samsung,High,,0.0,Average,Medium,25.226654513136666,20.842987075155577,25.226654513136666,Very High,,0.04795369987598181
office chair ergonomic,Nike office chair ergonomic Model 983,2556.0,,3.3,951.0,flipkart,,free delivery,,,Nike,Low,,0.0,Average,Low,22.6332646148115,2.6848739495798317,22.6332646148115,High,,0.3719202190066484
office chair ergonomic,Sony office chair ergonomic Model 422,40011.0,,3.9,108.0,reliance digital,,free delivery,,,Sony,High,,0.0,Average,Low,18.29625674069366,367.07339449541286,18.29625674069366,Very High,,0.0026991902429271217
office chair ergonomic,LG office chair ergonomic Model 829,48584.0,,3.1,1055.0,reliance digital,,2 days,,,LG,High,,0.0,Average,Medium,21.58295473922524,46.00757575757576,21.58295473922524,Very High,,0.02171452094267778
power bank fast charging,HP power bank fast charging Model 549,35974.0,,4.0,3831.0,amazon,,5 days,,,HP,High,,0.0,Good,High,33.004568556363004,9.387787056367433,33.004568556363004,Very High,,0.10649061848505907
men running shoes,Philips men running shoes Model 919,3772.0,,3.8,1377.0,croma,,2 days,,,Philips,Low,,0.0,Average,Medium,27.467876115979696,2.7373004354136428,27.467876115979696,Very High,,0.3649615690432017
air fryer India,Sony air fryer India Model 331,12621.0,,3.0,2262.0,flipkart,,free delivery,,,Sony,Medium,,0.0,Average,Medium,23.17333993690061,5.57711003093239,23.17333993690061,Very High,,0.17921090160038028
power bank fast charging,LG power bank fast charging Model 220,39474.0,,3.1,1988.0,reliance digital,,free delivery,,,LG,High,,0.0,Average,Medium,23.545700564447316,19.846153846153847,23.545700564447316,Very High,,0.05036098796706776
office chair ergonomic,Sony office chair ergonomic Model 327,25061.0,,4.2,1332.0,amazon,,5 days,,,Sony,High,,0.0,Good,Medium,30.21978674475058,18.800450112528132,30.21978674475058,Very High,,0.05314819248264305
men running shoes,Samsung men running shoes Model 785,7514.0,,3.1,4026.0,reliance digital,,5 days,,,Samsung,Low,,0.0,Average,High,25.73240857863951,1.865905140302955,25.73240857863951,Very High,,0.5357285429141716
men running shoes,Samsung men running shoes Model 174,47927.0,,2.7,3938.0,amazon,,free delivery,,,Samsung,High,,0.0,Poor,High,22.35244184002145,12.167301345519167,22.35244184002145,Very High,,0.08216491403772325
air fryer India,Philips air fryer India Model 978,25061.0,,5.0,843.0,amazon,,5 days,,,Philips,High,,0.0,Excellent,Low,33.690762472979785,29.69312796208531,33.690762472979785,Very High,,0.03363658127842949
men running shoes,Samsung men running shoes Model 658,33900.0,,4.0,458.0,reliance digital,,5 days,,,Samsung,High,,0.0,Good,Low,24.51620084024218,73.85620915032679,24.51620084024218,Very High,,0.01350992596088611
men running shoes,Sony men running shoes Model 587,44061.0,,3.8,0.0,amazon,,2 days,,,Sony,High,,0.0,Average,No Reviews,0.0,44061.0,0.0,Very High,,0.0
microwave oven convection,HP microwave oven convection Model 299,19916.0,,4.6,281.0,reliance digital,,5 days,,,HP,Medium,,0.0,Excellent,Low,25.95277252631532,70.62411347517731,25.95277252631532,Very High,,0.014108550484510719
office chair ergonomic,Boat office chair ergonomic Model 117,42880.0,,2.6,3811.0,flipkart,,free delivery,,,Boat,High,,0.0,Poor,High,21.439364088412646,11.248688352570829,21.439364088412646,Very High,,0.08887386021781209
microwave oven convection,Nike microwave oven convection Model 418,3327.0,,4.4,1863.0,flipkart,,free delivery,,,Nike,Low,,0.0,Good,Medium,33.134111979080366,1.784871244635193,33.134111979080366,Very High,,0.5597956730769231
microwave oven convection,Samsung microwave oven convection Model 738,48929.0,,3.5,2114.0,croma,,2 days,,,Samsung,High,,0.0,Average,Medium,26.798835320181322,23.134278959810874,26.798835320181322,Very High,,0.04320457796852647
microwave oven convection,Sony microwave oven convection Model 316,25061.0,,4.8,760.0,amazon,,2 days,,,Sony,High,,0.0,Excellent,Low,31.84624011773609,32.93166885676741,31.84624011773609,Very High,,0.030324794509616153
men running shoes,Samsung men running shoes Model 250,18528.0,,4.4,4222.0,amazon,,2 days,,,Samsung,Medium,,0.0,Good,High,36.732524641709354,4.387402320625148,36.732524641709354,Very High,,0.22785903178800798
microwave oven convection,Sony microwave oven convection Model 574,25061.0,,2.8,2634.0,amazon,,2 days,,,Sony,High,,0.0,Poor,Medium,22.054587690731296,9.510815939278938,22.054587690731296,Very High,,0.1050993536030644
power bank fast charging,HP power bank fast charging Model 312,34695.0,,3.4,3977.0,reliance digital,,free delivery,,,HP,High,,0.0,Average,High,28.18101716200732,8.721719457013574,28.18101716200732,Very High,,0.11462416416878027
men running shoes,Puma men running shoes Model 761,23220.0,,4.5,3713.0,flipkart,,5 days,,,Puma,Medium,,0.0,Excellent,High,36.989391338606936,6.252019386106624,36.989391338606936,Very High,,0.15989836785668146
air fryer India,Sony air fryer India Model 395,18860.0,,2.6,2188.0,flipkart,,2 days,,,Sony,Medium,,0.0,Poor,Medium,19.997120253559444,8.615806304248515,19.997120253559444,Very High,,0.1160065744128095
men running shoes,Sony men running shoes Model 654,37225.0,,4.9,1798.0,croma,,free delivery,,,Sony,High,,0.0,Excellent,Medium,36.72543254635762,20.692051139521958,36.72543254635762,Very High,,0.048299575565465
microwave oven convection,Philips microwave oven convection Model 322,38800.0,,4.2,3643.0,croma,,free delivery,,,Philips,High,,0.0,Good,High,34.44351648519537,10.647639956092206,34.44351648519537,Very High,,0.09388933274915595
office chair ergonomic,Sony office chair ergonomic Model 215,395720.0,,3.3,3512.0,reliance digital,,5 days,,,Sony,Very High,,0.0,Average,High,26.94194465247723,112.644463421577,26.94194465247723,Very High,,0.008874939667088681
office chair ergonomic,Nike office chair ergonomic Model 650,20379.0,,4.0,1776.0,croma,,5 days,,,Nike,Medium,,0.0,Good,Medium,29.930727312618604,11.468204839617332,29.930727312618604,Very High,,0.08714425907752699
air fryer India,Philips air fryer India Model 933,25061.0,,4.7,4077.0,flipkart,,free delivery,,,Philips,High,,0.0,Excellent,High,39.07280117033168,6.145414418832761,39.07280117033168,Very High,,0.1626765621259277
office chair ergonomic,Boat office chair ergonomic Model 869,45800.0,,4.5,2207.0,reliance digital,,5 days,,,Boat,High,,0.0,Excellent,Medium,34.649290833286436,20.742753623188406,34.649290833286436,Very High,,0.04818672081395603
men running shoes,Sony men running shoes Model 120,46739.0,,4.6,3913.0,amazon,,2 days,,,Sony,High,,0.0,Excellent,High,38.052649680597696,11.941492079713848,38.052649680597696,Very High,,0.08371844244758236
microwave oven convection,Boat microwave oven convection Model 324,38021.0,,3.8,3188.0,croma,,2 days,,,Boat,High,,0.0,Average,High,30.656358134638214,11.922546252743807,30.656358134638214,Very High,,0.0838461943085582
microwave oven convection,LG microwave oven convection Model 315,3378.0,,3.8,1762.0,reliance digital,,2 days,,,LG,Low,,0.0,Average,Medium,28.404134293111905,1.9160521837776516,28.404134293111905,Very High,,0.5214560520864161
microwave oven convection,Sony microwave oven convection Model 895,25061.0,,4.5,4979.0,croma,,2 days,,,Sony,High,,0.0,Excellent,High,38.30933326508414,5.032329317269077,38.30933326508414,Very High,,0.1986673050833932
microwave oven convection,Nike microwave oven convection Model 828,29703.0,,2.6,3912.0,croma,,2 days,,,Nike,High,,0.0,Poor,High,21.50735501774707,7.590851009455661,21.50735501774707,Very High,,0.1316994344196068
air fryer India,Samsung air fryer India Model 610,25061.0,,3.9,2771.0,croma,,free delivery,,,Samsung,High,,0.0,Average,Medium,30.916565005208195,9.04076479076479,30.916565005208195,Very High,,0.11056579682387678
power bank fast charging,HP power bank fast charging Model 527,30519.0,,4.9,4510.0,reliance digital,,2 days,,,HP,High,,0.0,Excellent,High,41.229943273301146,6.765462203502549,41.229943273301146,Very High,,0.14777195281782438
power bank fast charging,Sony power bank fast charging Model 610,36000.0,,3.8,3800.0,amazon,,2 days,,,Sony,High,,0.0,Average,High,31.323473982159147,9.47119179163378,31.323473982159147,Very High,,0.10555262353823505
air fryer India,Dell air fryer India Model 578,36341.0,,4.8,883.0,flipkart,,free delivery,,,Dell,High,,0.0,Excellent,Low,32.56539390066069,41.10972850678733,32.56539390066069,Very High,,0.02429695668923009
microwave oven convection,Boat microwave oven convection Model 347,17219.0,,4.9,4143.0,reliance digital,,5 days,,,Boat,Medium,,0.0,Excellent,High,40.81414224130267,4.1551640926640925,40.81414224130267,Very High,,0.24059233449477352
men running shoes,Nike men running shoes Model 219,34253.0,,3.8,841.0,flipkart,,5 days,,,Nike,High,,0.0,Average,Low,25.595964054120838,40.680522565320665,25.595964054120838,Very High,,0.02455187715303322
microwave oven convection,Nike microwave oven convection Model 250,39513.0,,3.4,4537.0,reliance digital,,5 days,,,Nike,High,,0.0,Average,High,28.62882166215528,8.707139709122961,28.62882166215528,Very High,,0.1148200637748646
air fryer India,Dell air fryer India Model 491,25496.0,,3.4,2200.0,reliance digital,,2 days,,,Dell,High,,0.0,Average,Medium,26.16866807718997,11.58382553384825,26.16866807718997,Very High,,0.0862846609405028
men running shoes,Philips men running shoes Model 426,27021.0,,3.8,2209.0,amazon,,5 days,,,Philips,High,,0.0,Average,Medium,29.262841619144833,12.226696832579185,29.262841619144833,Very High,,0.08174820516616091
office chair ergonomic,HP office chair ergonomic Model 267,46662.0,,3.0,359.0,reliance digital,,2 days,,,HP,High,,0.0,Average,Low,17.658312094350467,129.61666666666667,17.658312094350467,Very High,,0.007693461629128003
office chair ergonomic,Dell office chair ergonomic Model 173,18061.0,,4.3,4758.0,flipkart,,free delivery,,,Dell,Medium,,0.0,Good,High,36.41150921682077,3.7951250262660223,36.41150921682077,Very High,,0.26342597718967997
office chair ergonomic,Samsung office chair ergonomic Model 351,37724.0,,2.6,3723.0,reliance digital,,5 days,,,Samsung,High,,0.0,Poor,High,21.37863945983209,10.129967776584317,21.37863945983209,Very High,,0.09868787276341948
power bank fast charging,Dell power bank fast charging Model 614,44089.0,,3.8,200.0,flipkart,,free delivery,,,Dell,High,,0.0,Average,Low,20.15255865062449,219.34825870646767,20.15255865062449,Very High,,0.004536176003628941
office chair ergonomic,Nike office chair ergonomic Model 977,41365.0,,3.8,1093.0,croma,,free delivery,,,Nike,High,,0.0,Average,Medium,26.59086473533132,37.81078610603291,26.59086473533132,Very High,,0.02642266595754968
microwave oven convection,LG microwave oven convection Model 911,15783.0,,3.8,2230.0,amazon,,5 days,,,LG,Medium,,0.0,Average,Medium,29.29877973884362,7.074406095921112,29.29877973884362,Very High,,0.14128231120121643
microwave oven convection,HP microwave oven convection Model 190,36826.0,,2.5,320.0,amazon,,5 days,,,HP,High,,0.0,Poor,Low,14.42860280782504,114.72274143302181,14.42860280782504,Very High,,0.008689276889238874
men running shoes,Sony men running shoes Model 605,25061.0,,2.9,418.0,croma,,2 days,,,Sony,High,,0.0,Poor,Low,17.509825667774198,59.81145584725537,17.509825667774198,Very High,,0.016678636980288885
power bank fast charging,Philips power bank fast charging Model 994,36273.0,,3.6,1514.0,reliance digital,,5 days,,,Philips,High,,0.0,Average,Medium,26.36341458459649,23.942574257425743,26.36341458459649,Very High,,0.0417378838837735
office chair ergonomic,Samsung office chair ergonomic Model 796,7217.0,,4.3,4830.0,reliance digital,,2 days,,,Samsung,Low,,0.0,Good,High,36.476077687583945,1.4938936038087351,36.476077687583945,Very High,,0.6691604322527016
men running shoes,Samsung men running shoes Model 565,33380.0,,2.6,2274.0,reliance digital,,5 days,,,Samsung,High,,0.0,Poor,Medium,20.09731186160113,14.672527472527472,20.09731186160113,Very High,,0.06812258470387346
power bank fast charging,Philips power bank fast charging Model 567,42951.0,,4.2,2692.0,reliance digital,,5 days,,,Philips,High,,0.0,Good,Medium,33.17332658980872,15.949127367248423,33.17332658980872,Very High,,0.06267461352207115
office chair ergonomic,Nike office chair ergonomic Model 620,23961.0,,3.7,913.0,reliance digital,,free delivery,,,Nike,Medium,,0.0,Average,Low,25.225973114380356,26.21553610503282,25.225973114380356,Very High,,0.038101994825139804
office chair ergonomic,Sony office chair ergonomic Model 822,25061.0,,4.1,4670.0,amazon,,free delivery,,,Sony,High,,0.0,Good,High,34.64142668805864,5.365232284307429,34.64142668805864,Very High,,0.18633788205250978
power bank fast charging,Philips power bank fast charging Model 275,49516.0,,4.7,571.0,croma,,free delivery,,,Philips,High,,0.0,Excellent,Low,29.84095325948505,86.56643356643356,29.84095325948505,Very High,,0.01153139325888079
office chair ergonomic,Boat office chair ergonomic Model 912,13315.0,,2.7,3479.0,amazon,,2 days,,,Boat,Medium,,0.0,Poor,High,22.017926446475006,3.8261494252873565,22.017926446475006,Very High,,0.2612646440372484
men running shoes,HP men running shoes Model 889,46591.0,,5.0,4088.0,flipkart,,5 days,,,HP,High,,0.0,Excellent,High,41.58027860182322,11.39422841770604,41.58027860182322,Very High,,0.08774038461538461
microwave oven convection,Philips microwave oven convection Model 811,265610.0,,4.3,4360.0,croma,,2 days,,,Philips,Very High,,0.0,Good,High,36.03596367172389,60.90575556065123,36.03596367172389,Very High,,0.0164149828132118
air fryer India,Philips air fryer India Model 811,24354.0,,2.7,3500.0,reliance digital,,2 days,,,Philips,Medium,,0.0,Poor,High,22.0341705865776,6.956298200514139,22.0341705865776,Very High,,0.1437076575651817
microwave oven convection,Puma microwave oven convection Model 599,25806.0,,4.3,2331.0,flipkart,,free delivery,,,Puma,High,,0.0,Good,Medium,33.344270654122646,11.066037735849056,33.344270654122646,Very High,,0.09032433060797458
air fryer India,HP air fryer India Model 506,5202.0,,3.6,2195.0,croma,,2 days,,,HP,Low,,0.0,Average,Medium,27.699814089465917,2.3688524590163933,27.699814089465917,Very High,,0.42187199692485106
microwave oven convection,Samsung microwave oven convection Model 571,10268.0,,4.7,3228.0,flipkart,,2 days,,,Samsung,Medium,,0.0,Excellent,High,37.97566052256389,3.179931867451223,37.97566052256389,Very High,,0.3143441425650015
air fryer India,HP air fryer India Model 838,47909.0,,4.6,2214.0,amazon,,5 days,,,HP,High,,0.0,Excellent,Medium,35.43383533940448,21.629345372460495,35.43383533940448,Very High,,0.04621164683782091
air fryer India,Sony air fryer India Model 333,25061.0,,3.3,609.0,croma,,free delivery,,,Sony,High,,0.0,Average,Low,21.16441455865228,41.08360655737705,21.16441455865228,Very High,,0.024299736653100312
air fryer India,Puma air fryer India Model 766,5958.0,,3.4,494.0,flipkart,,2 days,,,Puma,Low,,0.0,Average,Low,21.095496392733548,12.036363636363637,21.095496392733548,Very High,,0.08289981540526933
men running shoes,Dell men running shoes Model 874,10730.0,,2.5,1422.0,reliance digital,,2 days,,,Dell,Medium,,0.0,Poor,Medium,18.15130649522463,7.540407589599438,18.15130649522463,Very High,,0.13251327928431647
men running shoes,Philips men running shoes Model 202,14611.0,,2.7,4839.0,croma,,free delivery,,,Philips,Medium,,0.0,Poor,High,22.90860899921883,3.018801652892562,22.90860899921883,Very High,,0.33116616479605804
power bank fast charging,Boat power bank fast charging Model 718,32604.0,,3.8,2491.0,croma,,free delivery,,,Boat,High,,0.0,Average,Medium,29.719195343647904,13.08346709470305,29.719195343647904,Very High,,0.07639932525686244
men running shoes,Philips men running shoes Model 793,9884.0,,3.1,1285.0,croma,,free delivery,,,Philips,Low,,0.0,Average,Medium,22.19380490487245,7.685847589424572,22.19380490487245,Very High,,0.12999494183105717
microwave oven convection,Nike microwave oven convection Model 519,25061.0,,4.7,3824.0,flipkart,,2 days,,,Nike,High,,0.0,Excellent,High,38.771774607424994,6.5518954248366015,38.771774607424994,Very High,,0.1525815976378581
office chair ergonomic,Dell office chair ergonomic Model 304,19464.0,,3.8,1826.0,amazon,,5 days,,,Dell,Medium,,0.0,Average,Medium,28.539636114236423,10.653530377668309,28.539636114236423,Very High,,0.09380940148985359
microwave oven convection,Boat microwave oven convection Model 657,37648.0,,3.6,249.0,croma,,2 days,,,Boat,High,,0.0,Average,Low,19.877259304304086,150.592,19.877259304304086,Very High,,0.006613721479986188
office chair ergonomic,Samsung office chair ergonomic Model 705,42565.0,,3.8,1017.0,amazon,,free delivery,,,Samsung,High,,0.0,Average,Medium,26.317261749019778,41.81237721021611,26.317261749019778,Very High,,0.023892308415167034
power bank fast charging,LG power bank fast charging Model 718,39901.0,,3.2,2296.0,reliance digital,,5 days,,,LG,High,,0.0,Average,Medium,24.765949448605113,17.37091858946452,24.765949448605113,Very High,,0.05754097538970478
power bank fast charging,Dell power bank fast charging Model 936,45006.0,,4.1,3694.0,flipkart,,5 days,,,Dell,High,,0.0,Good,High,33.680416916867436,12.180243572395128,33.680416916867436,Very High,,0.08207612149221233
microwave oven convection,Boat microwave oven convection Model 652,25061.0,,4.0,1801.0,amazon,,free delivery,,,Boat,High,,0.0,Good,Medium,29.986609752673132,13.907325194228635,29.986609752673132,Very High,,0.0718617827787088
microwave oven convection,Puma microwave oven convection Model 435,13475.0,,4.5,1862.0,amazon,,free delivery,,,Puma,Medium,,0.0,Excellent,Medium,33.88474516770715,7.232957595276436,33.88474516770715,Very High,,0.1381715642623924
power bank fast charging,HP power bank fast charging Model 544,2627.0,,4.7,512.0,amazon,,free delivery,,,HP,Low,,0.0,Excellent,Low,29.329296472302616,5.120857699805068,29.329296472302616,High,,0.1948249619482496
office chair ergonomic,Boat office chair ergonomic Model 509,7810.0,,2.9,3143.0,croma,,2 days,,,Boat,Low,,0.0,Poor,High,23.35442834529238,2.4840966921119594,23.35442834529238,Very High,,0.4023812572013827
air fryer India,HP air fryer India Model 624,25061.0,,4.3,1573.0,flipkart,,2 days,,,HP,High,,0.0,Good,Medium,31.653914344602597,15.921855146124523,31.653914344602597,Very High,,0.06276434442582396
power bank fast charging,Nike power bank fast charging Model 863,39057.0,,4.1,1310.0,reliance digital,,5 days,,,Nike,High,,0.0,Good,Medium,29.43203648343117,29.791762013729976,29.43203648343117,Very High,,0.033539863792308874
air fryer India,Samsung air fryer India Model 438,25061.0,,4.6,1497.0,flipkart,,free delivery,,,Samsung,High,,0.0,Excellent,Medium,33.63467635475495,16.729639519359147,33.63467635475495,Very High,,0.05973186497486234
microwave oven convection,Nike microwave oven convection Model 798,13302.0,,3.0,4736.0,croma,,free delivery,,,Nike,Medium,,0.0,Average,High,25.389477908771255,2.8081063964534514,25.389477908771255,Very High,,0.3560099225738555
office chair ergonomic,LG office chair ergonomic Model 482,27778.0,,3.7,1253.0,flipkart,,2 days,,,LG,High,,0.0,Average,Medium,26.396146768413608,22.151515151515152,26.396146768413608,Very High,,0.045106015335325246
men running shoes,Dell men running shoes Model 980,26143.0,,4.3,3563.0,amazon,,free delivery,,,Dell,High,,0.0,Good,High,35.16814679094001,7.335297418630752,35.16814679094001,Very High,,0.13628365973072215
men running shoes,Samsung men running shoes Model 804,37654.0,,2.9,4091.0,reliance digital,,5 days,,,Samsung,High,,0.0,Poor,High,24.1186884685074,9.201857282502443,24.1186884685074,Very High,,0.10864427034922321
power bank fast charging,LG power bank fast charging Model 629,17478.0,,3.8,835.0,reliance digital,,2 days,,,LG,Medium,,0.0,Average,Low,25.568788729721867,20.906698564593302,25.568788729721867,Very High,,0.04777161164826363
power bank fast charging,Philips power bank fast charging Model 367,25061.0,,3.1,587.0,flipkart,,5 days,,,Philips,High,,0.0,Average,Low,19.767853538485745,42.62074829931973,19.767853538485745,Very High,,0.02342191365413774
air fryer India,Puma air fryer India Model 888,32658.0,,3.4,3151.0,reliance digital,,free delivery,,,Puma,High,,0.0,Average,High,27.389694333324414,10.361040609137056,27.389694333324414,Very High,,0.09648182736764752
power bank fast charging,Sony power bank fast charging Model 453,33355.0,,3.6,1888.0,amazon,,5 days,,,Sony,High,,0.0,Average,Medium,27.157690323005433,17.65749073583907,27.157690323005433,Very High,,0.056601510972538675
air fryer India,Sony air fryer India Model 957,39483.0,,3.6,3781.0,flipkart,,2 days,,,Sony,High,,0.0,Average,High,29.65682969718625,10.439714436805923,29.65682969718625,Very High,,0.09576030797284976
air fryer India,Dell air fryer India Model 753,6992.0,,4.4,1002.0,flipkart,,2 days,,,Dell,Low,,0.0,Good,Medium,30.40730346703252,6.971086739780658,30.40730346703252,Very High,,0.14328614328614328
office chair ergonomic,Sony office chair ergonomic Model 657,41830.0,,3.5,660.0,reliance digital,,2 days,,,Sony,High,,0.0,Average,Low,22.7281384394809,63.28290468986384,22.7281384394809,Very High,,0.015777772465396477
microwave oven convection,Sony microwave oven convection Model 482,7782.0,,3.3,2054.0,croma,,2 days,,,Sony,Low,,0.0,Average,Medium,25.172502718870103,3.7868613138686134,25.172502718870103,Very High,,0.2639085185661056
office chair ergonomic,Philips office chair ergonomic Model 288,25061.0,,3.6,4383.0,reliance digital,,5 days,,,Philips,High,,0.0,Average,High,30.188580583060265,5.716468978102189,30.188580583060265,Very High,,0.17488628202058895
office chair ergonomic,Philips office chair ergonomic Model 414,12081.0,,3.2,1965.0,amazon,,free delivery,,,Philips,Medium,,0.0,Average,Medium,24.268020162262758,6.144964394710072,24.268020162262758,Very High,,0.1626386359874193
men running shoes,Sony men running shoes Model 620,27675.0,,2.8,2671.0,flipkart,,2 days,,,Sony,High,,0.0,Poor,Medium,22.0936310970383,10.357410179640718,22.0936310970383,Very High,,0.09650961121549356
air fryer India,HP air fryer India Model 412,25061.0,,4.5,1293.0,croma,,5 days,,,HP,High,,0.0,Excellent,Medium,32.2447206377738,19.367078825347757,32.2447206377738,Very High,,0.05159205171175485
air fryer India,Samsung air fryer India Model 295,25061.0,,3.8,0.0,reliance digital,,2 days,,,Samsung,High,,0.0,Average,No Reviews,0.0,25061.0,0.0,Very High,,0.0
men running shoes,LG men running shoes Model 675,8539.0,,2.8,1189.0,reliance digital,,2 days,,,LG,Low,,0.0,Poor,Medium,19.82878404109561,7.175630252100841,19.82878404109561,Very High,,0.1392271662763466
office chair ergonomic,Nike office chair ergonomic Model 559,25061.0,,3.7,3147.0,reliance digital,,2 days,,,Nike,High,,0.0,Average,High,29.80173365528799,7.9609275730622615,29.80173365528799,Very High,,0.1255685898970553
air fryer India,Puma air fryer India Model 882,25061.0,,3.8,4009.0,flipkart,,free delivery,,,Puma,High,,0.0,Average,High,31.526876777142334,6.249625935162094,31.526876777142334,Very High,,0.1599632910382252
office chair ergonomic,Nike office chair ergonomic Model 213,38033.0,,3.0,2660.0,croma,,free delivery,,,Nike,High,,0.0,Average,Medium,23.659371812933067,14.292747087561068,23.659371812933067,Very High,,0.06993742440973866
microwave oven convection,HP microwave oven convection Model 317,36440.0,,3.3,3468.0,reliance digital,,free delivery,,,HP,High,,0.0,Average,High,26.90035143500017,10.504468146439896,26.90035143500017,Very High,,0.09516753107763233
office chair ergonomic,HP office chair ergonomic Model 478,25061.0,,3.5,89.0,croma,,5 days,,,HP,High,,0.0,Average,Low,15.749333846155928,278.4555555555556,15.749333846155928,Very High,,0.003551193041257681
office chair ergonomic,Nike office chair ergonomic Model 206,7079.0,,3.8,3238.0,amazon,,free delivery,,,Nike,Low,,0.0,Average,High,30.71547569285105,2.1855510960172895,30.71547569285105,Very High,,0.45734463276836157
office chair ergonomic,LG office chair ergonomic Model 859,44020.0,,3.4,4622.0,reliance digital,,free delivery,,,LG,High,,0.0,Average,High,28.691917021559966,9.521955440190352,28.691917021559966,Very High,,0.10499534313168715
power bank fast charging,HP power bank fast charging Model 880,48374.0,,3.8,2179.0,reliance digital,,2 days,,,HP,High,,0.0,Average,Medium,29.21090459197591,22.189908256880734,29.21090459197591,Very High,,0.04504392764857881
office chair ergonomic,Nike office chair ergonomic Model 716,6599.0,,4.4,1617.0,flipkart,,free delivery,,,Nike,Low,,0.0,Good,Medium,32.511362829521126,4.07849196538937,32.511362829521126,Very High,,0.245
men running shoes,Nike men running shoes Model 830,14871.0,,4.6,187.0,amazon,,2 days,,,Nike,Medium,,0.0,Excellent,Low,24.087633029017766,79.10106382978724,24.087633029017766,Very High,,0.01257396449704142
office chair ergonomic,Boat office chair ergonomic Model 688,2783.0,,3.1,1997.0,reliance digital,,5 days,,,Boat,Low,,0.0,Average,Medium,23.559696073546345,1.392892892892893,23.559696073546345,High,,0.7173132183908046
power bank fast charging,Philips power bank fast charging Model 262,20128.0,,4.6,1331.0,reliance digital,,2 days,,,Philips,Medium,,0.0,Excellent,Medium,33.094409515061535,15.11111111111111,33.094409515061535,Very High,,0.06612350340305033
power bank fast charging,Boat power bank fast charging Model 942,42017.0,,3.2,4463.0,reliance digital,,free delivery,,,Boat,High,,0.0,Average,High,26.89216161299567,9.412410394265233,26.89216161299567,Very High,,0.10621638345470989
air fryer India,Dell air fryer India Model 679,41000.0,,3.0,4008.0,flipkart,,free delivery,,,Dell,High,,0.0,Average,High,24.888891337927525,10.226989274133201,24.888891337927525,Very High,,0.09775371332406527
power bank fast charging,Samsung power bank fast charging Model 221,25061.0,,2.7,4394.0,croma,,5 days,,,Samsung,High,,0.0,Poor,High,22.64820158732205,5.702161547212742,22.64820158732205,Very High,,0.17532519352007023
office chair ergonomic,Philips office chair ergonomic Model 808,25061.0,,5.0,3347.0,amazon,,2 days,,,Philips,High,,0.0,Excellent,High,40.58059215804683,7.485364396654719,40.58059215804683,Very High,,0.13354879897853325
air fryer India,Sony air fryer India Model 449,37450.0,,2.6,4046.0,reliance digital,,free delivery,,,Sony,High,,0.0,Poor,High,21.594900976677252,9.25376822337534,21.594900976677252,Very High,,0.10803449841125738
air fryer India,Samsung air fryer India Model 811,8748.0,,3.9,0.0,amazon,,2 days,,,Samsung,Low,,0.0,Average,No Reviews,0.0,8748.0,0.0,Very High,,0.0
microwave oven convection,Boat microwave oven convection Model 555,40310.0,,3.7,0.0,croma,,5 days,,,Boat,High,,0.0,Average,No Reviews,0.0,40310.0,0.0,Very High,,0.0
men running shoes,Samsung men running shoes Model 152,25061.0,,4.5,4319.0,flipkart,,2 days,,,Samsung,High,,0.0,Excellent,High,37.6695480655717,5.801157407407407,37.6695480655717,Very High,,0.172332615114516
power bank fast charging,Sony power bank fast charging Model 485,14257.0,,3.3,4586.0,flipkart,,5 days,,,Sony,Medium,,0.0,Average,High,27.822238932170663,3.1081316764770004,27.822238932170663,Very High,,0.32164398933931826
office chair ergonomic,Boat office chair ergonomic Model 957,30490.0,,2.9,4951.0,flipkart,,5 days,,,Boat,High,,0.0,Poor,High,24.67188576165685,6.157108239095315,24.67188576165685,Very High,,0.16237578301793973
power bank fast charging,Philips power bank fast charging Model 713,33479.0,,3.5,1868.0,croma,,5 days,,,Philips,High,,0.0,Average,Medium,26.36605582609447,17.91278758694489,26.36605582609447,Very High,,0.05579450418160096
power bank fast charging,Samsung power bank fast charging Model 126,25061.0,,4.7,3626.0,reliance digital,,free delivery,,,Samsung,High,,0.0,Excellent,High,38.52195735462964,6.909567135373587,38.52195735462964,Very High,,0.14468119064719495
air fryer India,Philips air fryer India Model 632,25061.0,,3.1,741.0,amazon,,2 days,,,Philips,High,,0.0,Average,Low,20.48898265381888,33.774932614555254,20.48898265381888,Very High,,0.02956667464687575
men running shoes,Philips men running shoes Model 197,16859.0,,2.9,3991.0,amazon,,5 days,,,Philips,Medium,,0.0,Poor,High,24.046938148550925,4.223196392785571,24.046938148550925,Very High,,0.2367141162514828
men running shoes,Boat men running shoes Model 599,38659.0,,4.1,3508.0,flipkart,,5 days,,,Boat,High,,0.0,Good,High,33.468654139891186,11.017098888572242,33.468654139891186,Very High,,0.09073978272115882
men running shoes,HP men running shoes Model 842,36141.0,,4.4,523.0,croma,,2 days,,,HP,High,,0.0,Good,Low,27.550563411012586,68.97137404580153,27.550563411012586,Very High,,0.01447069890985557
office chair ergonomic,Dell office chair ergonomic Model 675,39908.0,,3.8,1019.0,amazon,,2 days,,,Dell,High,,0.0,Average,Medium,26.324720043857603,39.12549019607843,26.324720043857603,Very High,,0.025533087774687414
microwave oven convection,Dell microwave oven convection Model 991,2702.0,,4.1,1510.0,amazon,,free delivery,,,Dell,Low,,0.0,Good,Medium,30.01416054531823,1.788219722038385,30.01416054531823,High,,0.5586385497595264
office chair ergonomic,Dell office chair ergonomic Model 968,27549.0,,3.7,1702.0,amazon,,2 days,,,Dell,High,,0.0,Average,Medium,27.52854271845195,16.176746917204934,27.52854271845195,Very High,,0.06177858439201452
office chair ergonomic,Philips office chair ergonomic Model 629,32891.0,,3.8,2641.0,flipkart,,free delivery,,,Philips,High,,0.0,Average,Medium,29.941307643312626,12.449280847842543,29.941307643312626,Very High,,0.08029308038428798
men running shoes,LG men running shoes Model 114,25061.0,,2.7,2202.0,reliance digital,,2 days,,,LG,High,,0.0,Poor,Medium,20.783453436366326,11.375851112119836,20.783453436366326,Very High,,0.08786210198707206
microwave oven convection,HP microwave oven convection Model 573,31490.0,,3.1,3081.0,amazon,,2 days,,,HP,High,,0.0,Average,High,24.90333544922819,10.217391304347826,24.90333544922819,Very High,,0.09783747737448795
men running shoes,LG men running shoes Model 141,4134.0,,3.5,2553.0,reliance digital,,2 days,,,LG,Low,,0.0,Average,Medium,27.458956128073698,1.6186374314800314,27.458956128073698,Very High,,0.6174123337363966
men running shoes,LG men running shoes Model 731,48627.0,,4.0,2347.0,reliance digital,,2 days,,,LG,High,,0.0,Good,Medium,31.045276723791947,20.709965928449744,31.045276723791947,Very High,,0.04826437443448219
microwave oven convection,Sony microwave oven convection Model 676,41297.0,,4.3,2957.0,croma,,5 days,,,Sony,High,,0.0,Good,Medium,34.3667551660642,13.961122379986477,34.3667551660642,Very High,,0.07160153034045232
men running shoes,Boat men running shoes Model 946,39259.0,,3.6,3308.0,amazon,,2 days,,,Boat,High,,0.0,Average,High,29.175844708517808,11.864309459051073,29.175844708517808,Very High,,0.08425878757004585
men running shoes,Boat men running shoes Model 401,25061.0,,4.4,3883.0,reliance digital,,free delivery,,,Boat,High,,0.0,Good,High,36.36433164940935,6.4523686920700305,36.36433164940935,Very High,,0.1549357593168941
men running shoes,Dell men running shoes Model 200,4014.0,,3.4,3811.0,flipkart,,2 days,,,Dell,Low,,0.0,Average,High,28.036091500231915,1.05299055613851,28.036091500231915,Very High,,0.9491905354919054
power bank fast charging,Samsung power bank fast charging Model 878,9900.0,,3.4,3076.0,croma,,5 days,,,Samsung,Low,,0.0,Average,High,27.307815276094942,3.2174195645108874,27.307815276094942,Very High,,0.31067568932431067
air fryer India,Nike air fryer India Model 258,7313.0,,4.8,4820.0,amazon,,5 days,,,Nike,Low,,0.0,Excellent,High,40.70753594114698,1.516905206388716,40.70753594114698,Very High,,0.6590101175827181
men running shoes,Dell men running shoes Model 244,23673.0,,4.5,3927.0,croma,,2 days,,,Dell,Medium,,0.0,Excellent,High,37.2414855126346,6.02673116089613,37.2414855126346,Very High,,0.16587817859254878
men running shoes,HP men running shoes Model 771,21140.0,,3.7,2215.0,amazon,,5 days,,,HP,Medium,,0.0,Average,Medium,28.50279847710855,9.53971119133574,28.50279847710855,Very High,,0.10477271652239724
microwave oven convection,Boat microwave oven convection Model 219,19893.0,,3.5,3165.0,amazon,,5 days,,,Boat,Medium,,0.0,Average,High,28.21078484154335,6.283322804801011,28.21078484154335,Very High,,0.15909319392781743
office chair ergonomic,Nike office chair ergonomic Model 852,25061.0,,2.6,0.0,reliance digital,,2 days,,,Nike,High,,0.0,Poor,No Reviews,0.0,25061.0,0.0,Very High,,0.0
microwave oven convection,Dell microwave oven convection Model 150,29474.0,,2.5,3901.0,croma,,2 days,,,Dell,High,,0.0,Poor,High,20.67311130295764,7.553562275756023,20.67311130295764,Very High,,0.13234944868532655
microwave oven convection,LG microwave oven convection Model 304,23499.0,,2.6,4843.0,amazon,,2 days,,,LG,Medium,,0.0,Poor,High,22.062289872149755,4.851156069364162,22.062289872149755,Very High,,0.20608510638297872
air fryer India,Dell air fryer India Model 406,580.0,,5.0,4288.0,reliance digital,,free delivery,,,Dell,Low,,0.0,Excellent,High,41.8190444225844,0.1352296572627652,41.8190444225844,Medium,,7.380378657487091
power bank fast charging,Samsung power bank fast charging Model 292,2027.0,,5.0,939.0,amazon,,5 days,,,Samsung,Low,,0.0,Excellent,Low,34.229399376320245,2.1563829787234043,34.229399376320245,High,,0.4630177514792899
office chair ergonomic,LG office chair ergonomic Model 239,38994.0,,3.0,2868.0,reliance digital,,5 days,,,LG,High,,0.0,Average,Medium,23.885156447944095,13.59149529452771,23.885156447944095,Very High,,0.07354789075522503
office chair ergonomic,Philips office chair ergonomic Model 666,31575.0,,5.0,1871.0,reliance digital,,2 days,,,Philips,High,,0.0,Excellent,Medium,37.673813285187684,16.86698717948718,37.673813285187684,Very High,,0.05925386369394477
microwave oven convection,HP microwave oven convection Model 268,3182.0,,3.3,278.0,flipkart,,free delivery,,,HP,Low,,0.0,Average,Low,18.582998880010503,11.405017921146953,18.582998880010503,Very High,,0.08733898837574615
men running shoes,Philips men running shoes Model 842,33315.0,,3.7,1768.0,amazon,,free delivery,,,Philips,High,,0.0,Average,Medium,27.669227868391207,18.832673827020916,27.669227868391207,Very High,,0.05306759514947773
office chair ergonomic,Samsung office chair ergonomic Model 950,41261.0,,4.0,808.0,flipkart,,5 days,,,Samsung,High,,0.0,Good,Low,26.783195668233965,51.002472187886276,26.783195668233965,Very High,,0.019582182153070622
power bank fast charging,HP power bank fast charging Model 514,23139.0,,3.5,3129.0,amazon,,2 days,,,HP,Medium,,0.0,Average,High,28.170758992369695,7.392651757188498,28.170758992369695,Very High,,0.13522039757994814
power bank fast charging,Boat power bank fast charging Model 872,41853.0,,3.9,762.0,amazon,,2 days,,,Boat,High,,0.0,Average,Low,25.88530632200938,54.85321100917431,25.88530632200938,Very High,,0.018206145171309793
microwave oven convection,Puma microwave oven convection Model 666,12418.0,,3.5,4483.0,reliance digital,,free delivery,,,Puma,Medium,,0.0,Average,High,29.428947744672175,2.769402319357716,29.428947744672175,Very High,,0.36097914485868426
air fryer India,Nike air fryer India Model 114,509.0,,3.8,3324.0,reliance digital,,2 days,,,Nike,Low,,0.0,Average,High,30.815054821741825,0.1530827067669173,30.815054821741825,Medium,,6.517647058823529
air fryer India,Dell air fryer India Model 326,21328.0,,4.5,2894.0,amazon,,2 days,,,Dell,Medium,,0.0,Excellent,Medium,35.86833175503193,7.3671848013816925,35.86833175503193,Very High,,0.13568381077406347
office chair ergonomic,Puma office chair ergonomic Model 149,48111.0,,4.1,96.0,croma,,free delivery,,,Puma,High,,0.0,Good,Low,18.75631501186387,495.9896907216495,18.75631501186387,Very High,,0.0019953441968739607
microwave oven convection,Nike microwave oven convection Model 989,33750.0,,3.1,4457.0,reliance digital,,free delivery,,,Nike,High,,0.0,Average,High,26.047612093232022,7.570659488559892,26.047612093232022,Very High,,0.1320553465082516
microwave oven convection,Puma microwave oven convection Model 243,7911.0,,4.3,3020.0,reliance digital,,2 days,,,Puma,Low,,0.0,Good,High,34.45737567996269,2.618669314796425,34.45737567996269,Very High,,0.38169868554095043
power bank fast charging,Boat power bank fast charging Model 254,4855.0,,4.8,2336.0,reliance digital,,free delivery,,,Boat,Low,,0.0,Excellent,Medium,37.23179200578652,2.07744972186564,37.23179200578652,Very High,,0.48105436573311366
microwave oven convection,Philips microwave oven convection Model 132,110800.0,,3.8,4460.0,croma,,free delivery,,,Philips,Very High,,0.0,Average,High,31.931887293487403,24.837480385563776,31.931887293487403,Very High,,0.040252344292921544
office chair ergonomic,Dell office chair ergonomic Model 448,44077.0,,5.0,4078.0,flipkart,,free delivery,,,Dell,High,,0.0,Excellent,High,41.568035696587785,10.805834763422407,41.568035696587785,Very High,,0.09251780933799174
office chair ergonomic,Philips office chair ergonomic Model 849,5498.0,,2.9,1932.0,amazon,,free delivery,,,Philips,Low,,0.0,Poor,Medium,21.94380258970416,2.8442834971546818,21.94380258970416,Very High,,0.3513366066557556
office chair ergonomic,Philips office chair ergonomic Model 137,10015.0,,3.8,2426.0,flipkart,,free delivery,,,Philips,Medium,,0.0,Average,Medium,29.618762581761082,4.1264936135146275,29.618762581761082,Very High,,0.24221246006389777
power bank fast charging,Philips power bank fast charging Model 586,25061.0,,2.9,1312.0,flipkart,,5 days,,,Philips,High,,0.0,Poor,Medium,20.822202635478106,19.086824067022086,20.822202635478106,Very High,,0.05235017157449525
men running shoes,Puma men running shoes Model 575,24405.0,,3.2,3131.0,reliance digital,,free delivery,,,Puma,Medium,,0.0,Average,High,25.758166582754225,7.792145593869732,25.758166582754225,Very High,,0.12828812587068752
men running shoes,LG men running shoes Model 503,13904.0,,3.7,3400.0,croma,,2 days,,,LG,Medium,,0.0,Average,High,30.087751704526625,4.0882093501911205,30.087751704526625,Very High,,0.24451636102121538
air fryer India,HP air fryer India Model 491,12698.0,,3.8,3540.0,reliance digital,,free delivery,,,HP,Medium,,0.0,Average,High,31.054224918025234,3.585992657441401,31.054224918025234,Very High,,0.2787621072525396
men running shoes,Dell men running shoes Model 997,12597.0,,4.2,3096.0,amazon,,5 days,,,Dell,Medium,,0.0,Good,High,33.76039455588746,4.067484662576687,33.76039455588746,Very High,,0.24575329417367836
microwave oven convection,LG microwave oven convection Model 638,4845.0,,4.5,2320.0,croma,,5 days,,,LG,Low,,0.0,Excellent,Medium,34.87389032823497,2.087462300732443,34.87389032823497,Very High,,0.47874535699546017
men running shoes,Dell men running shoes Model 968,25061.0,,3.1,1233.0,reliance digital,,2 days,,,Dell,High,,0.0,Average,Medium,22.065850233842536,20.308752025931927,22.065850233842536,Very High,,0.04919798898731147
power bank fast charging,Dell power bank fast charging Model 238,15091.0,,4.1,1955.0,croma,,free delivery,,,Dell,Medium,,0.0,Good,Medium,31.072493087438524,7.715235173824131,31.072493087438524,Very High,,0.12953882851842036
office chair ergonomic,LG office chair ergonomic Model 100,7656.0,,4.7,778.0,croma,,5 days,,,LG,Low,,0.0,Excellent,Low,31.29265191559252,9.82798459563543,31.29265191559252,Very High,,0.10160637325323234
air fryer India,Nike air fryer India Model 886,242370.0,,4.7,745.0,flipkart,,5 days,,,Nike,Very High,,0.0,Excellent,Low,31.089210320957676,324.89276139410185,31.089210320957676,Very High,,0.0030738000833433043
air fryer India,LG air fryer India Model 521,3501.0,,2.7,4874.0,flipkart,,2 days,,,LG,Low,,0.0,Poor,High,22.92806353526626,0.7181538461538461,22.92806353526626,Very High,,1.391776127926899
office chair ergonomic,Samsung office chair ergonomic Model 134,2841.0,,3.7,3132.0,croma,,5 days,,,Samsung,Low,,0.0,Average,High,29.784061276523108,0.9067985955952761,29.784061276523108,High,,1.1020408163265305
men running shoes,Philips men running shoes Model 661,4516.0,,4.6,1771.0,flipkart,,2 days,,,Philips,Low,,0.0,Excellent,Medium,34.40737500335912,2.5485327313769752,34.40737500335912,Very High,,0.3920743856541953
microwave oven convection,Puma microwave oven convection Model 387,27730.0,,2.7,3521.0,croma,,5 days,,,Puma,High,,0.0,Poor,High,22.05031758045161,7.873367404883589,22.05031758045161,Very High,,0.12696981717211783
air fryer India,Philips air fryer India Model 575,1010.0,,3.3,2030.0,flipkart,,2 days,,,Philips,Low,,0.0,Average,Medium,25.13373575321527,0.49729197439684886,25.13373575321527,Medium,,2.0079129574678536
power bank fast charging,HP power bank fast charging Model 829,21387.0,,3.4,3884.0,reliance digital,,5 days,,,HP,Medium,,0.0,Average,High,28.10058609352594,5.505019305019305,28.10058609352594,Very High,,0.18159715728445858
microwave oven convection,Sony microwave oven convection Model 479,229950.0,,4.3,594.0,reliance digital,,free delivery,,,Sony,Very High,,0.0,Good,Low,27.470814043846207,386.47058823529414,27.470814043846207,Very High,,0.0025831590208348736
office chair ergonomic,HP office chair ergonomic Model 981,10915.0,,3.5,2068.0,amazon,,free delivery,,,HP,Medium,,0.0,Average,Medium,26.7218723721094,5.27549540840986,26.7218723721094,Very High,,0.1894466837669476
power bank fast charging,HP power bank fast charging Model 839,37507.0,,3.8,574.0,flipkart,,2 days,,,HP,High,,0.0,Average,Low,24.146606155029932,65.22956521739131,24.146606155029932,Very High,,0.01530340194091927
air fryer India,Boat air fryer India Model 227,31390.0,,2.8,1021.0,flipkart,,free delivery,,,Boat,High,,0.0,Poor,Medium,19.402646958138217,30.714285714285715,19.402646958138217,Very High,,0.03252524608964353
power bank fast charging,HP power bank fast charging Model 322,22563.0,,4.2,658.0,croma,,free delivery,,,HP,Medium,,0.0,Good,Low,27.26103884491053,34.23823975720789,27.26103884491053,Very High,,0.02916149618861904
air fryer India,Samsung air fryer India Model 435,25061.0,,3.8,1347.0,reliance digital,,2 days,,,Samsung,High,,0.0,Average,Medium,27.384233707594557,18.591246290801188,27.384233707594557,Very High,,0.05374670816375389
microwave oven convection,Nike microwave oven convection Model 591,23074.0,,4.1,4557.0,flipkart,,2 days,,,Nike,Medium,,0.0,Good,High,34.54102076020308,5.062308029837648,34.54102076020308,Very High,,0.19748645720476707
office chair ergonomic,Puma office chair ergonomic Model 795,32346.0,,3.8,15.0,flipkart,,5 days,,,Puma,High,,0.0,Average,Low,10.535837144511168,2021.625,10.535837144511168,Very High,,0.00046372151976999414
microwave oven convection,HP microwave oven convection Model 801,1014.0,,4.8,556.0,flipkart,,5 days,,,HP,Low,,0.0,Excellent,Low,30.348313151650963,1.8204667863554758,30.348313151650963,Medium,,0.547783251231527
microwave oven convection,Dell microwave oven convection Model 797,25061.0,,3.8,3318.0,flipkart,,5 days,,,Dell,High,,0.0,Average,High,30.8081914845359,7.550768303705936,30.8081914845359,Very High,,0.13239166866171895
office chair ergonomic,Samsung office chair ergonomic Model 182,21133.0,,2.9,2149.0,reliance digital,,5 days,,,Samsung,Medium,,0.0,Poor,Medium,22.252347051252954,9.829302325581395,22.252347051252954,Very High,,0.10168448944828239
air fryer India,Puma air fryer India Model 123,40736.0,,4.9,4282.0,amazon,,free delivery,,,Puma,High,,0.0,Excellent,High,40.97580399031532,9.511090357226243,40.97580399031532,Very High,,0.10511328767459557
air fryer India,Samsung air fryer India Model 923,20041.0,,4.6,1686.0,reliance digital,,free delivery,,,Samsung,Medium,,0.0,Excellent,Medium,34.181252579711455,11.879668049792532,34.181252579711455,Very High,,0.08412334098393374
office chair ergonomic,Dell office chair ergonomic Model 771,27544.0,,4.4,923.0,flipkart,,5 days,,,Dell,High,,0.0,Good,Low,30.046333115223412,29.80952380952381,30.046333115223412,Very High,,0.03350880377563986
air fryer India,Samsung air fryer India Model 992,27560.0,,4.8,982.0,flipkart,,free delivery,,,Samsung,High,,0.0,Excellent,Low,33.0749237767064,28.036622583926754,33.0749237767064,Very High,,0.035630056964551356
office chair ergonomic,LG office chair ergonomic Model 452,44069.0,,4.5,563.0,reliance digital,,2 days,,,LG,High,,0.0,Excellent,Low,28.507744131741266,78.13652482269504,28.507744131741266,Very High,,0.012775130474245519
men running shoes,Dell men running shoes Model 605,5013.0,,3.8,511.0,flipkart,,free delivery,,,Dell,Low,,0.0,Average,Low,23.705633575150127,9.791015625,23.705633575150127,Very High,,0.10191463901076984
power bank fast charging,Philips power bank fast charging Model 289,13988.0,,3.7,694.0,croma,,2 days,,,Philips,Medium,,0.0,Average,Low,24.212473828589733,20.12661870503597,24.212473828589733,Very High,,0.049610408177854025
men running shoes,Samsung men running shoes Model 544,10486.0,,2.7,2100.0,reliance digital,,5 days,,,Samsung,Medium,,0.0,Poor,Medium,20.655455492281504,4.9909566872917654,20.655455492281504,Very High,,0.20024792600362354
power bank fast charging,Samsung power bank fast charging Model 407,25061.0,,3.0,384.0,reliance digital,,5 days,,,Samsung,High,,0.0,Average,Low,17.859730002863355,65.0935064935065,17.859730002863355,Very High,,0.015322001436437634
microwave oven convection,Sony microwave oven convection Model 712,25061.0,,3.0,2924.0,croma,,free delivery,,,Sony,High,,0.0,Average,Medium,23.943149278997872,8.567863247863247,23.943149278997872,Very High,,0.1166706567712074
air fryer India,Puma air fryer India Model 487,24376.0,,2.7,2426.0,croma,,2 days,,,Puma,Medium,,0.0,Poor,Medium,21.044910255461826,10.043675319324269,21.044910255461826,Very High,,0.0995200393813841
office chair ergonomic,Puma office chair ergonomic Model 894,16173.0,,3.8,3831.0,reliance digital,,5 days,,,Puma,Medium,,0.0,Average,High,31.35434012854485,4.220511482254698,31.35434012854485,Very High,,0.236861629776184
men running shoes,Dell men running shoes Model 708,21749.0,,4.4,3471.0,croma,,2 days,,,Dell,Medium,,0.0,Good,High,35.870938733433064,6.264112903225806,35.870938733433064,Very High,,0.15958620689655173
air fryer India,Dell air fryer India Model 411,2793.0,,4.1,804.0,flipkart,,free delivery,,,Dell,Low,,0.0,Good,Low,27.43245333741611,3.4695652173913043,27.43245333741611,High,,0.2877594846098783
air fryer India,Samsung air fryer India Model 307,28309.0,,3.8,2822.0,reliance digital,,5 days,,,Samsung,High,,0.0,Average,Medium,30.193110627363257,10.027984413744244,30.193110627363257,Very High,,0.09968209113387495
microwave oven convection,LG microwave oven convection Model 544,41392.0,,4.9,4441.0,reliance digital,,free delivery,,,LG,High,,0.0,Excellent,High,41.154414021826426,9.318325078793336,41.154414021826426,Very High,,0.10728867199768077
men running shoes,Dell men running shoes Model 229,49252.0,,2.5,612.0,croma,,free delivery,,,Dell,High,,0.0,Poor,Low,16.04591233984053,80.3458401305057,16.04591233984053,Very High,,0.012425639047367673
power bank fast charging,HP power bank fast charging Model 954,18558.0,,3.1,2253.0,flipkart,,5 days,,,HP,Medium,,0.0,Average,Medium,23.93343125325914,8.233362910381544,23.93343125325914,Very High,,0.12139662697343608
men running shoes,Samsung men running shoes Model 521,15845.0,,3.7,1366.0,reliance digital,,5 days,,,Samsung,Medium,,0.0,Average,Medium,26.715383195878612,11.591075347476226,26.715383195878612,Very High,,0.08620472043417897
microwave oven convection,Nike microwave oven convection Model 578,42039.0,,2.9,3804.0,reliance digital,,5 days,,,Nike,High,,0.0,Poor,High,23.90780668385778,11.048357424441525,23.90780668385778,Very High,,0.09048525214081826
air fryer India,HP air fryer India Model 965,21550.0,,3.8,3219.0,reliance digital,,5 days,,,HP,Medium,,0.0,Average,High,30.69311922644612,6.692546583850931,30.69311922644612,Very High,,0.14936661871838894
air fryer India,Boat air fryer India Model 677,31799.0,,4.5,1392.0,flipkart,,2 days,,,Boat,High,,0.0,Excellent,Medium,32.57646738200913,22.827709978463748,32.57646738200913,Very High,,0.04377358490566038
air fryer India,HP air fryer India Model 976,12662.0,,3.8,1032.0,flipkart,,5 days,,,HP,Medium,,0.0,Average,Medium,26.372845382654624,12.257502420135527,26.372845382654624,Very High,,0.08149727552712627
power bank fast charging,LG power bank fast charging Model 916,36164.0,,4.2,582.0,croma,,5 days,,,LG,High,,0.0,Good,Low,26.74638618267207,62.03087478559177,26.74638618267207,Very High,,0.0160929075072584
air fryer India,Boat air fryer India Model 950,35032.0,,3.9,2261.0,reliance digital,,2 days,,,Boat,High,,0.0,Average,Medium,30.123618161036653,15.487179487179487,30.123618161036653,Very High,,0.0645391488025576
men running shoes,LG men running shoes Model 509,320280.0,,2.9,3271.0,amazon,,free delivery,,,LG,Very High,,0.0,Poor,High,23.47015442339565,97.88508557457213,23.47015442339565,Very High,,0.010212906791223957
office chair ergonomic,Nike office chair ergonomic Model 411,11726.0,,4.3,3164.0,croma,,5 days,,,Nike,Medium,,0.0,Good,High,34.657605838686585,3.7048973143759873,34.657605838686585,Very High,,0.2698047241408715
office chair ergonomic,Boat office chair ergonomic Model 710,8682.0,,4.5,3068.0,flipkart,,free delivery,,,Boat,Low,,0.0,Excellent,High,36.130981745788816,2.8289345063538613,36.130981745788816,Very High,,0.35333410111712543
air fryer India,Samsung air fryer India Model 217,25061.0,,4.2,4838.0,flipkart,,5 days,,,Samsung,High,,0.0,Good,High,35.634746140531945,5.178962595577599,35.634746140531945,Very High,,0.19304125768095123
men running shoes,Boat men running shoes Model 728,25061.0,,2.6,4871.0,croma,,free delivery,,,Boat,High,,0.0,Poor,High,22.077275504413308,5.143883415435139,22.077275504413308,Very High,,0.1943579921793951
men running shoes,Puma men running shoes Model 718,25061.0,,2.7,3002.0,reliance digital,,free delivery,,,Puma,High,,0.0,Poor,High,21.61989108355499,8.345321345321345,21.61989108355499,Very High,,0.1197829383129838
office chair ergonomic,Philips office chair ergonomic Model 400,25061.0,,4.6,3440.0,flipkart,,5 days,,,Philips,High,,0.0,Excellent,High,37.46018006666841,7.283057250799186,37.46018006666841,Very High,,0.13725959620142048
power bank fast charging,HP power bank fast charging Model 949,25061.0,,3.6,4390.0,reliance digital,,2 days,,,HP,High,,0.0,Average,High,30.19432417402218,5.707355955363243,30.19432417402218,Very High,,0.17516558933844067
men running shoes,LG men running shoes Model 951,32489.0,,4.7,1071.0,croma,,2 days,,,LG,High,,0.0,Excellent,Medium,32.793222305664514,30.306902985074625,32.793222305664514,Very High,,0.03296398891966759
microwave oven convection,LG microwave oven convection Model 223,16266.0,,2.6,841.0,flipkart,,2 days,,,LG,Medium,,0.0,Poor,Low,17.51302803703005,19.31828978622328,17.51302803703005,Very High,,0.05169976025081453
microwave oven convection,Sony microwave oven convection Model 208,3190.0,,3.7,3485.0,reliance digital,,free delivery,,,Sony,Low,,0.0,Average,High,30.179087836495878,0.9150889271371199,30.179087836495878,Very High,,1.0921341272328424
power bank fast charging,HP power bank fast charging Model 782,32123.0,,2.6,4498.0,croma,,free delivery,,,HP,High,,0.0,Poor,High,21.870187114987047,7.140031118026228,21.870187114987047,Very High,,0.1400199227991533
office chair ergonomic,Philips office chair ergonomic Model 947,11703.0,,4.5,1804.0,flipkart,,free delivery,,,Philips,Medium,,0.0,Excellent,Medium,33.742421418451414,6.483656509695291,33.742421418451414,Very High,,0.15413533834586465
microwave oven convection,Boat microwave oven convection Model 156,22013.0,,4.8,0.0,croma,,2 days,,,Boat,Medium,,0.0,Excellent,No Reviews,0.0,22013.0,0.0,Very High,,0.0
microwave oven convection,Samsung microwave oven convection Model 262,25061.0,,3.8,329.0,amazon,,2 days,,,Samsung,High,,0.0,Average,Low,22.036552086949996,75.94242424242424,22.036552086949996,Very High,,0.013127443939031203
air fryer India,Puma air fryer India Model 830,45999.0,,3.3,2092.0,reliance digital,,free delivery,,,Puma,High,,0.0,Average,Medium,25.232967284071798,21.9775441949355,25.232967284071798,Very High,,0.04547826086956522
microwave oven convection,Boat microwave oven convection Model 107,25061.0,,3.4,4732.0,amazon,,5 days,,,Boat,High,,0.0,Average,High,28.771869401681244,5.2949503486161,28.771869401681244,Very High,,0.18881174686776794
office chair ergonomic,Nike office chair ergonomic Model 711,39769.0,,4.9,1513.0,reliance digital,,free delivery,,,Nike,High,,0.0,Excellent,Medium,35.880301126587234,26.26750330250991,35.880301126587234,Very High,,0.03804375157153633
air fryer India,Puma air fryer India Model 299,13953.0,,3.8,762.0,flipkart,,free delivery,,,Puma,Medium,,0.0,Average,Low,25.221580518880934,18.287024901703802,25.221580518880934,Very High,,0.054607997706750754
air fryer India,Boat air fryer India Model 191,1312.0,,4.3,3015.0,croma,,free delivery,,,Boat,Low,,0.0,Good,High,34.45025293524974,0.4350132625994695,34.45025293524974,Medium,,2.296268088347296
air fryer India,Puma air fryer India Model 989,286470.0,,4.3,176.0,amazon,,free delivery,,,Puma,Very High,,0.0,Good,Low,22.257443850067464,1618.4745762711864,22.257443850067464,Very High,,0.0006143728335503419
men running shoes,Philips men running shoes Model 825,25061.0,,3.9,2097.0,croma,,2 days,,,Philips,High,,0.0,Average,Medium,29.830085176929344,11.945185891325071,29.830085176929344,Very High,,0.08367249221929615
power bank fast charging,Puma power bank fast charging Model 759,25061.0,,4.9,4497.0,reliance digital,,5 days,,,Puma,High,,0.0,Excellent,High,41.21580184934439,5.571587372165407,41.21580184934439,Very High,,0.17943500119703137
men running shoes,Philips men running shoes Model 691,25061.0,,3.6,2998.0,amazon,,free delivery,,,Philips,High,,0.0,Average,Medium,28.821723043496437,8.356452150716907,28.821723043496437,Very High,,0.11962333413135424
men running shoes,Puma men running shoes Model 682,31925.0,,4.1,504.0,flipkart,,5 days,,,Puma,High,,0.0,Good,Low,25.520689560028973,63.21782178217822,25.520689560028973,Very High,,0.01578650629580906
power bank fast charging,Puma power bank fast charging Model 955,25138.0,,4.7,1783.0,amazon,,2 days,,,Puma,High,,0.0,Excellent,Medium,35.18708257175779,14.090807174887892,35.18708257175779,Very High,,0.07092565336727794
air fryer India,Dell air fryer India Model 426,25678.0,,4.1,3123.0,flipkart,,free delivery,,,Dell,High,,0.0,Good,High,32.99216499493426,8.219590268886044,32.99216499493426,Very High,,0.12161688539273337
office chair ergonomic,Puma office chair ergonomic Model 306,238330.0,,2.6,293.0,flipkart,,5 days,,,Puma,Very High,,0.0,Poor,Low,14.777307395080571,810.6462585034013,14.777307395080571,Very High,,0.001229382665284835
office chair ergonomic,Philips office chair ergonomic Model 358,27382.0,,4.2,2911.0,amazon,,5 days,,,Philips,High,,0.0,Good,Medium,33.50170071912962,9.403159340659341,33.50170071912962,Very High,,0.10630683270642369
power bank fast charging,Dell power bank fast charging Model 384,48358.0,,2.9,3901.0,flipkart,,2 days,,,Dell,High,,0.0,Poor,High,23.98080911143086,12.393131727319323,23.98080911143086,Very High,,0.08066750759941273
microwave oven convection,Dell microwave oven convection Model 261,29727.0,,4.5,729.0,croma,,2 days,,,Dell,High,,0.0,Excellent,Low,29.668700403640965,40.721917808219175,29.668700403640965,Very High,,0.02452233584499462
men running shoes,HP men running shoes Model 481,25061.0,,3.4,0.0,croma,,2 days,,,HP,High,,0.0,Average,No Reviews,0.0,25061.0,0.0,Very High,,0.0
men running shoes,HP men running shoes Model 580,461640.0,,4.0,3916.0,amazon,,2 days,,,HP,Very High,,0.0,Good,High,33.09232533466332,117.85550165943324,33.09232533466332,Very High,,0.008482782075248949
power bank fast charging,Nike power bank fast charging Model 349,40721.0,,3.6,2624.0,croma,,free delivery,,,Nike,High,,0.0,Average,Medium,28.342210230092608,15.512761904761906,28.342210230092608,Very High,,0.06443691370757822
office chair ergonomic,Dell office chair ergonomic Model 197,5177.0,,3.6,764.0,croma,,free delivery,,,Dell,Low,,0.0,Average,Low,23.903553001775528,6.767320261437908,23.903553001775528,Very High,,0.14754731556585554
air fryer India,Sony air fryer India Model 541,36843.0,,5.0,3896.0,reliance digital,,free delivery,,,Sony,High,,0.0,Excellent,High,41.33981152669355,9.454195535026944,41.33981152669355,Very High,,0.10574313321029204
office chair ergonomic,Samsung office chair ergonomic Model 914,39692.0,,2.5,3206.0,reliance digital,,2 days,,,Samsung,High,,0.0,Poor,High,20.182727999232885,12.376676021203616,20.182727999232885,Very High,,0.0807699090519739
air fryer India,LG air fryer India Model 715,137250.0,,2.9,3483.0,reliance digital,,free delivery,,,LG,Very High,,0.0,Poor,High,23.65221538011994,39.394374282433986,23.65221538011994,Very High,,0.02537686428514182
air fryer India,Philips air fryer India Model 213,25061.0,,4.4,2655.0,amazon,,2 days,,,Philips,High,,0.0,Good,Medium,34.69213664662383,9.435617469879517,34.69213664662383,Very High,,0.10593727555661958
microwave oven convection,Samsung microwave oven convection Model 185,25061.0,,3.2,4994.0,reliance digital,,2 days,,,Samsung,High,,0.0,Average,High,27.251816611464495,5.017217217217217,27.251816611464495,Very High,,0.19926582076450403
microwave oven convection,Puma microwave oven convection Model 932,43698.0,,4.6,933.0,croma,,5 days,,,Puma,High,,0.0,Excellent,Low,31.461591615852676,46.78586723768736,31.461591615852676,Very High,,0.021350602988626743
office chair ergonomic,Sony office chair ergonomic Model 161,45347.0,,4.5,1603.0,amazon,,5 days,,,Sony,High,,0.0,Excellent,Medium,33.211151047919074,28.271197007481298,33.211151047919074,Very High,,0.03534885772250154
microwave oven convection,LG microwave oven convection Model 410,22679.0,,3.8,2444.0,reliance digital,,free delivery,,,LG,Medium,,0.0,Average,Medium,29.646841527254097,9.275664621676892,29.646841527254097,Very High,,0.10776014109347443
air fryer India,Dell air fryer India Model 866,25061.0,,4.9,1352.0,reliance digital,,free delivery,,,Dell,High,,0.0,Excellent,Medium,35.32939017803686,18.522542498152255,35.32939017803686,Very High,,0.05394621339079084
office chair ergonomic,LG office chair ergonomic Model 829,48662.0,,4.2,771.0,amazon,,2 days,,,LG,High,,0.0,Good,Low,27.92573511010406,63.03367875647668,27.92573511010406,Very High,,0.015843659453794463
power bank fast charging,Nike power bank fast charging Model 179,27819.0,,4.4,4685.0,croma,,5 days,,,Nike,High,,0.0,Good,High,37.190272323898064,5.936619718309859,37.190272323898064,Very High,,0.1684040258806614
air fryer India,LG air fryer India Model 766,14150.0,,3.9,4540.0,flipkart,,5 days,,,LG,Medium,,0.0,Average,High,32.84151987128201,3.116053732658005,32.84151987128201,Very High,,0.3208253833651332
air fryer India,LG air fryer India Model 734,12278.0,,3.7,3022.0,flipkart,,free delivery,,,LG,Medium,,0.0,Average,High,29.651818480684,4.0615282831624215,29.651818480684,Very High,,0.24611124684420554
men running shoes,Boat men running shoes Model 957,45374.0,,4.5,4979.0,reliance digital,,2 days,,,Boat,High,,0.0,Excellent,High,38.30933326508414,9.111244979919679,38.30933326508414,Very High,,0.10973002754820936
office chair ergonomic,Nike office chair ergonomic Model 597,4149.0,,3.6,2704.0,reliance digital,,5 days,,,Nike,Low,,0.0,Average,Medium,28.450285888610093,1.533826247689464,28.450285888610093,Very High,,0.651566265060241
office chair ergonomic,Sony office chair ergonomic Model 529,26090.0,,4.7,2527.0,flipkart,,2 days,,,Sony,High,,0.0,Excellent,Medium,36.82536364975372,10.320411392405063,36.82536364975372,Very High,,0.0968533210685677
microwave oven convection,Nike microwave oven convection Model 978,12578.0,,2.7,788.0,flipkart,,2 days,,,Nike,Medium,,0.0,Poor,Low,18.01106906628386,15.94169835234474,18.01106906628386,Very High,,0.06264408935527467
power bank fast charging,Samsung power bank fast charging Model 302,289730.0,,3.3,1230.0,croma,,free delivery,,,Samsung,Very High,,0.0,Average,Medium,23.481421016408696,235.36149471974005,23.481421016408696,Very High,,0.004245317208030897
microwave oven convection,HP microwave oven convection Model 563,25389.0,,3.8,1359.0,flipkart,,free delivery,,,HP,High,,0.0,Average,Medium,27.41791191917437,18.668382352941176,27.41791191917437,Very High,,0.05352500984639622
office chair ergonomic,Boat office chair ergonomic Model 391,3892.0,,2.8,1107.0,reliance digital,,free delivery,,,Boat,Low,,0.0,Poor,Medium,19.62887322846024,3.512635379061372,19.62887322846024,Very High,,0.28435653737477523
men running shoes,Puma men running shoes Model 181,14503.0,,3.3,259.0,amazon,,5 days,,,Puma,Medium,,0.0,Average,Low,18.35024938235124,55.78076923076923,18.35024938235124,Very High,,0.017857142857142856
office chair ergonomic,Nike office chair ergonomic Model 138,33684.0,,4.1,4006.0,croma,,5 days,,,Nike,High,,0.0,Good,High,34.01277225360819,8.406288994260045,34.01277225360819,Very High,,0.11892533768739795
men running shoes,Boat men running shoes Model 131,4525.0,,4.3,60.0,amazon,,free delivery,,,Boat,Low,,0.0,Good,Low,17.676757615945238,74.18032786885246,17.676757615945238,Very High,,0.013256738842244807
air fryer India,Philips air fryer India Model 708,39908.0,,3.6,3101.0,croma,,2 days,,,Philips,High,,0.0,Average,High,28.943288437451343,12.865248226950355,28.943288437451343,Very High,,0.07770177153023128
microwave oven convection,HP microwave oven convection Model 837,11861.0,,4.4,1200.0,amazon,,free delivery,,,HP,Medium,,0.0,Good,Medium,31.20000321715193,9.8759367194005,31.20000321715193,Very High,,0.10116337885685382
air fryer India,Philips air fryer India Model 898,1480.0,,4.4,4269.0,croma,,free delivery,,,Philips,Low,,0.0,Good,High,36.78122406737975,0.34660421545667447,36.78122406737975,Medium,,2.8825118163403105
power bank fast charging,LG power bank fast charging Model 917,28909.0,,4.2,589.0,reliance digital,,2 days,,,LG,High,,0.0,Good,Low,26.796514654979013,48.998305084745766,26.796514654979013,Very High,,0.02037357315807679
power bank fast charging,LG power bank fast charging Model 462,35863.0,,2.6,3980.0,amazon,,2 days,,,LG,High,,0.0,Poor,High,21.552149639800824,9.008540567696558,21.552149639800824,Very High,,0.11097479366495651
air fryer India,LG air fryer India Model 363,10393.0,,3.5,3600.0,croma,,2 days,,,LG,Medium,,0.0,Average,High,28.661384022771067,2.8861427381282976,28.661384022771067,Very High,,0.346353665576294
power bank fast charging,Samsung power bank fast charging Model 274,40982.0,,2.7,1415.0,flipkart,,free delivery,,,Samsung,High,,0.0,Poor,Medium,19.590096440484896,28.942090395480225,19.590096440484896,Very High,,0.03452651099236269
office chair ergonomic,Samsung office chair ergonomic Model 666,4203.0,,4.0,3908.0,croma,,5 days,,,Samsung,Low,,0.0,Good,High,33.08414746317182,1.0752110514198006,33.08414746317182,Very High,,0.9295908658420552
men running shoes,LG men running shoes Model 798,14557.0,,4.2,4101.0,flipkart,,free delivery,,,LG,Medium,,0.0,Good,High,34.94076574225577,3.5487567040468067,34.94076574225577,Very High,,0.28170078307459817
men running shoes,HP men running shoes Model 164,25568.0,,3.8,2404.0,croma,,2 days,,,HP,High,,0.0,Average,Medium,29.584159693651472,10.631185031185032,29.584159693651472,Very High,,0.09402010246783214
air fryer India,HP air fryer India Model 122,3007.0,,3.0,798.0,flipkart,,free delivery,,,HP,Low,,0.0,Average,Low,20.050082837298824,3.763454317897372,20.050082837298824,Very High,,0.26529255319148937
office chair ergonomic,LG office chair ergonomic Model 249,25061.0,,4.5,4364.0,flipkart,,5 days,,,LG,High,,0.0,Excellent,High,37.716180607231664,5.74135166093929,37.716180607231664,Very High,,0.17412816215784854
power bank fast charging,Nike power bank fast charging Model 647,21053.0,,3.9,3385.0,amazon,,2 days,,,Nike,Medium,,0.0,Average,High,31.69687779450301,6.217660956881276,31.69687779450301,Very High,,0.16077704949178304
power bank fast charging,Nike power bank fast charging Model 586,42301.0,,4.6,1978.0,flipkart,,free delivery,,,Nike,High,,0.0,Excellent,Medium,34.9155959497718,21.374936836786254,34.9155959497718,Very High,,0.046759018486123585
power bank fast charging,HP power bank fast charging Model 169,12817.0,,4.8,3939.0,flipkart,,2 days,,,HP,Medium,,0.0,Excellent,High,39.7388928110015,3.253045685279188,39.7388928110015,Very High,,0.30730223123732253
air fryer India,LG air fryer India Model 148,42752.0,,4.7,304.0,amazon,,2 days,,,LG,High,,0.0,Excellent,Low,26.885465350054837,140.17049180327868,26.885465350054837,Very High,,0.0071106121207868455
office chair ergonomic,LG office chair ergonomic Model 379,44740.0,,2.5,4236.0,reliance digital,,2 days,,,LG,High,,0.0,Poor,High,20.8790268765664,10.559358036346472,20.8790268765664,Very High,,0.09467825931472251
microwave oven convection,Philips microwave oven convection Model 925,26739.0,,4.8,461.0,reliance digital,,2 days,,,Philips,High,,0.0,Excellent,Low,29.450711477192343,57.87662337662338,29.450711477192343,Very High,,0.01724008975317876
power bank fast charging,Nike power bank fast charging Model 403,40193.0,,4.9,4205.0,amazon,,free delivery,,,Nike,High,,0.0,Excellent,High,40.88691004568696,9.556110318592486,40.88691004568696,Very High,,0.10461760461760462
office chair ergonomic,HP office chair ergonomic Model 389,12474.0,,5.0,1626.0,amazon,,5 days,,,HP,Medium,,0.0,Excellent,Medium,36.972465536095186,7.666871542716656,36.972465536095186,Very High,,0.13034068136272545
office chair ergonomic,Sony office chair ergonomic Model 476,49990.0,,4.9,1424.0,croma,,2 days,,,Sony,High,,0.0,Excellent,Medium,35.583442754243485,35.08070175438596,35.583442754243485,Very High,,0.028485127322918125
office chair ergonomic,Philips office chair ergonomic Model 550,25061.0,,4.6,2088.0,amazon,,free delivery,,,Philips,High,,0.0,Excellent,Medium,35.1644275031602,11.996649114408807,35.1644275031602,Very High,,0.08331338281062964
men running shoes,LG men running shoes Model 597,6967.0,,3.8,1700.0,reliance digital,,2 days,,,LG,Low,,0.0,Average,Medium,28.268092051104272,4.095825984714874,28.268092051104272,Very High,,0.24397244546498278
office chair ergonomic,Puma office chair ergonomic Model 150,3938.0,,3.3,270.0,amazon,,free delivery,,,Puma,Low,,0.0,Average,Low,18.486992108903014,14.531365313653136,18.486992108903014,Very High,,0.06854531607006854
office chair ergonomic,Boat office chair ergonomic Model 756,405890.0,,3.8,665.0,amazon,,2 days,,,Boat,Very High,,0.0,Average,Low,24.70490074805348,609.4444444444445,24.70490074805348,Very High,,0.0016383708926780835
office chair ergonomic,Philips office chair ergonomic Model 378,34748.0,,3.6,3627.0,flipkart,,2 days,,,Philips,High,,0.0,Average,High,29.5071725204461,9.577728776185227,29.5071725204461,Very High,,0.10437710437710437
microwave oven convection,Puma microwave oven convection Model 455,12233.0,,2.6,129.0,flipkart,,2 days,,,Puma,Medium,,0.0,Poor,Low,12.655589571184514,94.1,12.655589571184514,Very High,,0.010544384502206964
office chair ergonomic,Samsung office chair ergonomic Model 472,98570.0,,3.8,3938.0,amazon,,2 days,,,Samsung,Very High,,0.0,Average,High,31.458992219289442,25.024117796395025,31.458992219289442,Very High,,0.039950898337239145
microwave oven convection,LG microwave oven convection Model 764,41983.0,,4.7,1505.0,flipkart,,2 days,,,LG,High,,0.0,Excellent,Medium,34.390898319291246,27.877158034528552,34.390898319291246,Very High,,0.035846989329268296
men running shoes,HP men running shoes Model 632,25061.0,,3.5,1442.0,amazon,,5 days,,,HP,High,,0.0,Average,Medium,25.46067845570855,17.367290367290366,25.46067845570855,Very High,,0.05753730747745591
power bank fast charging,Sony power bank fast charging Model 327,24058.0,,4.6,251.0,croma,,5 days,,,Sony,Medium,,0.0,Excellent,Low,25.435373802552544,95.46825396825396,25.435373802552544,Very High,,0.010432686312814332
microwave oven convection,Puma microwave oven convection Model 155,13333.0,,5.0,14.0,reliance digital,,5 days,,,Puma,Medium,,0.0,Excellent,Low,13.54025100551105,888.8666666666667,13.54025100551105,Very High,,0.0010499475026248687
air fryer India,LG air fryer India Model 541,21052.0,,2.8,3250.0,amazon,,2 days,,,LG,Medium,,0.0,Poor,High,22.642810176850936,6.475545985850507,22.642810176850936,Very High,,0.15437229848477652
men running shoes,Philips men running shoes Model 473,25061.0,,4.2,3085.0,reliance digital,,free delivery,,,Philips,High,,0.0,Good,High,33.74545033827705,8.120868438107582,33.74545033827705,Very High,,0.12309472508179714
power bank fast charging,Puma power bank fast charging Model 349,28673.0,,4.0,1584.0,amazon,,2 days,,,Puma,High,,0.0,Good,Medium,29.473358745245523,18.090220820189273,29.473358745245523,Very High,,0.05524168236032643
air fryer India,Boat air fryer India Model 971,12775.0,,4.0,2898.0,reliance digital,,free delivery,,,Boat,Medium,,0.0,Good,Medium,31.88848451568662,4.406691962745774,31.88848451568662,Very High,,0.22683155917345021
office chair ergonomic,Samsung office chair ergonomic Model 195,1336.0,,4.2,3413.0,flipkart,,free delivery,,,Samsung,Low,,0.0,Good,High,34.16968759408842,0.39132981839484476,34.16968759408842,Medium,,2.5527299925205686
office chair ergonomic,Boat office chair ergonomic Model 668,1919.0,,2.9,1430.0,croma,,2 days,,,Boat,Low,,0.0,Poor,Medium,21.071773460713707,1.3410202655485675,21.071773460713707,High,,0.7447916666666666
microwave oven convection,Dell microwave oven convection Model 232,49064.0,,4.5,1963.0,croma,,5 days,,,Dell,High,,0.0,Excellent,Medium,34.12232320011485,24.981670061099795,34.12232320011485,Very High,,0.04000815245083053
office chair ergonomic,Samsung office chair ergonomic Model 196,45448.0,,3.1,465.0,reliance digital,,free delivery,,,Samsung,High,,0.0,Average,Low,19.0469754657895,97.52789699570816,19.0469754657895,Very High,,0.010231248212281899
men running shoes,Nike men running shoes Model 539,22398.0,,2.7,685.0,flipkart,,2 days,,,Nike,Medium,,0.0,Poor,Low,17.63336959485989,32.650145772594755,17.63336959485989,Very High,,0.030581722398321354
microwave oven convection,Philips microwave oven convection Model 148,402890.0,,3.8,4840.0,reliance digital,,free delivery,,,Philips,Very High,,0.0,Average,High,32.24253104177084,83.22454038421813,32.24253104177084,Very High,,0.012013174779282734
office chair ergonomic,Samsung office chair ergonomic Model 959,11870.0,,3.4,3887.0,flipkart,,5 days,,,Samsung,Medium,,0.0,Average,High,28.103210562973118,3.05298353909465,28.103210562973118,Very High,,0.32743661022660264
office chair ergonomic,Samsung office chair ergonomic Model 750,24312.0,,4.6,1105.0,amazon,,2 days,,,Samsung,Medium,,0.0,Excellent,Medium,32.23912383757849,21.981916817359856,32.23912383757849,Very High,,0.0454489367827911
men running shoes,LG men running shoes Model 770,34889.0,,3.4,51.0,amazon,,5 days,,,LG,High,,0.0,Average,Low,13.434228643176853,670.9423076923077,13.434228643176853,Very High,,0.0014617368873602753
air fryer India,HP air fryer India Model 401,37436.0,,3.8,2306.0,croma,,5 days,,,HP,High,,0.0,Average,Medium,29.426072381060262,16.2271348071088,29.426072381060262,Very High,,0.061596815984186766
office chair ergonomic,Dell office chair ergonomic Model 783,10831.0,,2.8,547.0,croma,,2 days,,,Dell,Medium,,0.0,Poor,Low,17.657570803454444,19.764598540145986,17.657570803454444,Very High,,0.050498522895125554
power bank fast charging,Dell power bank fast charging Model 326,12582.0,,4.4,3935.0,amazon,,5 days,,,Dell,Medium,,0.0,Good,High,36.422849135957435,3.1966463414634148,36.422849135957435,Very High,,0.31272351585472463
microwave oven convection,Puma microwave oven convection Model 288,49325.0,,4.8,1563.0,amazon,,free delivery,,,Puma,High,,0.0,Excellent,Medium,35.30400922130523,31.53772378516624,35.30400922130523,Very High,,0.031687142683371854
microwave oven convection,Dell microwave oven convection Model 714,26693.0,,4.9,3601.0,croma,,free delivery,,,Dell,High,,0.0,Excellent,High,40.12729817610592,7.410605219322599,40.12729817610592,Very High,,0.13489922829100173
men running shoes,Nike men running shoes Model 858,25061.0,,3.7,2110.0,croma,,5 days,,,Nike,High,,0.0,Average,Medium,28.323193077038788,11.871624822359072,28.323193077038788,Very High,,0.08419120580959222
power bank fast charging,Philips power bank fast charging Model 829,25061.0,,2.6,1456.0,croma,,free delivery,,,Philips,High,,0.0,Poor,Medium,18.938750496107534,17.20041180507893,18.938750496107534,Very High,,0.058095922113159365
men running shoes,Nike men running shoes Model 627,31099.0,,3.8,3192.0,reliance digital,,2 days,,,Nike,High,,0.0,Average,High,30.661121532316166,9.73974318822424,30.661121532316166,Very High,,0.10263665594855305
air fryer India,LG air fryer India Model 297,48610.0,,3.4,1148.0,reliance digital,,5 days,,,LG,High,,0.0,Average,Medium,23.958600744685768,42.306353350739776,23.958600744685768,Very High,,0.023616053979551955
power bank fast charging,Puma power bank fast charging Model 354,239860.0,,3.8,3870.0,flipkart,,2 days,,,Puma,Very High,,0.0,Average,High,31.39281897219506,61.96331697235856,31.39281897219506,Very High,,0.016134344474508153
men running shoes,Samsung men running shoes Model 646,31537.0,,4.0,2188.0,flipkart,,free delivery,,,Samsung,High,,0.0,Good,Medium,30.76480039009145,14.407035175879397,30.76480039009145,Very High,,0.06937662502378084
office chair ergonomic,Philips office chair ergonomic Model 759,40305.0,,3.9,4930.0,croma,,2 days,,,Philips,High,,0.0,Average,High,33.162858636274095,8.173798418170756,33.162858636274095,Very High,,0.1223142956383665
microwave oven convection,Samsung microwave oven convection Model 305,49682.0,,4.2,4064.0,reliance digital,,free delivery,,,Samsung,High,,0.0,Good,High,34.90270989232403,12.22189421894219,34.90270989232403,Very High,,0.08179860314393253
men running shoes,Boat men running shoes Model 740,18123.0,,4.5,1799.0,reliance digital,,5 days,,,Boat,Medium,,0.0,Excellent,Medium,33.72993874747915,10.068333333333333,33.72993874747915,Very High,,0.09926064886338556
power bank fast charging,Philips power bank fast charging Model 373,31026.0,,4.5,0.0,reliance digital,,2 days,,,Philips,High,,0.0,Excellent,No Reviews,0.0,31026.0,0.0,Very High,,0.0
power bank fast charging,Philips power bank fast charging Model 481,3252.0,,4.4,4842.0,amazon,,free delivery,,,Philips,Low,,0.0,Good,High,37.33527442657421,0.6714846169729507,37.33527442657421,Very High,,1.488472179526591
power bank fast charging,HP power bank fast charging Model 232,6725.0,,3.9,800.0,flipkart,,free delivery,,,HP,Low,,0.0,Average,Low,26.074857693566603,8.395755305867665,26.074857693566603,Very High,,0.11894142134998513
men running shoes,Puma men running shoes Model 151,25061.0,,2.9,741.0,croma,,free delivery,,,Puma,High,,0.0,Poor,Low,19.167112805185404,33.774932614555254,19.167112805185404,Very High,,0.02956667464687575
microwave oven convection,LG microwave oven convection Model 323,25061.0,,3.8,1494.0,flipkart,,free delivery,,,LG,High,,0.0,Average,Medium,27.777549646134187,16.763210702341137,27.777549646134187,Very High,,0.059612161838640175
air fryer India,Dell air fryer India Model 476,19141.0,,4.1,4829.0,amazon,,free delivery,,,Dell,Medium,,0.0,Good,High,34.778667161251136,3.9629399585921323,34.778667161251136,Very High,,0.2522724898129767
office chair ergonomic,Puma office chair ergonomic Model 823,25061.0,,3.4,937.0,amazon,,free delivery,,,Puma,High,,0.0,Average,Low,23.268749826621164,26.717484008528785,23.268749826621164,Very High,,0.03738727954672413
microwave oven convection,Boat microwave oven convection Model 294,14590.0,,4.1,877.0,flipkart,,5 days,,,Boat,Medium,,0.0,Good,Low,27.788351033903975,16.61731207289294,27.788351033903975,Very High,,0.060105544513741345
air fryer India,Dell air fryer India Model 696,25061.0,,3.3,1208.0,flipkart,,free delivery,,,Dell,High,,0.0,Average,Medium,23.421911207028813,20.72870140612076,23.421911207028813,Very High,,0.04820046285212672
office chair ergonomic,Nike office chair ergonomic Model 378,8156.0,,4.8,1246.0,croma,,5 days,,,Nike,Low,,0.0,Excellent,Medium,34.21678053926417,6.540497193263834,34.21678053926417,Very High,,0.15275223734216012
men running shoes,Samsung men running shoes Model 613,13410.0,,2.9,1987.0,reliance digital,,2 days,,,Samsung,Medium,,0.0,Poor,Medium,22.025164722927908,6.745472837022133,22.025164722927908,Very High,,0.14816195660278875
microwave oven convection,Samsung microwave oven convection Model 714,25061.0,,3.8,4602.0,flipkart,,free delivery,,,Samsung,High,,0.0,Average,High,32.05096146650551,5.444492722137737,32.05096146650551,Very High,,0.18362461096480728
men running shoes,Boat men running shoes Model 506,27212.0,,3.1,797.0,croma,,2 days,,,Boat,High,,0.0,Average,Low,20.71453665209441,34.100250626566414,20.71453665209441,Very High,,0.029287472898982102
men running shoes,Dell men running shoes Model 106,30345.0,,4.7,1355.0,amazon,,free delivery,,,Dell,High,,0.0,Excellent,Medium,33.8977840019516,22.378318584070797,33.8977840019516,Very High,,0.044651683912212484
air fryer India,HP air fryer India Model 726,40524.0,,4.7,95.0,flipkart,,free delivery,,,HP,High,,0.0,Excellent,Low,21.45243649989883,422.125,21.45243649989883,Very High,,0.0023442319555829734
microwave oven convection,Nike microwave oven convection Model 140,2510.0,,4.5,4517.0,croma,,free delivery,,,Nike,Low,,0.0,Excellent,High,37.87121113662577,0.5555555555555556,37.87121113662577,High,,1.7988849064117882
men running shoes,Puma men running shoes Model 934,42736.0,,3.8,500.0,amazon,,5 days,,,Puma,High,,0.0,Average,Low,23.623103184122485,85.30139720558883,23.623103184122485,Very High,,0.011699464164541264
air fryer India,Boat air fryer India Model 433,30954.0,,4.2,746.0,amazon,,5 days,,,Boat,High,,0.0,Good,Low,27.787473777557835,41.437751004016064,27.787473777557835,Very High,,0.02409949927313843
power bank fast charging,Dell power bank fast charging Model 185,13896.0,,3.9,963.0,reliance digital,,5 days,,,Dell,Medium,,0.0,Average,Low,26.797256048981126,14.4149377593361,26.797256048981126,Very High,,0.06929553140965676
microwave oven convection,HP microwave oven convection Model 639,4261.0,,2.7,2230.0,flipkart,,5 days,,,HP,Low,,0.0,Poor,Medium,20.81755402496784,1.9099058718063648,20.81755402496784,Very High,,0.5232285312060065
air fryer India,Nike air fryer India Model 536,8598.0,,3.3,1641.0,croma,,5 days,,,Nike,Low,,0.0,Average,Medium,24.43211195704083,5.2362971985383675,24.43211195704083,Very High,,0.1908361437376439
men running shoes,Puma men running shoes Model 476,48783.0,,2.7,3072.0,flipkart,,free delivery,,,Puma,High,,0.0,Poor,High,21.682105817752312,15.874715261958997,21.682105817752312,Very High,,0.06297146605444408
men running shoes,Sony men running shoes Model 393,8312.0,,4.8,441.0,croma,,free delivery,,,Sony,Low,,0.0,Excellent,Low,29.23828743397295,18.805429864253394,29.23828743397295,Very High,,0.05304944063514976
microwave oven convection,HP microwave oven convection Model 455,1099.0,,2.6,0.0,reliance digital,,2 days,,,HP,Low,,0.0,Poor,No Reviews,0.0,1099.0,0.0,Medium,,0.0
men running shoes,Philips men running shoes Model 904,28926.0,,3.2,4894.0,amazon,,2 days,,,Philips,High,,0.0,Average,High,27.187102575886755,5.909295199182839,27.187102575886755,Very High,,0.16918449891105194
office chair ergonomic,Puma office chair ergonomic Model 559,200380.0,,4.1,1363.0,croma,,free delivery,,,Puma,Very High,,0.0,Good,Medium,29.59452503745397,146.90615835777126,29.59452503745397,Very High,,0.006802042109780867
air fryer India,Boat air fryer India Model 881,44221.0,,3.8,3337.0,flipkart,,2 days,,,Boat,High,,0.0,Average,High,30.829882996042762,13.247753145596166,30.829882996042762,Very High,,0.0754601781918502
power bank fast charging,Boat power bank fast charging Model 685,13683.0,,4.5,2173.0,croma,,2 days,,,Boat,Medium,,0.0,Excellent,Medium,34.5794583045652,6.293928242870285,34.5794583045652,Very High,,0.15879859690149078
office chair ergonomic,Puma office chair ergonomic Model 296,12559.0,,4.4,2806.0,reliance digital,,free delivery,,,Puma,Medium,,0.0,Good,Medium,34.935434935992284,4.4741717135732095,34.935434935992284,Very High,,0.22340764331210192
microwave oven convection,Puma microwave oven convection Model 195,12872.0,,4.4,629.0,amazon,,5 days,,,Puma,Medium,,0.0,Good,Low,28.361167205296546,20.43174603174603,28.361167205296546,Very High,,0.048861959139283775
microwave oven convection,Boat microwave oven convection Model 919,27029.0,,4.6,4765.0,croma,,5 days,,,Boat,High,,0.0,Excellent,High,38.95860822522996,5.671212757028955,38.95860822522996,Very High,,0.17628560858305586
air fryer India,LG air fryer India Model 497,1734.0,,4.9,1240.0,amazon,,free delivery,,,LG,Low,,0.0,Excellent,Medium,34.905996647502576,1.3972602739726028,34.905996647502576,High,,0.7146974063400576
men running shoes,Sony men running shoes Model 630,25956.0,,3.8,3445.0,amazon,,5 days,,,Sony,High,,0.0,Average,High,30.950883784933925,7.532211259431224,30.950883784933925,Very High,,0.13271949763069693
microwave oven convection,Boat microwave oven convection Model 727,16473.0,,3.8,4296.0,croma,,free delivery,,,Boat,Medium,,0.0,Average,High,31.789555058344984,3.833604840586456,31.789555058344984,Very High,,0.2607745538424184
air fryer India,Dell air fryer India Model 238,8235.0,,3.0,351.0,croma,,5 days,,,Dell,Low,,0.0,Average,Low,17.59089352679429,23.394886363636363,17.59089352679429,Very High,,0.042617775619232634
microwave oven convection,Philips microwave oven convection Model 652,26565.0,,2.6,3497.0,amazon,,2 days,,,Philips,High,,0.0,Poor,High,21.215861304504223,7.59433962264151,21.215861304504223,Very High,,0.1316344199352556
microwave oven convection,Samsung microwave oven convection Model 126,29631.0,,3.6,531.0,amazon,,2 days,,,Samsung,High,,0.0,Average,Low,22.59591656162992,55.69736842105263,22.59591656162992,Very High,,0.017919816414686825
men running shoes,Philips men running shoes Model 411,25279.0,,3.4,2261.0,amazon,,5 days,,,Philips,High,,0.0,Average,Medium,26.26161583269862,11.175508399646331,26.26161583269862,Very High,,0.08943829113924051
air fryer India,HP air fryer India Model 755,11309.0,,3.6,4502.0,flipkart,,2 days,,,HP,Medium,,0.0,Average,High,30.28499683308566,2.511436819897846,30.28499683308566,Very High,,0.3980548187444739
men running shoes,Samsung men running shoes Model 188,25061.0,,3.6,4555.0,croma,,5 days,,,Samsung,High,,0.0,Average,High,30.32712116844146,5.500658472344162,30.32712116844146,Very High,,0.18174926183065995
air fryer India,Dell air fryer India Model 243,18440.0,,2.6,3171.0,amazon,,free delivery,,,Dell,Medium,,0.0,Poor,High,20.961505715162325,5.813366960907945,20.961505715162325,Very High,,0.17195379860094354
air fryer India,LG air fryer India Model 520,25061.0,,3.3,1279.0,croma,,2 days,,,LG,High,,0.0,Average,Medium,23.610230677815085,19.57890625,23.610230677815085,Very High,,0.051033437076051395
air fryer India,Samsung air fryer India Model 896,25061.0,,3.2,2853.0,amazon,,2 days,,,Samsung,High,,0.0,Average,Medium,25.460725753717703,8.781009110021023,25.460725753717703,Very High,,0.11383768254728274
office chair ergonomic,Boat office chair ergonomic Model 163,49391.0,,4.0,1681.0,reliance digital,,free delivery,,,Boat,High,,0.0,Good,Medium,29.710955362131575,29.364447086801427,29.710955362131575,Very High,,0.034033851635892454
men running shoes,Dell men running shoes Model 873,36201.0,,3.7,600.0,flipkart,,5 days,,,Dell,High,,0.0,Average,Low,23.67480125778027,60.234608985024956,23.67480125778027,Very High,,0.016573669962985472
power bank fast charging,LG power bank fast charging Model 346,17711.0,,3.6,608.0,croma,,2 days,,,LG,Medium,,0.0,Average,Low,23.08254576375563,29.082101806239738,23.08254576375563,Very High,,0.03432700993676603
power bank fast charging,Samsung power bank fast charging Model 316,29321.0,,3.8,2779.0,amazon,,5 days,,,Samsung,High,,0.0,Average,Medium,30.13478358540179,10.547122302158273,30.13478358540179,Very High,,0.09477525407543824
microwave oven convection,Philips microwave oven convection Model 381,25061.0,,4.4,4638.0,croma,,5 days,,,Philips,High,,0.0,Good,High,37.145918060907675,5.40224186247036,37.145918060907675,Very High,,0.1850610485994733
microwave oven convection,LG microwave oven convection Model 152,5102.0,,2.8,2118.0,reliance digital,,5 days,,,LG,Low,,0.0,Poor,Medium,21.444358763151236,2.40773949976404,21.444358763151236,Very High,,0.4150499706055262
microwave oven convection,HP microwave oven convection Model 770,1253.0,,3.6,1177.0,flipkart,,5 days,,,HP,Low,,0.0,Average,Medium,25.457664111161517,1.063667232597623,25.457664111161517,Medium,,0.9385964912280702
microwave oven convection,Puma microwave oven convection Model 996,42455.0,,2.7,533.0,croma,,2 days,,,Puma,High,,0.0,Poor,Low,16.957068765192528,79.50374531835206,16.957068765192528,Very High,,0.012554173732805728
power bank fast charging,Boat power bank fast charging Model 927,5855.0,,4.7,3908.0,croma,,2 days,,,Boat,Low,,0.0,Excellent,High,38.873873269226884,1.4978255308262982,38.873873269226884,Very High,,0.6673497267759563
men running shoes,LG men running shoes Model 260,7350.0,,3.8,2107.0,amazon,,free delivery,,,LG,Low,,0.0,Average,Medium,29.083280656712763,3.4867172675521823,29.083280656712763,Very High,,0.2866276697048021
power bank fast charging,Nike power bank fast charging Model 112,25061.0,,4.9,1869.0,reliance digital,,free delivery,,,Nike,High,,0.0,Excellent,Medium,36.9150991782583,13.401604278074867,36.9150991782583,Very High,,0.0745750538664113
men running shoes,Samsung men running shoes Model 170,20645.0,,3.8,679.0,reliance digital,,free delivery,,,Samsung,Medium,,0.0,Average,Low,24.783952633046578,30.360294117647058,24.783952633046578,Very High,,0.03288772643611353
air fryer India,Puma air fryer India Model 311,38802.0,,4.0,1316.0,amazon,,5 days,,,Puma,High,,0.0,Good,Medium,28.732446806973122,29.462414578587698,28.732446806973122,Very High,,0.0339149034868438
microwave oven convection,Dell microwave oven convection Model 924,1432.0,,4.8,2003.0,croma,,2 days,,,Dell,Low,,0.0,Excellent,Medium,36.493922218582824,0.7145708582834331,36.493922218582824,Medium,,1.3977669225401257
office chair ergonomic,Sony office chair ergonomic Model 493,25335.0,,3.5,252.0,croma,,5 days,,,Sony,High,,0.0,Average,Low,19.36686321054632,100.13833992094861,19.36686321054632,Very High,,0.009946321439848436
air fryer India,Dell air fryer India Model 603,18674.0,,3.8,4850.0,amazon,,free delivery,,,Dell,Medium,,0.0,Average,High,32.250372563331815,3.849515563801278,32.250372563331815,Very High,,0.2597054886211513
microwave oven convection,LG microwave oven convection Model 741,12854.0,,4.0,1502.0,croma,,5 days,,,LG,Medium,,0.0,Good,Medium,29.2608735590119,8.55222887558217,29.2608735590119,Very High,,0.11684169583819526
office chair ergonomic,Puma office chair ergonomic Model 946,27326.0,,4.4,3197.0,amazon,,5 days,,,Puma,High,,0.0,Good,High,35.50923593093316,8.544715447154472,35.50923593093316,Very High,,0.11699052219416695
office chair ergonomic,Sony office chair ergonomic Model 491,29394.0,,3.0,485.0,flipkart,,5 days,,,Sony,High,,0.0,Average,Low,18.55862587170148,60.48148148148148,18.55862587170148,Very High,,0.016499404660656573
air fryer India,LG air fryer India Model 268,18575.0,,2.8,1910.0,croma,,5 days,,,LG,Medium,,0.0,Poor,Medium,21.155069443872765,9.720041862899006,21.155069443872765,Very High,,0.10282084409991386
power bank fast charging,Dell power bank fast charging Model 484,25061.0,,3.0,1454.0,croma,,2 days,,,Dell,High,,0.0,Average,Medium,21.84828353881678,17.22405498281787,21.84828353881678,Very High,,0.05801612002234459
air fryer India,Dell air fryer India Model 521,28686.0,,5.0,640.0,flipkart,,free delivery,,,Dell,High,,0.0,Excellent,Low,32.31514728460335,44.75195007800312,32.31514728460335,Very High,,0.022309757032802316
air fryer India,Samsung air fryer India Model 897,32149.0,,3.9,1417.0,flipkart,,free delivery,,,Samsung,High,,0.0,Average,Medium,28.302310557659084,22.672073342736248,28.302310557659084,Very High,,0.0440746500777605
air fryer India,Samsung air fryer India Model 509,33415.0,,3.7,418.0,croma,,2 days,,,Samsung,High,,0.0,Average,Low,22.34012240371191,79.74940334128878,22.34012240371191,Very High,,0.012508977735216663
office chair ergonomic,Puma office chair ergonomic Model 834,26972.0,,4.4,3119.0,reliance digital,,free delivery,,,Puma,High,,0.0,Good,High,35.400588435535525,8.644871794871795,35.400588435535525,Very High,,0.1156341526711897
office chair ergonomic,Sony office chair ergonomic Model 630,25061.0,,4.9,3572.0,reliance digital,,free delivery,,,Sony,High,,0.0,Excellent,High,40.08768820431471,7.013993842709208,40.08768820431471,Very High,,0.14252653419519593
air fryer India,Nike air fryer India Model 162,48988.0,,4.1,4559.0,flipkart,,5 days,,,Nike,High,,0.0,Good,High,34.54281940028457,10.742982456140352,34.54281940028457,Very High,,0.09306170773030681
men running shoes,Nike men running shoes Model 454,25061.0,,3.8,2249.0,reliance digital,,free delivery,,,Nike,High,,0.0,Average,Medium,29.33100488175417,11.138222222222222,29.33100488175417,Very High,,0.08973745112121938
microwave oven convection,HP microwave oven convection Model 594,2169.0,,3.8,3203.0,amazon,,free delivery,,,HP,Low,,0.0,Average,High,30.67419017111535,0.6769662921348315,30.67419017111535,High,,1.476036866359447
power bank fast charging,HP power bank fast charging Model 834,25061.0,,4.8,2734.0,reliance digital,,free delivery,,,HP,High,,0.0,Excellent,Medium,37.98665623130919,9.163071297989031,37.98665623130919,Very High,,0.10908945814380337
men running shoes,Boat men running shoes Model 987,25061.0,,4.4,1199.0,amazon,,free delivery,,,Boat,High,,0.0,Good,Medium,31.196338077414808,20.884166666666665,31.196338077414808,Very High,,0.047841353443460216
air fryer India,Puma air fryer India Model 209,222300.0,,3.6,3271.0,amazon,,free delivery,,,Puma,Very High,,0.0,Average,High,29.135364111801497,67.94009779951101,29.135364111801497,Very High,,0.014714283786397723
men running shoes,Boat men running shoes Model 581,25061.0,,2.9,3362.0,amazon,,2 days,,,Boat,High,,0.0,Poor,High,23.54970726404678,7.451977401129944,23.54970726404678,Very High,,0.13414731465964408
power bank fast charging,HP power bank fast charging Model 605,24658.0,,4.1,2491.0,reliance digital,,2 days,,,HP,Medium,,0.0,Good,Medium,32.06544760762011,9.89486356340289,32.06544760762011,Very High,,0.10101788393689931
air fryer India,Boat air fryer India Model 535,33365.0,,3.6,1179.0,amazon,,5 days,,,Boat,High,,0.0,Average,Medium,25.463770982854957,28.27542372881356,25.463770982854957,Very High,,0.03533537133609063
men running shoes,Samsung men running shoes Model 931,22549.0,,2.9,2761.0,flipkart,,5 days,,,Samsung,Medium,,0.0,Poor,Medium,22.97875996851079,8.164011585807385,22.97875996851079,Very High,,0.1224390243902439
power bank fast charging,HP power bank fast charging Model 250,38959.0,,4.6,579.0,reliance digital,,2 days,,,HP,High,,0.0,Excellent,Low,29.26992927628614,67.17068965517241,29.26992927628614,Very High,,0.014861396303901438
microwave oven convection,Samsung microwave oven convection Model 788,28251.0,,3.3,4604.0,amazon,,free delivery,,,Samsung,High,,0.0,Average,High,27.835163230675043,6.13485342019544,27.835163230675043,Very High,,0.16296191420076456
men running shoes,Boat men running shoes Model 420,26404.0,,3.9,718.0,croma,,free delivery,,,Boat,High,,0.0,Average,Low,25.65365929511208,36.723226703755216,25.65365929511208,Very High,,0.02719181973111153
air fryer India,Dell air fryer India Model 323,34760.0,,4.2,2520.0,croma,,2 days,,,Dell,High,,0.0,Good,Medium,32.89612589418926,13.78817929393098,32.89612589418926,Very High,,0.07249503754207301
microwave oven convection,Samsung microwave oven convection Model 354,16888.0,,2.9,1267.0,reliance digital,,5 days,,,Samsung,Medium,,0.0,Poor,Medium,20.721068791491795,13.318611987381704,20.721068791491795,Very High,,0.075019243294452
microwave oven convection,Philips microwave oven convection Model 565,28852.0,,3.8,4195.0,flipkart,,free delivery,,,Philips,High,,0.0,Average,High,31.69917048416151,6.876072449952336,31.69917048416151,Very High,,0.14539216026063148
power bank fast charging,Samsung power bank fast charging Model 596,26397.0,,3.3,1033.0,reliance digital,,free delivery,,,Samsung,High,,0.0,Average,Medium,22.905927181725634,25.52901353965184,22.905927181725634,Very High,,0.03913175240548526
microwave oven convection,Nike microwave oven convection Model 845,46529.0,,4.7,1118.0,flipkart,,5 days,,,Nike,High,,0.0,Excellent,Medium,32.99489632906605,41.580875781948166,32.99489632906605,Very High,,0.02402750913389211
air fryer India,Puma air fryer India Model 818,4964.0,,4.1,732.0,flipkart,,5 days,,,Puma,Low,,0.0,Good,Low,27.048297377735267,6.772169167803547,27.048297377735267,Very High,,0.1474320241691843
air fryer India,Nike air fryer India Model 470,33735.0,,2.7,1710.0,amazon,,2 days,,,Nike,High,,0.0,Poor,Medium,20.101049839508924,19.71654003506721,20.101049839508924,Very High,,0.05068769267251601
men running shoes,LG men running shoes Model 990,25061.0,,4.0,1413.0,croma,,5 days,,,LG,High,,0.0,Good,Medium,29.01671138582607,17.723479490806223,29.01671138582607,Very High,,0.05638017716064161
men running shoes,Nike men running shoes Model 785,24799.0,,3.4,246.0,flipkart,,5 days,,,Nike,Medium,,0.0,Average,Low,18.731920344535123,100.40080971659918,18.731920344535123,Very High,,0.009919354838709678
office chair ergonomic,Philips office chair ergonomic Model 755,9463.0,,3.8,3340.0,flipkart,,free delivery,,,Philips,Low,,0.0,Average,High,30.833296680955677,2.8323855133193656,30.833296680955677,Very High,,0.352916314454776
office chair ergonomic,Dell office chair ergonomic Model 884,7331.0,,4.1,2179.0,reliance digital,,free delivery,,,Dell,Low,,0.0,Good,Medium,31.51702863871085,3.362844036697248,31.51702863871085,Very High,,0.29719039825422805
office chair ergonomic,Boat office chair ergonomic Model 172,28498.0,,3.8,4784.0,reliance digital,,free delivery,,,Boat,High,,0.0,Average,High,32.1983169547708,5.95569487983281,32.1983169547708,Very High,,0.16786553914172428
power bank fast charging,Sony power bank fast charging Model 154,33036.0,,3.8,3288.0,reliance digital,,free delivery,,,Sony,High,,0.0,Average,High,30.773687615518412,10.04439039221648,30.773687615518412,Very High,,0.09952477525199019
men running shoes,Boat men running shoes Model 762,18772.0,,3.4,347.0,reliance digital,,free delivery,,,Boat,Medium,,0.0,Average,Low,19.897488431233214,53.94252873563219,19.897488431233214,Very High,,0.018483992968625153
power bank fast charging,Nike power bank fast charging Model 813,49195.0,,4.1,2711.0,croma,,free delivery,,,Nike,High,,0.0,Good,Medium,32.41231076114717,18.139749262536874,32.41231076114717,Very High,,0.05510610618749492
microwave oven convection,LG microwave oven convection Model 306,8035.0,,4.7,4121.0,reliance digital,,5 days,,,LG,Low,,0.0,Excellent,High,39.123240678816906,1.9492964580300824,39.123240678816906,Very High,,0.5128173220507716
power bank fast charging,Dell power bank fast charging Model 291,1087.0,,2.6,1882.0,croma,,5 days,,,Dell,Low,,0.0,Poor,Medium,19.6056159745086,0.5772703133297928,19.6056159745086,Medium,,1.7297794117647058
power bank fast charging,LG power bank fast charging Model 347,16861.0,,4.4,1826.0,croma,,2 days,,,LG,Medium,,0.0,Good,Medium,33.04589444806323,9.228790366721402,33.04589444806323,Very High,,0.10829083145534338
power bank fast charging,LG power bank fast charging Model 649,26039.0,,4.1,248.0,flipkart,,2 days,,,LG,High,,0.0,Good,Low,22.6215568755053,104.57429718875503,22.6215568755053,Very High,,0.009523809523809525
office chair ergonomic,Nike office chair ergonomic Model 210,34006.0,,4.6,2854.0,flipkart,,free delivery,,,Nike,High,,0.0,Excellent,Medium,36.60140476161451,11.911033274956218,36.60140476161451,Very High,,0.08392389802099567
men running shoes,HP men running shoes Model 454,30364.0,,3.8,660.0,amazon,,5 days,,,HP,High,,0.0,Average,Low,24.676264591436404,45.93645990922844,24.676264591436404,Very High,,0.021735550798616828
men running shoes,LG men running shoes Model 174,25061.0,,3.7,4029.0,amazon,,5 days,,,LG,High,,0.0,Average,High,30.715630123280697,6.218610421836228,30.715630123280697,Very High,,0.160761311946373
air fryer India,Nike air fryer India Model 543,25061.0,,3.8,4051.0,croma,,5 days,,,Nike,High,,0.0,Average,High,31.566470288400577,6.184846989141165,31.566470288400577,Very High,,0.16163913494533558
power bank fast charging,LG power bank fast charging Model 344,25192.0,,3.8,1871.0,flipkart,,free delivery,,,LG,High,,0.0,Average,Medium,28.632098096742638,13.457264957264957,28.632098096742638,Very High,,0.07426666137419125
office chair ergonomic,Samsung office chair ergonomic Model 656,41403.0,,2.8,135.0,amazon,,free delivery,,,Samsung,High,,0.0,Poor,Low,13.755433680060946,304.43382352941177,13.755433680060946,Very High,,0.003260554535793643
power bank fast charging,LG power bank fast charging Model 620,7596.0,,2.5,3981.0,flipkart,,2 days,,,LG,Low,,0.0,Poor,High,20.723848711560354,1.9075841285786037,20.723848711560354,Very High,,0.5240226405159931
microwave oven convection,Nike microwave oven convection Model 724,43854.0,,3.5,3729.0,croma,,5 days,,,Nike,High,,0.0,Average,High,28.784572294232518,11.757104557640751,28.784572294232518,Very High,,0.08503021320259947
men running shoes,Nike men running shoes Model 955,12436.0,,2.8,4004.0,amazon,,2 days,,,Nike,Medium,,0.0,Poor,High,23.226836806606883,3.105118601747815,23.226836806606883,Very High,,0.32194259065691083
power bank fast charging,Nike power bank fast charging Model 543,19052.0,,4.2,3428.0,flipkart,,5 days,,,Nike,Medium,,0.0,Good,High,34.188100600344264,5.556138815981336,34.188100600344264,Very High,,0.17991917283367448
microwave oven convection,Philips microwave oven convection Model 269,47068.0,,3.9,1802.0,reliance digital,,free delivery,,,Philips,High,,0.0,Average,Medium,29.239108170492937,26.105379922351638,29.239108170492937,Very High,,0.03828422103720071
power bank fast charging,Dell power bank fast charging Model 653,46043.0,,4.2,1541.0,flipkart,,free delivery,,,Dell,High,,0.0,Good,Medium,30.831509327317754,29.859273670557716,30.831509327317754,Very High,,0.03346798714273304
air fryer India,Nike air fryer India Model 396,25061.0,,2.6,0.0,reliance digital,,5 days,,,Nike,High,,0.0,Poor,No Reviews,0.0,25061.0,0.0,Very High,,0.0
office chair ergonomic,Nike office chair ergonomic Model 771,29337.0,,3.6,1541.0,flipkart,,free delivery,,,Nike,High,,0.0,Average,Medium,26.427007994843787,19.025291828793776,26.427007994843787,Very High,,0.05252573454223192
power bank fast charging,HP power bank fast charging Model 730,15938.0,,3.3,3328.0,amazon,,free delivery,,,HP,Medium,,0.0,Average,High,26.76440988399758,4.78762391108441,26.76440988399758,Very High,,0.2087960348829914
microwave oven convection,LG microwave oven convection Model 878,25061.0,,2.8,2854.0,amazon,,5 days,,,LG,High,,0.0,Poor,Medium,22.27911594185231,8.777933450087566,22.27911594185231,Very High,,0.11387758359269012
air fryer India,LG air fryer India Model 168,25061.0,,2.7,2233.0,flipkart,,free delivery,,,LG,High,,0.0,Poor,Medium,20.821182244998695,11.217994628469114,20.821182244998695,Very High,,0.08909903439470114
men running shoes,Philips men running shoes Model 376,25061.0,,4.4,2555.0,flipkart,,5 days,,,Philips,High,,0.0,Good,Medium,34.52327478818867,9.804773082942097,34.52327478818867,Very High,,0.10194717101588062
office chair ergonomic,HP office chair ergonomic Model 674,41684.0,,3.7,3074.0,croma,,free delivery,,,HP,High,,0.0,Average,High,29.714922666890292,13.555772357723578,29.714922666890292,Very High,,0.07374355283675182
air fryer India,Sony air fryer India Model 906,41305.0,,3.9,3574.0,reliance digital,,free delivery,,,Sony,High,,0.0,Average,High,31.908709774999622,11.553846153846154,31.908709774999622,Very High,,0.08652496005422941
office chair ergonomic,Samsung office chair ergonomic Model 398,31075.0,,4.7,1146.0,amazon,,free delivery,,,Samsung,High,,0.0,Excellent,Medium,33.111054050508045,27.0924149956408,33.111054050508045,Very High,,0.036877332990088815
men running shoes,Dell men running shoes Model 652,30140.0,,2.9,807.0,reliance digital,,5 days,,,Dell,High,,0.0,Poor,Low,19.414229969711176,37.301980198019805,19.414229969711176,Very High,,0.026774161441226237
power bank fast charging,Sony power bank fast charging Model 334,9499.0,,4.9,4207.0,croma,,free delivery,,,Sony,Low,,0.0,Excellent,High,40.88923949664598,2.257366920152091,40.88923949664598,Very High,,0.44284210526315787
men running shoes,Philips men running shoes Model 277,31389.0,,4.3,4321.0,croma,,5 days,,,Philips,High,,0.0,Good,High,35.99733620938738,7.262609902822767,35.99733620938738,Very High,,0.13765530423701816
office chair ergonomic,Philips office chair ergonomic Model 658,4438.0,,3.8,40.0,amazon,,5 days,,,Philips,Low,,0.0,Average,Low,14.11157385347637,108.2439024390244,14.11157385347637,Very High,,0.009011038522189683
air fryer India,Dell air fryer India Model 580,17961.0,,3.1,4995.0,flipkart,,2 days,,,Dell,Medium,,0.0,Average,High,26.400817900860954,3.595076060848679,26.400817900860954,Very High,,0.2780870727090524
office chair ergonomic,Dell office chair ergonomic Model 249,9264.0,,3.3,609.0,reliance digital,,free delivery,,,Dell,Low,,0.0,Average,Low,21.16441455865228,15.186885245901639,21.16441455865228,Very High,,0.0657312466270912
microwave oven convection,LG microwave oven convection Model 223,46052.0,,4.5,2531.0,croma,,free delivery,,,LG,High,,0.0,Excellent,Medium,35.2654415246883,18.187993680884677,35.2654415246883,Very High,,0.054958417475517336
air fryer India,LG air fryer India Model 237,3117.0,,3.7,748.0,croma,,free delivery,,,LG,Low,,0.0,Average,Low,24.48933423901371,4.161548731642189,24.48933423901371,Very High,,0.23989737010904427
air fryer India,LG air fryer India Model 520,28421.0,,4.6,2786.0,reliance digital,,5 days,,,LG,High,,0.0,Excellent,Medium,36.490516726416956,10.197703623968424,36.490516726416956,Very High,,0.09802265850397579
air fryer India,Dell air fryer India Model 376,48528.0,,2.6,3673.0,flipkart,,free delivery,,,Dell,High,,0.0,Poor,High,21.343494291015183,13.208492106695699,21.343494291015183,Very High,,0.07568670279626614
microwave oven convection,Puma microwave oven convection Model 544,48582.0,,3.1,3036.0,flipkart,,5 days,,,Puma,High,,0.0,Average,High,24.857738941641824,15.996707276918011,24.857738941641824,Very High,,0.0624909947924171
office chair ergonomic,HP office chair ergonomic Model 112,31474.0,,3.0,4517.0,croma,,free delivery,,,HP,High,,0.0,Average,High,25.247474091083845,6.966356795042054,25.247474091083845,Very High,,0.14351072279586974
air fryer India,Nike air fryer India Model 635,23979.0,,3.8,384.0,amazon,,2 days,,,Nike,Medium,,0.0,Average,Low,22.62232467029358,62.28311688311688,22.62232467029358,Very High,,0.016013344453711425
office chair ergonomic,Philips office chair ergonomic Model 883,25061.0,,3.4,3442.0,amazon,,2 days,,,Philips,High,,0.0,Average,High,27.68993477535098,7.278826604705199,27.68993477535098,Very High,,0.13733939829223527
office chair ergonomic,Boat office chair ergonomic Model 505,17335.0,,4.9,2038.0,croma,,free delivery,,,Boat,Medium,,0.0,Excellent,Medium,37.33905237581483,8.501716527709661,37.33905237581483,Very High,,0.11755883710198431
office chair ergonomic,Nike office chair ergonomic Model 457,6006.0,,3.4,1498.0,flipkart,,free delivery,,,Nike,Low,,0.0,Average,Medium,24.86268189354883,4.006671114076051,24.86268189354883,Very High,,0.24937572831696353
air fryer India,Philips air fryer India Model 669,13652.0,,2.7,2243.0,amazon,,2 days,,,Philips,Medium,,0.0,Poor,Medium,20.833241219934987,6.0837789661319075,20.833241219934987,Very High,,0.16428623745696916
men running shoes,HP men running shoes Model 974,13155.0,,3.6,2057.0,flipkart,,2 days,,,HP,Medium,,0.0,Average,Medium,27.46616369901838,6.392128279883382,27.46616369901838,Very High,,0.15635451505016723
microwave oven convection,Sony microwave oven convection Model 861,14160.0,,5.0,1594.0,reliance digital,,free delivery,,,Sony,Medium,,0.0,Excellent,Medium,36.87314507609472,8.877742946708464,36.87314507609472,Very High,,0.1125626721276746
office chair ergonomic,Boat office chair ergonomic Model 534,49386.0,,4.1,916.0,croma,,free delivery,,,Boat,High,,0.0,Good,Low,27.9665406362515,53.85605234460196,27.9665406362515,Very High,,0.018547391013829552
power bank fast charging,Boat power bank fast charging Model 257,48691.0,,4.8,539.0,croma,,free delivery,,,Boat,High,,0.0,Excellent,Low,30.199531869879937,90.16851851851852,30.199531869879937,Very High,,0.011069580218516388
office chair ergonomic,Sony office chair ergonomic Model 116,39770.0,,4.2,617.0,reliance digital,,2 days,,,Sony,High,,0.0,Good,Low,26.9912515213223,64.35275080906149,26.9912515213223,Very High,,0.015513816600035202
air fryer India,Sony air fryer India Model 725,22083.0,,2.5,3667.0,flipkart,,5 days,,,Sony,Medium,,0.0,Poor,High,20.518504583440887,6.020447110141767,20.518504583440887,Very High,,0.16604781742437963
men running shoes,LG men running shoes Model 265,31009.0,,3.1,506.0,reliance digital,,2 days,,,LG,High,,0.0,Average,Low,19.308384111132668,61.16173570019724,19.308384111132668,Very High,,0.016317316994517897
microwave oven convection,Philips microwave oven convection Model 221,14840.0,,4.3,3858.0,flipkart,,free delivery,,,Philips,Medium,,0.0,Good,High,35.51010245461176,3.8455558434827677,35.51010245461176,Very High,,0.2599555286031939
men running shoes,LG men running shoes Model 272,5766.0,,3.2,973.0,reliance digital,,5 days,,,LG,Low,,0.0,Average,Low,22.020516171656112,5.919917864476386,22.020516171656112,Very High,,0.1687185711808566
microwave oven convection,Puma microwave oven convection Model 738,41951.0,,4.0,1460.0,flipkart,,free delivery,,,Puma,High,,0.0,Good,Medium,29.1475056470028,28.713894592744694,29.1475056470028,Very High,,0.03480167810831426
office chair ergonomic,HP office chair ergonomic Model 205,132290.0,,2.6,874.0,reliance digital,,free delivery,,,HP,Very High,,0.0,Poor,Low,17.6129821045298,151.18857142857144,17.6129821045298,Very High,,0.0066066474665699105
office chair ergonomic,Samsung office chair ergonomic Model 229,20104.0,,2.7,439.0,amazon,,2 days,,,Samsung,Medium,,0.0,Poor,Low,16.43429176266323,45.69090909090909,16.43429176266323,Very High,,0.021835364337229546
office chair ergonomic,Philips office chair ergonomic Model 798,25061.0,,3.6,1257.0,flipkart,,5 days,,,Philips,High,,0.0,Average,Medium,25.694202374137387,19.921303656597775,25.694202374137387,Very High,,0.05015561407708882
power bank fast charging,Nike power bank fast charging Model 172,25092.0,,3.0,263.0,croma,,2 days,,,Nike,High,,0.0,Average,Low,16.72784730943895,95.04545454545455,16.72784730943895,Very High,,0.010481010640417647
microwave oven convection,Boat microwave oven convection Model 156,220130.0,,4.8,4501.0,croma,,2 days,,,Boat,Very High,,0.0,Excellent,High,40.37892970304005,48.89604620168814,40.37892970304005,Very High,,0.020446915700196702
air fryer India,Dell air fryer India Model 363,25061.0,,4.0,641.0,flipkart,,2 days,,,Dell,High,,0.0,Good,Low,25.858353214759845,39.03582554517134,25.858353214759845,Very High,,0.02557657010613678
air fryer India,Philips air fryer India Model 269,25061.0,,3.6,0.0,flipkart,,5 days,,,Philips,High,,0.0,Average,No Reviews,0.0,25061.0,0.0,Very High,,0.0
air fryer India,Dell air fryer India Model 243,184400.0,,2.6,3171.0,amazon,,free delivery,,,Dell,Very High,,0.0,Poor,High,20.961505715162325,58.13366960907945,20.961505715162325,Very High,,0.017196219109440837
microwave oven convection,Boat microwave oven convection Model 458,31490.0,,3.1,1093.0,amazon,,5 days,,,Boat,High,,0.0,Average,Medium,21.692547547243972,28.784277879341865,21.692547547243972,Very High,,0.03470832936394525
power bank fast charging,Dell power bank fast charging Model 484,40635.0,,3.0,1454.0,croma,,2 days,,,Dell,High,,0.0,Average,Medium,21.84828353881678,27.927835051546392,21.84828353881678,Very High,,0.03578108081504085
office chair ergonomic,Philips office chair ergonomic Model 808,28743.0,,5.0,3347.0,amazon,,2 days,,,Philips,High,,0.0,Excellent,High,40.58059215804683,8.585125448028673,40.58059215804683,Very High,,0.1164416921792374
air fryer India,HP air fryer India Model 947,26570.0,,4.9,0.0,croma,,2 days,,,HP,High,,0.0,Excellent,No Reviews,0.0,26570.0,0.0,Very High,,0.0
men running shoes,Samsung men running shoes Model 785,25061.0,,3.1,4026.0,reliance digital,,5 days,,,Samsung,High,,0.0,Average,High,25.73240857863951,6.223243109014154,25.73240857863951,Very High,,0.16064160881015083
power bank fast charging,Philips power bank fast charging Model 136,11469.0,,3.4,2456.0,reliance digital,,free delivery,,,Philips,Medium,,0.0,Average,Medium,26.542767666572008,4.667887667887668,26.542767666572008,Very High,,0.21412380122057542
microwave oven convection,Sony microwave oven convection Model 852,47730.0,,4.5,3005.0,croma,,2 days,,,Sony,High,,0.0,Excellent,High,36.03764506640814,15.878243512974052,36.03764506640814,Very High,,0.0629569881209277
power bank fast charging,Boat power bank fast charging Model 295,171520.0,,3.9,0.0,flipkart,,free delivery,,,Boat,Very High,,0.0,Average,No Reviews,0.0,171520.0,0.0,Very High,,0.0
air fryer India,Nike air fryer India Model 162,489880.0,,4.1,4559.0,flipkart,,5 days,,,Nike,Very High,,0.0,Good,High,34.54281940028457,107.4298245614035,34.54281940028457,Very High,,0.009306341744219515
men running shoes,HP men running shoes Model 129,25061.0,,4.5,3287.0,flipkart,,5 days,,,HP,High,,0.0,Excellent,High,36.44115640279232,7.621958637469587,36.44115640279232,Very High,,0.13115473625408985
office chair ergonomic,HP office chair ergonomic Model 603,25061.0,,3.7,3241.0,croma,,2 days,,,HP,High,,0.0,Average,High,29.910599098493797,7.730104873534855,29.910599098493797,Very High,,0.12931928816534993
power bank fast charging,Boat power bank fast charging Model 237,25061.0,,4.1,4794.0,reliance digital,,free delivery,,,Boat,High,,0.0,Good,High,34.748848848001906,5.226485922836288,34.748848848001906,Very High,,0.1912856116830261
office chair ergonomic,Sony office chair ergonomic Model 116,397700.0,,4.2,617.0,reliance digital,,2 days,,,Sony,Very High,,0.0,Good,Low,26.9912515213223,643.5275080906149,26.9912515213223,Very High,,0.001551416767873352
office chair ergonomic,Samsung office chair ergonomic Model 472,9857.0,,3.8,3938.0,amazon,,2 days,,,Samsung,Low,,0.0,Average,High,31.458992219289442,2.5024117796395022,31.458992219289442,Very High,,0.39947250963684316
power bank fast charging,Sony power bank fast charging Model 327,25061.0,,4.6,251.0,croma,,5 days,,,Sony,High,,0.0,Excellent,Low,25.435373802552544,99.4484126984127,25.435373802552544,Very High,,0.010015162397254808
office chair ergonomic,Philips office chair ergonomic Model 733,2022.0,,3.7,4021.0,flipkart,,2 days,,,Philips,Low,,0.0,Average,High,30.70827791023061,0.5027349577324715,30.70827791023061,High,,1.9876421156697974
men running shoes,Sony men running shoes Model 584,25061.0,,4.1,0.0,croma,,5 days,,,Sony,High,,0.0,Good,No Reviews,0.0,25061.0,0.0,Very High,,0.0
office chair ergonomic,Puma office chair ergonomic Model 306,23833.0,,2.6,293.0,flipkart,,5 days,,,Puma,Medium,,0.0,Poor,Low,14.777307395080571,81.06462585034014,14.777307395080571,Very High,,0.012293362423428716
microwave oven convection,Dell microwave oven convection Model 367,323170.0,,3.6,434.0,amazon,,free delivery,,,Dell,Very High,,0.0,Average,Low,21.871245711919265,742.919540229885,21.871245711919265,Very High,,0.0013429422813309362
microwave oven convection,Puma microwave oven convection Model 195,128720.0,,4.4,629.0,amazon,,5 days,,,Puma,Very High,,0.0,Good,Low,28.361167205296546,204.31746031746033,28.361167205296546,Very High,,0.004886537550205483
office chair ergonomic,Philips office chair ergonomic Model 414,12081.0,,3.2,0.0,amazon,,free delivery,,,Philips,Medium,,0.0,Average,No Reviews,0.0,12081.0,0.0,Very High,,0.0
power bank fast charging,Philips power bank fast charging Model 642,25061.0,,4.6,2579.0,reliance digital,,2 days,,,Philips,High,,0.0,Excellent,Medium,36.135505518412046,9.713565891472868,36.135505518412046,Very High,,0.10290479610565796
men running shoes,Nike men running shoes Model 359,25061.0,,3.9,4643.0,amazon,,free delivery,,,Nike,High,,0.0,Average,High,32.92899223698935,5.396425495262704,32.92899223698935,Very High,,0.18526055382651024
office chair ergonomic,Philips office chair ergonomic Model 666,25061.0,,5.0,1871.0,reliance digital,,2 days,,,Philips,High,,0.0,Excellent,Medium,37.673813285187684,13.387286324786325,37.673813285187684,Very High,,0.07465485595722608
office chair ergonomic,LG office chair ergonomic Model 829,48662.0,,4.2,0.0,amazon,,2 days,,,LG,High,,0.0,Good,No Reviews,0.0,48662.0,0.0,Very High,,0.0
air fryer India,LG air fryer India Model 363,10393.0,,3.5,0.0,croma,,2 days,,,LG,Medium,,0.0,Average,No Reviews,0.0,10393.0,0.0,Very High,,0.0
microwave oven convection,Philips microwave oven convection Model 322,25061.0,,4.2,3643.0,croma,,free delivery,,,Philips,High,,0.0,Good,High,34.44351648519537,6.877332601536772,34.44351648519537,Very High,,0.14535950841912057
